catchment_id Year Mnth Day Hr dayl(s) prcp(mm/day) srad(W/m2) swe(mm) tmax(C) tmin(C) vp(Pa) pet(mm/day)
01013500 2011 8 1 12 43200 10.770 220.060 0 25.675 12.634 1768.647 1.174
01013500 2011 8 2 12 43200 36.576 250.805 0 19.895 13.878 1865.390 0.747
01013500 2011 8 3 12 43200 6.216 224.100 0 25.444 13.082 1790.791 1.146
01013500 2011 8 4 12 43200 17.100 220.912 0 22.153 15.858 2010.134 0.812
01013500 2011 8 5 12 43200 18.794 180.063 0 22.930 14.428 2002.593 0.935
01013500 2011 8 6 12 43200 1.181 305.918 0 25.229 15.892 1713.887 1.032
01013500 2011 8 7 12 43200 0.021 257.478 0 25.119 11.587 1441.778 1.169
01013500 2011 8 8 12 43200 31.407 177.914 0 22.104 16.079 1867.336 0.796
01013500 2011 8 9 12 43200 -0.000 318.830 0 21.222 10.441 1161.665 0.968
01013500 2011 8 10 12 43200 0.000 281.502 0 21.257 9.906 1158.656 0.986
01022500 2011 8 1 12 43200 0.361 307.385 0 26.642 14.278 1722.299 1.386
01022500 2011 8 2 12 43200 24.704 236.989 0 26.722 15.485 1964.449 1.345
01022500 2011 8 3 12 43200 10.188 273.355 0 25.726 13.204 1810.678 1.358
01022500 2011 8 4 12 43200 12.038 272.079 0 24.006 14.954 1950.607 1.155
01022500 2011 8 5 12 43200 4.266 302.479 0 26.568 14.370 1862.673 1.378
01022500 2011 8 6 12 43200 43.515 203.137 0 27.093 16.880 2210.048 1.312
01022500 2011 8 7 12 43200 0.313 277.076 0 26.251 14.420 1721.960 1.352
01022500 2011 8 8 12 43200 8.614 142.472 0 25.167 17.659 2272.994 1.108
01022500 2011 8 9 12 43200 -0.000 323.772 0 25.888 12.627 1399.443 1.389
01022500 2011 8 10 12 43200 0.000 269.030 0 23.753 13.053 1260.572 1.218
01030500 2011 8 1 12 43200 10.921 290.403 0 29.025 13.100 1642.426 1.520
01030500 2011 8 2 12 43200 41.633 195.435 0 21.867 15.552 1954.261 0.897
01030500 2011 8 3 12 43200 2.967 240.479 0 25.002 12.094 1692.561 1.277
01030500 2011 8 4 12 43200 20.362 214.364 0 22.595 16.116 2088.876 0.925
01030500 2011 8 5 12 43200 16.545 221.548 0 25.695 14.792 2061.062 1.230
01030500 2011 8 6 12 43200 13.467 279.840 0 26.231 17.776 2112.048 1.135
01030500 2011 8 7 12 43200 0.177 222.997 0 26.989 12.749 1568.517 1.391
01030500 2011 8 8 12 43200 17.887 145.207 0 23.706 16.638 2040.636 0.989
01030500 2011 8 9 12 43200 0.000 321.536 0 24.136 11.168 1257.087 1.247
01030500 2011 8 10 12 43200 0.000 268.740 0 22.474 12.129 1231.064 1.102
01052500 2011 8 1 12 43200 11.569 238.790 0 26.068 12.735 1643.414 1.378
01052500 2011 8 2 12 43200 8.458 306.552 0 20.851 12.789 1576.014 0.994
01052500 2011 8 3 12 43200 0.183 266.816 0 21.651 9.861 1408.008 1.164
01052500 2011 8 4 12 43200 3.841 254.777 0 24.062 11.755 1629.590 1.269
01052500 2011 8 5 12 43200 5.872 277.273 0 28.333 13.353 1710.876 1.519
01052500 2011 8 6 12 43200 8.384 258.943 0 24.110 15.788 1875.541 1.105
01052500 2011 8 7 12 43200 4.094 251.036 0 26.573 12.388 1725.952 1.424
01052500 2011 8 8 12 43200 8.500 136.903 0 18.535 15.038 1801.760 0.654
01052500 2011 8 9 12 43200 0.024 323.090 0 21.586 8.372 1187.524 1.203
01052500 2011 8 10 12 43200 0.000 267.655 0 22.788 11.483 1252.084 1.189
01054200 2011 8 1 12 43200 6.363 236.701 0 28.709 14.955 1628.475 1.535
01054200 2011 8 2 12 43200 7.223 321.732 0 24.707 14.231 1631.471 1.257
01054200 2011 8 3 12 43200 0.005 278.260 0 24.699 11.698 1442.772 1.351
01054200 2011 8 4 12 43200 0.615 235.947 0 26.032 14.103 1687.656 1.364
01054200 2011 8 5 12 43200 1.579 255.814 0 28.680 15.298 1832.712 1.520
01054200 2011 8 6 12 43200 4.275 298.604 0 28.780 17.151 2025.383 1.454
01054200 2011 8 7 12 43200 3.357 285.665 0 24.266 15.782 1992.657 1.149
01054200 2011 8 8 12 43200 6.410 269.536 0 25.515 16.406 1994.487 1.221
01054200 2011 8 9 12 43200 -0.000 329.428 0 24.703 10.685 1208.274 1.383
01054200 2011 8 10 12 43200 0.000 251.977 0 25.413 13.383 1302.957 1.344
01055000 2011 8 1 12 43200 11.394 214.675 0 27.250 13.676 1585.552 1.450
01055000 2011 8 2 12 43200 14.282 324.910 0 21.644 13.713 1713.190 1.025
01055000 2011 8 3 12 43200 0.291 239.326 0 21.878 10.609 1454.171 1.171
01055000 2011 8 4 12 43200 0.346 219.627 0 26.294 13.084 1645.961 1.401
01055000 2011 8 5 12 43200 2.816 264.029 0 27.820 14.268 1790.782 1.472
01055000 2011 8 6 12 43200 9.686 291.083 0 26.640 16.459 1974.068 1.293
01055000 2011 8 7 12 43200 1.987 266.502 0 25.068 13.589 1772.085 1.293
01055000 2011 8 8 12 43200 5.546 279.477 0 24.820 16.594 1927.413 1.136
01055000 2011 8 9 12 43200 0.000 326.932 0 24.494 9.472 1188.320 1.382
01055000 2011 8 10 12 43200 0.000 269.877 0 24.173 12.645 1255.753 1.262
01057000 2011 8 1 12 43200 7.338 261.836 0 30.552 14.721 1669.109 1.690
01057000 2011 8 2 12 43200 12.106 285.345 0 27.708 14.979 1684.515 1.465
01057000 2011 8 3 12 43200 0.054 271.870 0 26.477 12.340 1505.865 1.465
01057000 2011 8 4 12 43200 0.739 232.094 0 27.887 14.920 1799.292 1.481
01057000 2011 8 5 12 43200 2.741 259.769 0 29.730 15.542 1940.337 1.600
01057000 2011 8 6 12 43200 5.052 267.027 0 30.131 17.227 2139.608 1.566
01057000 2011 8 7 12 43200 4.108 256.470 0 25.167 15.835 2049.102 1.226
01057000 2011 8 8 12 43200 14.921 250.518 0 27.290 18.814 2083.001 1.250
01057000 2011 8 9 12 43200 0.000 327.030 0 26.427 11.609 1267.112 1.483
01057000 2011 8 10 12 43200 0.000 257.130 0 25.385 14.015 1339.643 1.324
01073000 2011 8 1 12 43200 0.100 265.812 0 31.550 16.852 1868.907 1.801
01073000 2011 8 2 12 43200 2.409 221.694 0 30.250 16.197 1867.587 1.719
01073000 2011 8 3 12 43200 0.000 309.789 0 29.160 14.192 1594.089 1.704
01073000 2011 8 4 12 43200 0.101 179.391 0 29.148 16.553 1820.106 1.612
01073000 2011 8 5 12 43200 -0.000 261.440 0 29.968 16.252 1935.234 1.693
01073000 2011 8 6 12 43200 0.301 225.782 0 34.798 18.677 2228.975 2.005
01073000 2011 8 7 12 43200 2.356 282.769 0 27.136 18.710 2294.017 1.321
01073000 2011 8 8 12 43200 5.313 315.999 0 31.652 19.452 2166.297 1.696
01073000 2011 8 9 12 43200 0.000 328.124 0 28.651 12.802 1351.406 1.710
01073000 2011 8 10 12 43200 0.000 224.014 0 27.279 15.027 1371.229 1.521
01078000 2011 8 1 12 43200 0.007 266.423 0 31.658 15.258 1775.367 1.827
01078000 2011 8 2 12 43200 5.509 267.013 0 25.644 14.566 1778.331 1.375
01078000 2011 8 3 12 43200 -0.000 327.828 0 27.049 12.262 1481.408 1.569
01078000 2011 8 4 12 43200 0.344 191.744 0 29.340 16.563 1726.974 1.592
01078000 2011 8 5 12 43200 0.678 258.381 0 31.026 15.591 1939.935 1.766
01078000 2011 8 6 12 43200 0.458 267.538 0 30.213 17.544 2135.763 1.623
01078000 2011 8 7 12 43200 4.426 301.940 0 29.011 18.083 2191.181 1.495
01078000 2011 8 8 12 43200 1.309 282.278 0 27.052 18.162 1972.601 1.317
01078000 2011 8 9 12 43200 0.000 328.441 0 25.614 10.893 1250.140 1.505
01078000 2011 8 10 12 43200 0.000 237.453 0 27.415 12.219 1363.871 1.598
01118300 2011 8 1 12 43200 0.180 313.500 0 31.250 19.802 2115.258 1.785
01118300 2011 8 2 12 43200 0.000 210.125 0 30.150 19.595 1817.505 1.687
01118300 2011 8 3 12 43200 0.000 330.250 0 30.160 17.992 1688.289 1.776
01118300 2011 8 4 12 43200 16.200 290.125 0 25.773 20.155 2423.194 1.173
01118300 2011 8 5 12 43200 0.000 293.250 0 29.268 18.850 2193.498 1.643
01118300 2011 8 6 12 43200 1.100 287.125 0 30.697 20.505 2493.404 1.687
01118300 2011 8 7 12 43200 3.210 311.750 0 29.333 21.108 2515.009 1.502
01118300 2011 8 8 12 43200 7.100 294.875 0 30.350 21.762 2550.949 1.565
01118300 2011 8 9 12 43200 0.000 327.375 0 29.250 16.399 1507.001 1.768
01118300 2011 8 10 12 43200 0.000 194.500 0 24.521 15.826 1503.026 1.356
01121000 2011 8 1 12 43200 0.989 299.839 0 33.655 17.930 1933.834 2.068
01121000 2011 8 2 12 43200 0.070 210.776 0 30.318 17.847 1737.409 1.766
01121000 2011 8 3 12 43200 0.131 331.936 0 31.196 15.911 1540.222 1.930
01121000 2011 8 4 12 43200 5.190 210.786 0 31.205 18.539 2188.804 1.815
01121000 2011 8 5 12 43200 1.963 231.335 0 30.617 17.490 2178.200 1.811
01121000 2011 8 6 12 43200 1.358 242.184 0 33.159 19.396 2357.502 1.957
01121000 2011 8 7 12 43200 4.377 301.815 0 30.555 19.743 2337.314 1.688
01121000 2011 8 8 12 43200 1.252 297.900 0 31.511 20.667 2226.728 1.729
01121000 2011 8 9 12 43200 -0.000 327.203 0 29.795 13.651 1349.409 1.892
01121000 2011 8 10 12 43200 0.000 196.693 0 25.921 14.059 1431.063 1.548
01123000 2011 8 1 12 43200 0.670 298.000 0 33.850 18.450 1977.732 2.081
01123000 2011 8 2 12 43200 0.200 206.750 0 30.550 18.395 1736.052 1.776
01123000 2011 8 3 12 43200 0.000 331.000 0 31.293 16.392 1567.523 1.935
01123000 2011 8 4 12 43200 9.900 206.125 0 29.950 19.055 2313.869 1.682
01123000 2011 8 5 12 43200 0.600 258.625 0 30.768 17.750 2147.461 1.828
01123000 2011 8 6 12 43200 1.200 262.375 0 32.597 19.545 2399.657 1.912
01123000 2011 8 7 12 43200 7.230 310.875 0 31.550 20.008 2410.800 1.786
01123000 2011 8 8 12 43200 4.500 288.875 0 30.650 20.962 2374.801 1.637
01123000 2011 8 9 12 43200 0.000 327.750 0 30.172 14.299 1385.805 1.918
01123000 2011 8 10 12 43200 0.000 193.500 0 24.721 14.826 1456.673 1.417
01134500 2011 8 1 12 43200 2.595 242.508 0 28.124 13.581 1660.805 1.528
01134500 2011 8 2 12 43200 16.596 320.457 0 22.068 13.333 1756.276 1.084
01134500 2011 8 3 12 43200 0.255 281.647 0 24.293 10.695 1461.112 1.345
01134500 2011 8 4 12 43200 0.226 240.771 0 25.609 13.704 1684.895 1.338
01134500 2011 8 5 12 43200 1.017 262.678 0 27.932 14.321 1783.204 1.489
01134500 2011 8 6 12 43200 8.048 273.272 0 26.035 16.803 2017.078 1.236
01134500 2011 8 7 12 43200 4.755 286.080 0 27.924 14.765 1949.197 1.473
01134500 2011 8 8 12 43200 2.293 189.233 0 22.155 15.943 1812.752 0.950
01134500 2011 8 9 12 43200 -0.000 322.519 0 23.036 9.563 1216.361 1.292
01134500 2011 8 10 12 43200 0.000 255.392 0 24.552 11.123 1329.608 1.350
01137500 2011 8 1 12 43200 7.168 241.570 0 28.167 14.407 1598.816 1.524
01137500 2011 8 2 12 43200 17.415 321.262 0 21.407 13.438 1670.456 1.041
01137500 2011 8 3 12 43200 0.086 269.686 0 22.680 10.749 1400.437 1.247
01137500 2011 8 4 12 43200 0.612 234.730 0 24.659 13.747 1607.847 1.282
01137500 2011 8 5 12 43200 0.156 279.645 0 27.806 14.506 1712.410 1.493
01137500 2011 8 6 12 43200 6.594 310.930 0 26.056 16.852 2002.597 1.252
01137500 2011 8 7 12 43200 4.292 301.296 0 25.876 15.951 1950.186 1.281
01137500 2011 8 8 12 43200 5.684 227.841 0 23.107 14.994 1896.528 1.101
01137500 2011 8 9 12 43200 -0.000 328.034 0 22.608 9.571 1182.155 1.280
01137500 2011 8 10 12 43200 0.000 253.516 0 24.354 11.834 1274.003 1.331
01139000 2011 8 1 12 43200 0.946 257.881 0 29.838 14.162 1720.679 1.668
01139000 2011 8 2 12 43200 12.840 295.533 0 22.292 14.577 1827.701 1.062
01139000 2011 8 3 12 43200 0.088 313.235 0 26.023 11.555 1492.272 1.469
01139000 2011 8 4 12 43200 0.176 227.361 0 26.508 15.309 1745.640 1.370
01139000 2011 8 5 12 43200 0.200 255.696 0 28.712 14.638 1850.528 1.567
01139000 2011 8 6 12 43200 7.321 305.882 0 28.100 16.789 2097.013 1.433
01139000 2011 8 7 12 43200 1.568 287.771 0 29.477 16.075 2014.678 1.573
01139000 2011 8 8 12 43200 1.873 215.732 0 23.811 16.162 1841.920 1.104
01139000 2011 8 9 12 43200 -0.000 319.150 0 24.126 10.363 1235.244 1.370
01139000 2011 8 10 12 43200 0.000 261.518 0 25.182 11.726 1348.315 1.403
01139800 2011 8 1 12 43200 0.506 270.060 0 29.996 14.642 1757.206 1.670
01139800 2011 8 2 12 43200 13.942 290.473 0 21.970 14.740 1860.986 1.029
01139800 2011 8 3 12 43200 0.001 324.989 0 26.060 11.850 1470.925 1.467
01139800 2011 8 4 12 43200 1.429 182.729 0 27.415 15.919 1772.591 1.420
01139800 2011 8 5 12 43200 0.497 267.074 0 29.438 14.788 1870.116 1.622
01139800 2011 8 6 12 43200 4.823 301.808 0 29.012 16.893 2120.892 1.508
01139800 2011 8 7 12 43200 1.873 308.804 0 29.352 17.147 2070.224 1.525
01139800 2011 8 8 12 43200 1.860 270.161 0 23.952 16.016 1891.689 1.128
01139800 2011 8 9 12 43200 -0.000 320.867 0 24.490 10.538 1237.347 1.395
01139800 2011 8 10 12 43200 0.000 249.205 0 25.363 11.844 1358.525 1.417
01142500 2011 8 1 12 43200 0.012 289.813 0 28.793 15.419 1784.199 1.563
01142500 2011 8 2 12 43200 12.800 303.469 0 21.584 14.989 1848.234 0.989
01142500 2011 8 3 12 43200 0.000 325.140 0 25.591 11.604 1468.559 1.453
01142500 2011 8 4 12 43200 1.406 205.398 0 27.362 15.756 1798.408 1.435
01142500 2011 8 5 12 43200 0.688 271.961 0 28.725 15.038 1857.859 1.572
01142500 2011 8 6 12 43200 4.500 273.445 0 28.428 17.358 2138.798 1.451
01142500 2011 8 7 12 43200 1.437 313.465 0 29.045 16.908 2076.913 1.523
01142500 2011 8 8 12 43200 1.894 260.962 0 22.805 15.462 1860.993 1.069
01142500 2011 8 9 12 43200 0.000 318.600 0 23.499 10.412 1250.497 1.340
01142500 2011 8 10 12 43200 0.000 239.275 0 25.275 12.301 1364.329 1.407
01144000 2011 8 1 12 43200 0.226 291.938 0 29.092 15.403 1796.874 1.606
01144000 2011 8 2 12 43200 11.225 305.677 0 22.704 15.075 1833.971 1.095
01144000 2011 8 3 12 43200 0.000 326.218 0 25.893 11.735 1467.033 1.488
01144000 2011 8 4 12 43200 1.075 189.393 0 27.813 16.193 1787.364 1.470
01144000 2011 8 5 12 43200 0.449 268.564 0 28.593 14.944 1870.495 1.584
01144000 2011 8 6 12 43200 3.804 283.404 0 29.002 17.456 2134.692 1.513
01144000 2011 8 7 12 43200 2.872 312.636 0 29.252 16.996 2116.725 1.554
01144000 2011 8 8 12 43200 1.419 279.461 0 23.742 15.890 1873.452 1.140
01144000 2011 8 9 12 43200 0.000 320.955 0 24.014 10.513 1244.433 1.390
01144000 2011 8 10 12 43200 0.000 242.892 0 25.856 11.981 1362.409 1.478
01162500 2011 8 1 12 43200 0.000 298.208 0 32.550 16.376 1742.354 1.948
01162500 2011 8 2 12 43200 1.133 207.567 0 29.943 16.131 1714.188 1.737
01162500 2011 8 3 12 43200 0.090 330.944 0 28.847 14.001 1493.619 1.727
01162500 2011 8 4 12 43200 3.266 238.088 0 28.853 16.842 1885.532 1.612
01162500 2011 8 5 12 43200 4.460 256.721 0 29.494 16.640 2123.666 1.677
01162500 2011 8 6 12 43200 0.000 272.328 0 33.152 17.812 2062.762 1.945
01162500 2011 8 7 12 43200 11.084 277.288 0 30.599 18.854 2364.743 1.671
01162500 2011 8 8 12 43200 1.090 301.999 0 29.612 19.808 2058.668 1.526
01162500 2011 8 9 12 43200 0.000 330.169 0 27.476 11.835 1239.251 1.690
01162500 2011 8 10 12 43200 0.000 233.782 0 26.456 13.407 1282.896 1.555
01169000 2011 8 1 12 43200 0.005 316.384 0 30.244 16.449 1757.341 1.753
01169000 2011 8 2 12 43200 0.904 304.021 0 29.747 15.894 1660.149 1.734
01169000 2011 8 3 12 43200 0.000 331.626 0 28.188 13.690 1469.203 1.688
01169000 2011 8 4 12 43200 0.500 202.907 0 27.149 16.351 1720.161 1.489
01169000 2011 8 5 12 43200 5.102 310.207 0 27.962 16.650 2130.059 1.546
01169000 2011 8 6 12 43200 0.000 302.868 0 32.192 17.477 2021.749 1.879
01169000 2011 8 7 12 43200 0.201 266.222 0 30.649 18.008 2097.723 1.720
01169000 2011 8 8 12 43200 0.000 301.970 0 26.145 19.462 1987.236 1.204
01169000 2011 8 9 12 43200 0.000 331.249 0 26.569 11.998 1229.921 1.618
01169000 2011 8 10 12 43200 0.000 219.490 0 24.780 12.626 1277.315 1.454
01170100 2011 8 1 12 43200 0.000 316.375 0 30.250 16.450 1757.174 1.748
01170100 2011 8 2 12 43200 0.900 304.000 0 29.750 15.895 1660.062 1.728
01170100 2011 8 3 12 43200 0.000 331.625 0 28.193 13.692 1469.158 1.683
01170100 2011 8 4 12 43200 0.500 202.875 0 27.150 16.352 1720.193 1.484
01170100 2011 8 5 12 43200 5.100 310.250 0 27.968 16.650 2129.978 1.542
01170100 2011 8 6 12 43200 0.000 302.875 0 32.197 17.477 2021.691 1.873
01170100 2011 8 7 12 43200 0.200 266.125 0 30.650 18.008 2097.824 1.715
01170100 2011 8 8 12 43200 -0.000 302.000 0 26.150 19.462 1987.269 1.200
01170100 2011 8 9 12 43200 0.000 331.250 0 26.572 11.999 1229.868 1.613
01170100 2011 8 10 12 43200 0.000 219.500 0 24.782 12.626 1277.330 1.449
01181000 2011 8 1 12 43200 0.260 326.026 0 29.548 16.381 1816.401 1.731
01181000 2011 8 2 12 43200 0.032 316.745 0 29.535 16.302 1703.729 1.733
01181000 2011 8 3 12 43200 0.015 332.116 0 27.250 14.557 1547.353 1.610
01181000 2011 8 4 12 43200 0.388 230.731 0 28.334 17.621 1742.989 1.562
01181000 2011 8 5 12 43200 12.394 288.860 0 27.617 17.332 2282.921 1.511
01181000 2011 8 6 12 43200 0.736 301.715 0 31.818 18.218 2092.966 1.851
01181000 2011 8 7 12 43200 2.736 300.712 0 29.367 18.680 2213.505 1.602
01181000 2011 8 8 12 43200 0.028 305.912 0 25.922 19.906 2061.944 1.169
01181000 2011 8 9 12 43200 0.000 328.911 0 26.976 12.498 1301.073 1.666
01181000 2011 8 10 12 43200 0.000 198.117 0 24.041 13.282 1302.416 1.394
01187300 2011 8 1 12 43200 1.714 323.139 0 30.945 17.645 1881.892 1.817
01187300 2011 8 2 12 43200 0.000 317.618 0 30.746 17.590 1697.213 1.801
01187300 2011 8 3 12 43200 0.000 331.626 0 28.389 16.285 1560.510 1.649
01187300 2011 8 4 12 43200 0.599 245.688 0 31.538 18.954 1797.312 1.809
01187300 2011 8 5 12 43200 9.910 270.935 0 30.663 18.246 2267.706 1.762
01187300 2011 8 6 12 43200 0.899 287.556 0 32.595 19.273 2164.236 1.892
01187300 2011 8 7 12 43200 3.207 300.373 0 30.645 20.003 2297.173 1.666
01187300 2011 8 8 12 43200 0.598 314.593 0 28.740 20.859 2141.249 1.416
01187300 2011 8 9 12 43200 0.000 327.879 0 28.268 13.695 1312.668 1.746
01187300 2011 8 10 12 43200 0.000 193.266 0 24.917 14.422 1316.620 1.430
01333000 2011 8 1 12 43200 3.504 323.236 0 27.619 15.850 1917.901 1.548
01333000 2011 8 2 12 43200 2.404 318.727 0 28.128 15.333 1771.211 1.614
01333000 2011 8 3 12 43200 0.324 331.145 0 25.695 13.043 1557.320 1.506
01333000 2011 8 4 12 43200 0.438 242.034 0 26.490 16.541 1763.977 1.415
01333000 2011 8 5 12 43200 8.396 306.983 0 28.866 17.063 2236.925 1.601
01333000 2011 8 6 12 43200 0.729 298.756 0 29.813 17.715 2129.499 1.653
01333000 2011 8 7 12 43200 2.055 310.480 0 29.801 18.446 2186.038 1.616
01333000 2011 8 8 12 43200 0.362 283.426 0 23.363 18.528 2000.419 0.972
01333000 2011 8 9 12 43200 0.000 328.936 0 24.588 10.675 1315.088 1.503
01333000 2011 8 10 12 43200 0.000 209.666 0 24.493 13.002 1342.761 1.410
01350080 2011 8 1 12 43200 4.684 325.189 0 28.132 16.038 1971.130 1.610
01350080 2011 8 2 12 43200 0.003 313.572 0 28.004 15.346 1719.433 1.630
01350080 2011 8 3 12 43200 0.003 330.441 0 26.687 14.261 1615.406 1.564
01350080 2011 8 4 12 43200 0.524 290.405 0 27.730 16.944 1886.348 1.531
01350080 2011 8 5 12 43200 13.956 302.632 0 26.094 18.769 2313.380 1.265
01350080 2011 8 6 12 43200 0.732 297.487 0 31.004 18.228 2154.350 1.765
01350080 2011 8 7 12 43200 2.146 266.096 0 28.917 17.847 2182.931 1.593
01350080 2011 8 8 12 43200 0.287 232.189 0 21.584 17.559 1889.141 0.868
01350080 2011 8 9 12 43200 0.000 317.541 0 23.848 10.996 1285.719 1.460
01350080 2011 8 10 12 43200 0.003 216.536 0 22.805 11.359 1392.089 1.364
01350140 2011 8 1 12 43200 5.000 327.250 0 26.583 15.750 1996.853 1.484
01350140 2011 8 2 12 43200 0.000 325.625 0 27.450 14.795 1715.566 1.602
01350140 2011 8 3 12 43200 0.000 328.750 0 26.060 13.792 1607.055 1.527
01350140 2011 8 4 12 43200 1.400 291.750 0 27.250 16.258 1893.388 1.518
01350140 2011 8 5 12 43200 12.100 294.375 0 26.275 18.242 2288.609 1.315
01350140 2011 8 6 12 43200 1.200 298.875 0 29.697 17.877 2122.306 1.659
01350140 2011 8 7 12 43200 1.170 255.250 0 30.150 17.408 2105.019 1.722
01350140 2011 8 8 12 43200 0.400 215.375 0 20.650 16.950 1857.588 0.813
01350140 2011 8 9 12 43200 0.000 314.000 0 23.350 10.299 1307.325 1.441
01350140 2011 8 10 12 43200 0.000 215.500 0 22.982 11.126 1364.184 1.383
01365000 2011 8 1 12 43200 11.831 324.136 0 27.135 15.845 1957.151 1.571
01365000 2011 8 2 12 43200 -0.000 293.390 0 28.400 15.196 1698.051 1.713
01365000 2011 8 3 12 43200 0.084 313.058 0 28.172 14.287 1572.984 1.730
01365000 2011 8 4 12 43200 0.521 247.886 0 27.508 17.406 1870.396 1.524
01365000 2011 8 5 12 43200 9.905 300.627 0 26.584 17.419 2245.696 1.435
01365000 2011 8 6 12 43200 0.000 297.493 0 32.362 17.998 2088.671 1.945
01365000 2011 8 7 12 43200 3.790 315.319 0 29.079 18.208 2201.848 1.629
01365000 2011 8 8 12 43200 0.163 270.872 0 24.155 17.239 1933.022 1.204
01365000 2011 8 9 12 43200 0.000 324.150 0 25.531 10.296 1266.924 1.653
01365000 2011 8 10 12 43200 0.086 204.535 0 22.553 13.423 1351.014 1.283
01411300 2011 8 1 12 43200 2.097 294.538 0 31.949 22.094 2213.868 1.894
01411300 2011 8 2 12 43200 1.015 297.435 0 33.302 22.682 2156.858 2.010
01411300 2011 8 3 12 43200 0.403 263.501 0 31.304 22.701 1826.279 1.769
01411300 2011 8 4 12 43200 13.346 240.259 0 29.354 21.207 2641.610 1.652
01411300 2011 8 5 12 43200 0.119 294.165 0 30.086 21.897 2559.356 1.685
01411300 2011 8 6 12 43200 9.185 308.377 0 30.998 23.185 2825.137 1.689
01411300 2011 8 7 12 43200 3.039 301.353 0 31.855 24.051 2785.621 1.722
01411300 2011 8 8 12 43200 -0.000 311.650 0 35.275 24.159 2519.298 2.138
01411300 2011 8 9 12 43200 0.000 327.042 0 30.632 19.702 1690.808 1.908
01411300 2011 8 10 12 43200 0.000 226.036 0 26.462 20.152 1891.375 1.385
01413500 2011 8 1 12 43200 6.167 327.284 0 26.333 15.464 1921.332 1.497
01413500 2011 8 2 12 43200 0.187 303.011 0 27.194 14.605 1685.428 1.611
01413500 2011 8 3 12 43200 0.121 323.339 0 26.586 13.629 1558.645 1.600
01413500 2011 8 4 12 43200 1.730 250.176 0 26.811 16.116 1879.575 1.507
01413500 2011 8 5 12 43200 12.267 298.619 0 25.792 17.798 2260.419 1.315
01413500 2011 8 6 12 43200 0.042 303.234 0 30.691 17.508 2032.251 1.790
01413500 2011 8 7 12 43200 2.871 294.806 0 28.147 17.346 2109.689 1.566
01413500 2011 8 8 12 43200 0.418 230.424 0 21.710 16.291 1867.696 1.003
01413500 2011 8 9 12 43200 -0.000 321.774 0 23.894 9.947 1270.279 1.515
01413500 2011 8 10 12 43200 0.130 218.477 0 22.961 11.944 1316.076 1.368
01414500 2011 8 1 12 43200 14.658 326.447 0 25.994 15.388 1969.185 1.473
01414500 2011 8 2 12 43200 -0.000 313.107 0 27.558 14.633 1685.569 1.644
01414500 2011 8 3 12 43200 0.100 303.228 0 26.841 13.534 1568.082 1.628
01414500 2011 8 4 12 43200 0.600 236.326 0 27.115 16.509 1871.475 1.518
01414500 2011 8 5 12 43200 12.609 307.689 0 26.044 17.054 2224.473 1.388
01414500 2011 8 6 12 43200 0.000 303.534 0 31.147 17.384 2035.027 1.840
01414500 2011 8 7 12 43200 2.794 315.918 0 28.915 18.008 2151.857 1.606
01414500 2011 8 8 12 43200 0.265 267.593 0 22.861 16.654 1896.205 1.099
01414500 2011 8 9 12 43200 0.000 323.836 0 25.381 9.738 1275.970 1.639
01414500 2011 8 10 12 43200 0.107 210.063 0 22.447 12.837 1330.597 1.287
01415000 2011 8 1 12 43200 3.981 327.242 0 25.584 15.250 1973.532 1.442
01415000 2011 8 2 12 43200 1.083 325.951 0 26.267 14.199 1755.923 1.551
01415000 2011 8 3 12 43200 0.297 317.577 0 25.180 13.292 1622.776 1.498
01415000 2011 8 4 12 43200 3.752 270.708 0 26.165 15.668 1940.653 1.473
01415000 2011 8 5 12 43200 11.639 302.867 0 25.975 17.639 2246.292 1.344
01415000 2011 8 6 12 43200 0.394 301.674 0 28.530 17.275 2085.366 1.607
01415000 2011 8 7 12 43200 2.015 301.101 0 28.359 17.221 2131.894 1.594
01415000 2011 8 8 12 43200 0.891 203.636 0 19.989 15.664 1867.758 0.868
01415000 2011 8 9 12 43200 -0.000 320.057 0 23.382 9.501 1347.832 1.492
01415000 2011 8 10 12 43200 0.317 222.584 0 23.106 11.877 1353.303 1.385
01434025 2011 8 1 12 43200 12.500 325.875 0 26.583 15.650 1947.124 1.521
01434025 2011 8 2 12 43200 -0.000 294.875 0 27.950 14.895 1682.267 1.676
01434025 2011 8 3 12 43200 0.100 312.875 0 27.560 13.992 1558.532 1.679
01434025 2011 8 4 12 43200 0.600 238.125 0 27.050 17.058 1856.288 1.491
01434025 2011 8 5 12 43200 9.600 302.375 0 26.175 17.250 2220.677 1.396
01434025 2011 8 6 12 43200 0.000 301.000 0 31.997 17.777 2051.642 1.910
01434025 2011 8 7 12 43200 3.690 316.000 0 28.850 18.008 2173.926 1.608
01434025 2011 8 8 12 43200 0.200 263.750 0 23.450 16.850 1909.578 1.151
01434025 2011 8 9 12 43200 0.000 324.000 0 25.250 9.999 1257.043 1.630
01434025 2011 8 10 12 43200 0.100 206.875 0 22.382 13.165 1335.849 1.273
01435000 2011 8 1 12 43200 12.429 325.719 0 26.620 15.664 1947.848 1.532
01435000 2011 8 2 12 43200 -0.000 294.542 0 27.992 14.921 1683.355 1.687
01435000 2011 8 3 12 43200 0.098 313.004 0 27.608 14.015 1559.392 1.691
01435000 2011 8 4 12 43200 0.594 238.949 0 27.080 17.086 1856.848 1.500
01435000 2011 8 5 12 43200 9.620 302.055 0 26.220 17.262 2222.220 1.407
01435000 2011 8 6 12 43200 0.000 300.791 0 32.031 17.793 2054.272 1.922
01435000 2011 8 7 12 43200 3.708 315.938 0 28.854 18.020 2175.750 1.616
01435000 2011 8 8 12 43200 0.198 264.122 0 23.494 16.874 1911.202 1.160
01435000 2011 8 9 12 43200 0.000 324.002 0 25.254 10.027 1257.539 1.638
01435000 2011 8 10 12 43200 0.098 206.910 0 22.405 13.182 1336.767 1.280
01439500 2011 8 1 12 43200 3.607 284.605 0 30.509 17.193 2073.653 1.882
01439500 2011 8 2 12 43200 0.878 303.018 0 30.195 17.012 1877.932 1.861
01439500 2011 8 3 12 43200 0.828 239.811 0 28.984 16.018 1737.280 1.794
01439500 2011 8 4 12 43200 6.189 231.902 0 28.628 17.965 2125.631 1.661
01439500 2011 8 5 12 43200 23.554 307.215 0 26.624 18.376 2485.788 1.431
01439500 2011 8 6 12 43200 1.482 278.899 0 31.833 19.301 2428.467 1.904
01439500 2011 8 7 12 43200 3.323 300.078 0 30.343 19.754 2404.251 1.728
01439500 2011 8 8 12 43200 -0.000 276.005 0 27.736 19.646 2091.845 1.461
01439500 2011 8 9 12 43200 0.000 321.736 0 28.269 11.556 1405.179 1.901
01439500 2011 8 10 12 43200 0.515 138.589 0 22.760 13.791 1486.962 1.330
01440000 2011 8 1 12 43200 9.811 270.088 0 31.117 17.176 2157.661 1.938
01440000 2011 8 2 12 43200 0.600 294.025 0 30.744 16.948 1900.136 1.913
01440000 2011 8 3 12 43200 0.646 274.839 0 29.280 15.844 1758.159 1.828
01440000 2011 8 4 12 43200 6.200 246.182 0 29.318 18.339 2134.318 1.706
01440000 2011 8 5 12 43200 24.280 311.935 0 26.556 18.751 2503.228 1.396
01440000 2011 8 6 12 43200 0.404 270.153 0 32.359 19.397 2445.407 1.949
01440000 2011 8 7 12 43200 2.474 274.528 0 32.120 19.842 2461.927 1.901
01440000 2011 8 8 12 43200 -0.000 292.459 0 28.117 20.051 2156.539 1.472
01440000 2011 8 9 12 43200 0.000 325.188 0 27.969 11.639 1416.056 1.872
01440000 2011 8 10 12 43200 0.166 143.417 0 23.282 14.027 1503.509 1.365
01440400 2011 8 1 12 43200 0.673 286.467 0 29.840 17.180 2010.993 1.819
01440400 2011 8 2 12 43200 1.139 302.553 0 29.790 17.045 1846.872 1.821
01440400 2011 8 3 12 43200 1.150 222.637 0 28.570 16.142 1723.623 1.750
01440400 2011 8 4 12 43200 5.210 218.954 0 28.149 17.496 2122.512 1.640
01440400 2011 8 5 12 43200 18.396 302.102 0 26.571 18.211 2436.325 1.437
01440400 2011 8 6 12 43200 2.523 277.549 0 31.475 19.237 2416.982 1.872
01440400 2011 8 7 12 43200 3.835 299.482 0 29.800 19.669 2388.174 1.678
01440400 2011 8 8 12 43200 0.000 272.686 0 27.581 19.431 2064.545 1.460
01440400 2011 8 9 12 43200 0.000 317.602 0 27.893 11.490 1406.554 1.873
01440400 2011 8 10 12 43200 0.590 136.770 0 22.300 13.787 1467.510 1.288
01451800 2011 8 1 12 43200 2.379 306.028 0 30.798 18.650 2137.390 1.873
01451800 2011 8 2 12 43200 0.000 318.202 0 30.091 18.457 1938.805 1.813
01451800 2011 8 3 12 43200 1.096 189.618 0 28.544 17.466 1875.626 1.714
01451800 2011 8 4 12 43200 13.105 182.814 0 28.262 18.491 2347.744 1.625
01451800 2011 8 5 12 43200 13.383 298.695 0 29.486 20.057 2513.378 1.652
01451800 2011 8 6 12 43200 5.112 300.386 0 30.181 20.600 2573.489 1.691
01451800 2011 8 7 12 43200 6.896 281.649 0 30.830 21.325 2614.309 1.712
01451800 2011 8 8 12 43200 -0.000 303.547 0 28.533 20.913 2250.209 1.484
01451800 2011 8 9 12 43200 0.000 321.530 0 28.495 13.566 1503.979 1.890
01451800 2011 8 10 12 43200 1.804 89.666 0 21.872 15.726 1579.371 1.140
01466500 2011 8 1 12 43200 0.000 261.098 0 34.268 22.309 2094.703 2.094
01466500 2011 8 2 12 43200 1.382 323.687 0 34.920 22.199 1945.386 2.173
01466500 2011 8 3 12 43200 0.059 240.852 0 33.156 21.506 1775.294 2.022
01466500 2011 8 4 12 43200 6.311 159.641 0 30.036 21.095 2388.559 1.699
01466500 2011 8 5 12 43200 3.725 295.364 0 31.212 21.550 2510.923 1.801
01466500 2011 8 6 12 43200 0.259 292.087 0 33.331 22.036 2581.731 2.007
01466500 2011 8 7 12 43200 7.145 304.586 0 32.974 23.208 2723.175 1.884
01466500 2011 8 8 12 43200 -0.000 300.455 0 37.124 24.225 2400.612 2.292
01466500 2011 8 9 12 43200 0.000 327.949 0 30.987 18.636 1573.631 1.961
01466500 2011 8 10 12 43200 0.000 192.067 0 26.941 19.441 1806.649 1.467
01484100 2011 8 1 12 43200 0.200 315.625 0 33.383 21.050 2251.258 2.165
01484100 2011 8 2 12 43200 0.000 321.625 0 33.750 21.795 2135.185 2.159
01484100 2011 8 3 12 43200 0.200 261.125 0 32.060 21.592 1935.883 1.977
01484100 2011 8 4 12 43200 20.700 261.750 0 30.950 20.955 2666.908 1.892
01484100 2011 8 5 12 43200 1.200 303.875 0 31.275 22.050 2653.819 1.849
01484100 2011 8 6 12 43200 4.100 292.125 0 31.997 22.677 2761.167 1.888
01484100 2011 8 7 12 43200 13.990 270.875 0 34.250 23.508 2856.918 2.099
01484100 2011 8 8 12 43200 0.000 312.625 0 35.350 23.962 2663.038 2.199
01484100 2011 8 9 12 43200 0.000 327.875 0 31.450 19.781 1724.032 2.028
01484100 2011 8 10 12 43200 0.000 179.125 0 25.874 19.165 1985.345 1.424
01485500 2011 8 1 12 43200 0.177 316.771 0 33.366 21.768 2367.942 2.178
01485500 2011 8 2 12 43200 0.000 325.192 0 34.105 23.513 2194.100 2.141
01485500 2011 8 3 12 43200 0.288 295.038 0 33.374 23.387 2089.577 2.059
01485500 2011 8 4 12 43200 11.908 287.245 0 30.827 21.785 2838.751 1.867
01485500 2011 8 5 12 43200 5.135 278.786 0 31.840 23.357 2750.049 1.864
01485500 2011 8 6 12 43200 15.324 248.748 0 31.003 23.254 2878.674 1.762
01485500 2011 8 7 12 43200 21.456 285.577 0 31.927 24.303 2975.789 1.788
01485500 2011 8 8 12 43200 0.000 302.603 0 36.301 24.516 2819.146 2.339
01485500 2011 8 9 12 43200 9.144 318.980 0 29.522 20.041 2163.998 1.843
01485500 2011 8 10 12 43200 0.009 263.259 0 27.000 20.063 2078.568 1.529
01486000 2011 8 1 12 43200 0.284 313.260 0 32.473 22.355 2379.666 2.028
01486000 2011 8 2 12 43200 0.000 327.143 0 34.182 24.100 2175.414 2.106
01486000 2011 8 3 12 43200 0.636 289.790 0 34.065 23.575 2094.213 2.132
01486000 2011 8 4 12 43200 9.818 276.052 0 31.775 21.855 2768.303 1.981
01486000 2011 8 5 12 43200 12.671 246.350 0 33.810 23.718 2748.363 2.089
01486000 2011 8 6 12 43200 15.243 232.467 0 31.975 23.529 2839.093 1.868
01486000 2011 8 7 12 43200 14.380 285.972 0 31.333 24.686 2949.449 1.667
01486000 2011 8 8 12 43200 0.168 300.823 0 36.061 25.151 2800.195 2.262
01486000 2011 8 9 12 43200 7.381 318.395 0 30.687 20.184 2150.827 1.972
01486000 2011 8 10 12 43200 0.002 256.330 0 27.923 19.890 2079.059 1.661
01487000 2011 8 1 12 43200 0.200 314.512 0 32.485 20.954 2328.190 2.085
01487000 2011 8 2 12 43200 0.000 322.956 0 32.718 22.469 2247.027 2.006
01487000 2011 8 3 12 43200 0.160 268.168 0 31.404 21.794 2007.292 1.898
01487000 2011 8 4 12 43200 16.221 273.520 0 30.729 20.781 2753.532 1.893
01487000 2011 8 5 12 43200 2.360 297.224 0 31.783 22.069 2704.020 1.923
01487000 2011 8 6 12 43200 7.930 292.572 0 31.109 22.966 2809.625 1.765
01487000 2011 8 7 12 43200 28.483 299.732 0 32.525 23.480 2927.043 1.902
01487000 2011 8 8 12 43200 0.000 311.650 0 34.205 24.155 2811.040 2.059
01487000 2011 8 9 12 43200 2.973 324.141 0 29.942 19.859 1874.239 1.867
01487000 2011 8 10 12 43200 0.000 219.320 0 25.902 18.518 2008.803 1.493
01491000 2011 8 1 12 43200 0.310 317.558 0 33.384 21.142 2213.655 2.151
01491000 2011 8 2 12 43200 0.542 323.677 0 33.308 21.720 2142.732 2.105
01491000 2011 8 3 12 43200 0.496 246.669 0 31.914 21.574 1969.543 1.953
01491000 2011 8 4 12 43200 22.036 242.441 0 31.153 20.752 2633.410 1.923
01491000 2011 8 5 12 43200 5.428 299.503 0 32.952 21.866 2671.642 2.054
01491000 2011 8 6 12 43200 3.507 271.675 0 32.404 22.677 2766.814 1.930
01491000 2011 8 7 12 43200 16.265 277.828 0 33.700 23.159 2867.296 2.050
01491000 2011 8 8 12 43200 0.000 311.481 0 35.186 24.147 2650.845 2.157
01491000 2011 8 9 12 43200 0.000 328.062 0 32.309 19.442 1674.217 2.135
01491000 2011 8 10 12 43200 0.000 153.808 0 26.428 18.258 1947.373 1.558
01510000 2011 8 1 12 43200 3.913 318.236 0 26.428 16.507 2100.228 1.423
01510000 2011 8 2 12 43200 0.324 320.765 0 25.822 14.917 1841.216 1.449
01510000 2011 8 3 12 43200 0.089 248.206 0 26.021 14.382 1768.960 1.490
01510000 2011 8 4 12 43200 7.859 297.997 0 25.209 16.011 2118.823 1.340
01510000 2011 8 5 12 43200 3.270 298.477 0 28.342 17.461 2227.017 1.547
01510000 2011 8 6 12 43200 0.821 285.830 0 28.370 18.367 2301.772 1.501
01510000 2011 8 7 12 43200 1.026 305.381 0 29.398 18.577 2257.504 1.586
01510000 2011 8 8 12 43200 2.355 207.470 0 20.818 15.804 1873.036 0.928
01510000 2011 8 9 12 43200 0.000 302.013 0 22.834 11.222 1457.993 1.360
01510000 2011 8 10 12 43200 0.677 138.150 0 21.753 13.891 1495.464 1.146
01516500 2011 8 1 12 43200 7.540 303.000 0 26.650 16.250 2103.174 1.512
01516500 2011 8 2 12 43200 0.000 313.250 0 26.350 15.395 1906.250 1.528
01516500 2011 8 3 12 43200 6.400 142.625 0 23.760 15.292 1861.574 1.295
01516500 2011 8 4 12 43200 3.500 218.500 0 25.573 17.055 2192.072 1.363
01516500 2011 8 5 12 43200 11.400 298.625 0 26.550 17.850 2434.817 1.410
01516500 2011 8 6 12 43200 1.000 312.375 0 28.897 18.277 2243.770 1.614
01516500 2011 8 7 12 43200 0.600 308.125 0 30.633 17.908 2237.576 1.797
01516500 2011 8 8 12 43200 1.300 182.000 0 21.250 17.050 1990.921 0.902
01516500 2011 8 9 12 43200 -0.000 316.250 0 23.550 10.899 1506.761 1.482
01516500 2011 8 10 12 43200 0.820 181.750 0 22.082 13.726 1625.940 1.228
01518862 2011 8 1 12 43200 10.963 308.100 0 24.915 16.240 2092.097 1.340
01518862 2011 8 2 12 43200 0.000 315.088 0 26.126 13.768 1835.239 1.572
01518862 2011 8 3 12 43200 8.733 99.708 0 22.584 15.095 1858.290 1.187
01518862 2011 8 4 12 43200 6.751 242.107 0 24.418 16.823 2177.348 1.256
01518862 2011 8 5 12 43200 8.039 295.801 0 25.649 17.280 2373.238 1.348
01518862 2011 8 6 12 43200 0.679 307.624 0 28.479 17.984 2226.304 1.580
01518862 2011 8 7 12 43200 0.621 308.757 0 29.639 17.760 2242.284 1.701
01518862 2011 8 8 12 43200 1.035 177.931 0 22.092 16.916 1939.818 1.005
01518862 2011 8 9 12 43200 -0.000 316.291 0 22.969 10.307 1428.579 1.447
01518862 2011 8 10 12 43200 0.626 102.202 0 20.532 13.120 1585.814 1.114
01532000 2011 8 1 12 43200 4.514 294.185 0 28.101 16.423 2069.245 1.643
01532000 2011 8 2 12 43200 0.340 315.266 0 27.358 15.955 1893.885 1.598
01532000 2011 8 3 12 43200 5.766 167.415 0 26.230 15.399 1843.083 1.523
01532000 2011 8 4 12 43200 2.118 198.500 0 26.937 17.132 2186.182 1.497
01532000 2011 8 5 12 43200 12.938 298.122 0 27.065 17.942 2431.638 1.461
01532000 2011 8 6 12 43200 0.632 310.687 0 30.486 18.437 2233.783 1.764
01532000 2011 8 7 12 43200 0.412 306.488 0 30.673 18.253 2217.094 1.791
01532000 2011 8 8 12 43200 0.866 176.379 0 21.765 17.308 1978.721 0.944
01532000 2011 8 9 12 43200 -0.000 313.958 0 24.757 11.115 1487.074 1.578
01532000 2011 8 10 12 43200 0.850 185.510 0 23.102 13.888 1632.391 1.317
01539000 2011 8 1 12 43200 6.001 277.031 0 27.959 16.859 2126.805 1.657
01539000 2011 8 2 12 43200 -0.000 316.502 0 28.488 16.892 1942.152 1.706
01539000 2011 8 3 12 43200 8.375 170.491 0 25.844 15.556 1888.400 1.525
01539000 2011 8 4 12 43200 9.087 182.327 0 27.707 17.541 2288.664 1.594
01539000 2011 8 5 12 43200 13.296 303.894 0 27.517 18.918 2513.617 1.489
01539000 2011 8 6 12 43200 0.302 308.007 0 31.730 19.113 2398.291 1.904
01539000 2011 8 7 12 43200 0.528 301.344 0 30.486 19.550 2413.980 1.756
01539000 2011 8 8 12 43200 0.629 219.742 0 24.763 18.942 2067.481 1.183
01539000 2011 8 9 12 43200 0.000 321.450 0 27.003 11.573 1520.719 1.797
01539000 2011 8 10 12 43200 1.315 118.761 0 21.035 14.638 1649.550 1.110
01542810 2011 8 1 12 43200 3.247 307.941 0 27.265 15.802 1935.673 1.607
01542810 2011 8 2 12 43200 0.000 314.584 0 28.326 14.552 1748.532 1.757
01542810 2011 8 3 12 43200 44.944 43.284 0 20.802 16.479 1882.399 0.912
01542810 2011 8 4 12 43200 5.209 223.033 0 26.739 17.232 2190.391 1.481
01542810 2011 8 5 12 43200 9.938 292.231 0 29.213 18.231 2432.237 1.664
01542810 2011 8 6 12 43200 0.000 313.238 0 32.297 17.901 2119.855 1.971
01542810 2011 8 7 12 43200 0.000 308.720 0 31.607 17.966 2087.164 1.904
01542810 2011 8 8 12 43200 0.148 222.610 0 24.936 19.164 1976.234 1.156
01542810 2011 8 9 12 43200 0.000 321.262 0 26.788 10.504 1363.399 1.770
01542810 2011 8 10 12 43200 9.956 40.340 0 18.050 15.355 1624.691 0.680
01543000 2011 8 1 12 43200 3.827 308.174 0 27.353 15.816 1949.812 1.627
01543000 2011 8 2 12 43200 0.000 313.393 0 28.263 14.651 1753.322 1.762
01543000 2011 8 3 12 43200 45.094 39.803 0 20.408 16.482 1886.435 0.871
01543000 2011 8 4 12 43200 4.587 223.758 0 26.827 17.331 2200.690 1.496
01543000 2011 8 5 12 43200 8.772 285.670 0 29.420 18.280 2407.848 1.695
01543000 2011 8 6 12 43200 0.000 313.938 0 32.153 17.952 2118.772 1.971
01543000 2011 8 7 12 43200 0.000 309.042 0 31.543 18.046 2093.927 1.909
01543000 2011 8 8 12 43200 0.122 228.629 0 24.916 19.184 1981.859 1.161
01543000 2011 8 9 12 43200 -0.000 322.082 0 26.882 10.620 1365.685 1.788
01543000 2011 8 10 12 43200 11.340 38.331 0 18.060 15.397 1630.341 0.682
01543500 2011 8 1 12 43200 4.330 308.397 0 27.497 15.940 1961.429 1.642
01543500 2011 8 2 12 43200 0.000 309.096 0 28.493 14.922 1769.516 1.779
01543500 2011 8 3 12 43200 40.188 40.781 0 20.519 16.579 1897.367 0.879
01543500 2011 8 4 12 43200 3.136 212.713 0 27.386 17.580 2215.149 1.543
01543500 2011 8 5 12 43200 6.392 272.397 0 30.155 18.337 2363.685 1.771
01543500 2011 8 6 12 43200 0.001 314.178 0 32.293 18.012 2143.108 1.990
01543500 2011 8 7 12 43200 0.000 309.251 0 31.762 18.315 2125.613 1.926
01543500 2011 8 8 12 43200 0.080 242.630 0 25.243 19.117 1998.597 1.210
01543500 2011 8 9 12 43200 -0.000 322.829 0 27.286 10.918 1376.199 1.820
01543500 2011 8 10 12 43200 15.533 38.041 0 17.856 15.607 1652.812 0.630
01544500 2011 8 1 12 43200 9.711 304.588 0 26.154 15.708 2025.254 1.517
01544500 2011 8 2 12 43200 0.000 294.044 0 28.484 14.404 1760.772 1.786
01544500 2011 8 3 12 43200 31.722 86.854 0 23.935 15.464 1849.364 1.321
01544500 2011 8 4 12 43200 9.843 210.441 0 25.694 16.994 2211.486 1.400
01544500 2011 8 5 12 43200 9.989 301.577 0 27.364 18.034 2426.913 1.502
01544500 2011 8 6 12 43200 0.102 313.598 0 31.547 18.146 2154.481 1.899
01544500 2011 8 7 12 43200 0.027 309.487 0 31.537 18.172 2122.939 1.897
01544500 2011 8 8 12 43200 0.540 190.457 0 24.241 18.599 1953.696 1.130
01544500 2011 8 9 12 43200 -0.000 323.200 0 25.067 10.694 1406.348 1.635
01544500 2011 8 10 12 43200 4.155 105.282 0 19.846 14.643 1617.767 0.965
01545600 2011 8 1 12 43200 8.111 302.435 0 26.628 15.713 2012.176 1.567
01545600 2011 8 2 12 43200 0.000 286.514 0 28.913 14.689 1761.350 1.819
01545600 2011 8 3 12 43200 33.997 87.219 0 24.235 15.592 1853.398 1.348
01545600 2011 8 4 12 43200 10.094 208.554 0 26.181 17.024 2223.628 1.452
01545600 2011 8 5 12 43200 10.292 304.046 0 27.573 18.124 2448.364 1.523
01545600 2011 8 6 12 43200 0.063 314.325 0 32.197 18.208 2160.042 1.966
01545600 2011 8 7 12 43200 0.000 309.264 0 31.913 18.308 2128.292 1.934
01545600 2011 8 8 12 43200 0.651 190.935 0 24.587 18.919 1966.131 1.147
01545600 2011 8 9 12 43200 0.000 323.875 0 25.493 10.862 1410.688 1.670
01545600 2011 8 10 12 43200 4.743 110.220 0 20.057 15.019 1630.662 0.962
01547700 2011 8 1 12 43200 0.197 297.448 0 29.785 16.661 1962.371 1.841
01547700 2011 8 2 12 43200 -0.000 308.507 0 29.853 16.503 1855.930 1.855
01547700 2011 8 3 12 43200 23.928 81.552 0 25.389 17.378 1917.495 1.372
01547700 2011 8 4 12 43200 4.367 171.463 0 26.953 17.855 2249.319 1.501
01547700 2011 8 5 12 43200 3.228 242.448 0 32.278 18.856 2415.498 1.973
01547700 2011 8 6 12 43200 0.794 306.465 0 32.994 18.985 2343.359 2.036
01547700 2011 8 7 12 43200 0.000 301.035 0 33.647 19.217 2313.647 2.088
01547700 2011 8 8 12 43200 0.200 256.174 0 27.942 18.662 2092.498 1.551
01547700 2011 8 9 12 43200 0.000 324.247 0 27.672 11.908 1459.846 1.843
01547700 2011 8 10 12 43200 13.911 54.403 0 18.513 15.629 1751.214 0.729
01548500 2011 8 1 12 43200 7.929 304.200 0 26.012 15.961 2042.101 1.487
01548500 2011 8 2 12 43200 0.019 306.069 0 27.405 14.288 1798.465 1.693
01548500 2011 8 3 12 43200 18.099 104.164 0 23.765 15.261 1840.740 1.314
01548500 2011 8 4 12 43200 8.528 217.782 0 24.909 16.908 2206.015 1.324
01548500 2011 8 5 12 43200 10.750 298.220 0 26.267 17.678 2421.650 1.411
01548500 2011 8 6 12 43200 0.515 311.595 0 29.913 18.146 2175.092 1.740
01548500 2011 8 7 12 43200 0.157 309.357 0 30.912 17.880 2156.646 1.848
01548500 2011 8 8 12 43200 1.159 179.524 0 23.013 17.635 1961.901 1.069
01548500 2011 8 9 12 43200 -0.000 320.674 0 23.793 10.573 1437.564 1.533
01548500 2011 8 10 12 43200 1.574 138.081 0 20.913 13.844 1599.552 1.127
01549500 2011 8 1 12 43200 1.323 292.605 0 29.683 16.194 1962.905 1.817
01549500 2011 8 2 12 43200 0.200 303.355 0 28.629 15.560 1800.747 1.750
01549500 2011 8 3 12 43200 18.800 123.069 0 25.737 15.692 1837.745 1.479
01549500 2011 8 4 12 43200 8.094 190.551 0 27.415 17.055 2231.693 1.564
01549500 2011 8 5 12 43200 14.841 304.062 0 26.350 18.138 2482.161 1.393
01549500 2011 8 6 12 43200 0.112 311.310 0 32.309 18.521 2206.296 1.953
01549500 2011 8 7 12 43200 0.056 308.070 0 32.506 18.485 2165.672 1.974
01549500 2011 8 8 12 43200 1.646 177.546 0 23.640 18.474 2009.007 1.071
01549500 2011 8 9 12 43200 -0.000 322.971 0 25.440 11.144 1451.525 1.650
01549500 2011 8 10 12 43200 2.068 165.719 0 21.659 14.738 1613.272 1.145
01550000 2011 8 1 12 43200 1.219 284.478 0 29.705 16.269 1976.332 1.821
01550000 2011 8 2 12 43200 0.156 313.508 0 28.257 15.939 1820.791 1.704
01550000 2011 8 3 12 43200 14.678 138.617 0 26.230 15.661 1836.113 1.531
01550000 2011 8 4 12 43200 6.170 177.171 0 27.701 17.075 2211.208 1.594
01550000 2011 8 5 12 43200 15.758 302.007 0 26.542 18.239 2460.531 1.410
01550000 2011 8 6 12 43200 0.027 310.066 0 32.107 18.588 2222.434 1.936
01550000 2011 8 7 12 43200 0.055 308.076 0 32.310 18.706 2186.437 1.950
01550000 2011 8 8 12 43200 1.068 177.107 0 23.118 18.351 2005.306 1.022
01550000 2011 8 9 12 43200 -0.000 322.578 0 25.273 11.191 1462.785 1.639
01550000 2011 8 10 12 43200 1.622 166.630 0 21.945 14.902 1612.283 1.165
01552000 2011 8 1 12 43200 2.612 279.680 0 29.097 16.489 2006.650 1.763
01552000 2011 8 2 12 43200 0.016 316.636 0 28.381 16.347 1833.257 1.703
01552000 2011 8 3 12 43200 9.381 164.297 0 26.544 15.555 1827.014 1.572
01552000 2011 8 4 12 43200 4.260 183.597 0 27.654 17.196 2204.360 1.590
01552000 2011 8 5 12 43200 16.308 303.506 0 27.937 18.280 2452.683 1.555
01552000 2011 8 6 12 43200 0.105 310.948 0 32.255 18.665 2228.073 1.955
01552000 2011 8 7 12 43200 0.234 297.244 0 31.858 18.752 2230.141 1.913
01552000 2011 8 8 12 43200 0.873 180.070 0 23.005 18.149 1995.151 1.032
01552000 2011 8 9 12 43200 -0.000 319.459 0 25.968 11.273 1454.030 1.701
01552000 2011 8 10 12 43200 1.245 165.144 0 22.360 14.576 1622.148 1.232
01552500 2011 8 1 12 43200 6.159 272.616 0 28.099 16.601 2100.159 1.662
01552500 2011 8 2 12 43200 0.000 316.985 0 28.251 16.597 1911.791 1.676
01552500 2011 8 3 12 43200 9.368 165.754 0 26.051 15.543 1867.500 1.525
01552500 2011 8 4 12 43200 6.171 182.976 0 27.421 17.357 2246.471 1.556
01552500 2011 8 5 12 43200 14.236 304.430 0 27.824 18.603 2486.473 1.521
01552500 2011 8 6 12 43200 0.200 311.180 0 31.693 18.879 2321.564 1.888
01552500 2011 8 7 12 43200 0.416 296.029 0 30.795 19.112 2339.637 1.788
01552500 2011 8 8 12 43200 0.749 198.201 0 23.558 18.355 2035.985 1.078
01552500 2011 8 9 12 43200 0.000 319.948 0 26.476 11.401 1503.591 1.735
01552500 2011 8 10 12 43200 1.268 144.113 0 21.725 14.679 1649.982 1.162
01557500 2011 8 1 12 43200 0.600 306.500 0 29.350 16.850 1939.973 1.823
01557500 2011 8 2 12 43200 -0.000 293.125 0 29.478 16.695 1894.475 1.843
01557500 2011 8 3 12 43200 32.500 64.875 0 25.683 17.993 1879.282 1.384
01557500 2011 8 4 12 43200 1.700 176.625 0 28.050 18.255 2265.229 1.616
01557500 2011 8 5 12 43200 1.600 231.001 0 30.875 18.550 2334.476 1.884
01557500 2011 8 6 12 43200 1.200 262.001 0 32.497 19.177 2345.695 2.013
01557500 2011 8 7 12 43200 0.000 305.499 0 33.650 19.108 2272.876 2.131
01557500 2011 8 8 12 43200 0.000 268.250 0 29.350 18.962 2106.627 1.706
01557500 2011 8 9 12 43200 0.000 325.125 0 27.772 12.300 1445.973 1.871
01557500 2011 8 10 12 43200 24.960 21.376 0 17.550 15.826 1725.488 0.567
01567500 2011 8 1 12 43200 0.316 286.919 0 30.377 18.098 2144.970 1.886
01567500 2011 8 2 12 43200 0.000 299.721 0 29.856 18.101 2051.703 1.833
01567500 2011 8 3 12 43200 23.632 82.835 0 26.168 18.964 1993.748 1.385
01567500 2011 8 4 12 43200 2.222 207.269 0 27.978 19.076 2379.177 1.577
01567500 2011 8 5 12 43200 6.971 296.240 0 31.448 19.913 2579.199 1.893
01567500 2011 8 6 12 43200 1.727 289.564 0 30.892 20.298 2588.923 1.811
01567500 2011 8 7 12 43200 0.083 301.246 0 33.092 20.493 2532.630 2.031
01567500 2011 8 8 12 43200 0.158 256.969 0 30.309 19.589 2254.897 1.793
01567500 2011 8 9 12 43200 0.000 324.276 0 26.915 13.526 1609.495 1.774
01567500 2011 8 10 12 43200 20.787 27.064 0 18.392 15.663 1787.466 0.732
01568000 2011 8 1 12 43200 0.032 281.500 0 30.882 18.753 2136.810 1.905
01568000 2011 8 2 12 43200 -0.000 299.905 0 30.212 18.582 2059.287 1.847
01568000 2011 8 3 12 43200 23.847 82.604 0 26.162 19.269 2019.928 1.363
01568000 2011 8 4 12 43200 3.549 217.538 0 28.633 19.291 2401.605 1.637
01568000 2011 8 5 12 43200 9.648 300.119 0 31.204 20.218 2590.353 1.853
01568000 2011 8 6 12 43200 2.268 283.702 0 30.528 20.481 2629.561 1.763
01568000 2011 8 7 12 43200 0.016 297.766 0 33.039 20.918 2554.947 2.006
01568000 2011 8 8 12 43200 0.060 268.494 0 31.320 20.278 2299.965 1.862
01568000 2011 8 9 12 43200 -0.000 324.114 0 27.225 13.970 1633.988 1.787
01568000 2011 8 10 12 43200 20.877 27.049 0 18.823 15.620 1810.429 0.799
01580000 2011 8 1 12 43200 0.746 316.112 0 30.911 20.353 2206.985 1.870
01580000 2011 8 2 12 43200 0.065 328.636 0 30.510 19.787 2163.729 1.863
01580000 2011 8 3 12 43200 13.551 143.641 0 29.346 19.882 2078.771 1.728
01580000 2011 8 4 12 43200 13.729 232.121 0 28.912 19.773 2562.666 1.686
01580000 2011 8 5 12 43200 4.681 304.110 0 31.682 21.153 2647.952 1.903
01580000 2011 8 6 12 43200 4.443 267.676 0 30.464 21.897 2765.659 1.707
01580000 2011 8 7 12 43200 4.941 271.988 0 31.921 21.801 2684.141 1.885
01580000 2011 8 8 12 43200 0.029 300.577 0 31.001 22.969 2512.369 1.684
01580000 2011 8 9 12 43200 -0.000 330.710 0 27.172 15.035 1682.108 1.788
01580000 2011 8 10 12 43200 3.045 88.964 0 23.482 17.060 1923.020 1.272
01583500 2011 8 1 12 43200 0.000 317.375 0 31.083 20.950 2137.273 1.859
01583500 2011 8 2 12 43200 0.400 328.000 0 30.878 20.695 2099.279 1.853
01583500 2011 8 3 12 43200 10.700 154.750 0 29.860 20.200 2037.571 1.772
01583500 2011 8 4 12 43200 15.500 242.625 0 29.573 20.655 2606.301 1.706
01583500 2011 8 5 12 43200 6.500 293.125 0 31.875 22.050 2685.628 1.872
01583500 2011 8 6 12 43200 1.600 239.625 0 31.297 22.650 2739.298 1.756
01583500 2011 8 7 12 43200 6.250 290.750 0 32.550 22.408 2712.615 1.924
01583500 2011 8 8 12 43200 0.000 298.750 0 31.750 23.662 2580.366 1.727
01583500 2011 8 9 12 43200 0.000 329.125 0 27.372 16.299 1702.252 1.751
01583500 2011 8 10 12 43200 2.490 71.000 0 23.074 18.926 1948.464 1.048
01586610 2011 8 1 12 43200 0.000 315.375 0 31.283 20.450 2127.130 1.920
01586610 2011 8 2 12 43200 0.000 325.000 0 30.778 19.695 2110.463 1.913
01586610 2011 8 3 12 43200 11.000 140.625 0 27.960 19.600 2062.713 1.603
01586610 2011 8 4 12 43200 16.200 254.625 0 29.573 20.355 2582.882 1.733
01586610 2011 8 5 12 43200 11.400 289.250 0 31.375 21.550 2707.575 1.855
01586610 2011 8 6 12 43200 1.400 214.250 0 30.797 21.850 2760.779 1.764
01586610 2011 8 7 12 43200 3.770 305.125 0 32.150 22.308 2707.109 1.890
01586610 2011 8 8 12 43200 0.100 299.625 0 32.250 23.062 2584.085 1.844
01586610 2011 8 9 12 43200 -0.000 328.625 0 27.272 15.999 1735.069 1.762
01586610 2011 8 10 12 43200 5.500 50.375 0 21.974 18.264 1963.071 0.970
01591400 2011 8 1 12 43200 0.000 319.250 0 31.983 21.950 2029.103 1.913
01591400 2011 8 2 12 43200 0.000 326.625 0 31.778 21.195 2053.538 1.942
01591400 2011 8 3 12 43200 9.000 157.500 0 30.360 21.200 2006.998 1.777
01591400 2011 8 4 12 43200 14.800 251.875 0 30.973 21.855 2561.416 1.800
01591400 2011 8 5 12 43200 26.000 219.000 0 32.075 23.650 2698.479 1.789
01591400 2011 8 6 12 43200 1.300 218.125 0 31.897 23.277 2702.290 1.798
01591400 2011 8 7 12 43200 10.370 288.000 0 33.450 24.408 2711.120 1.899
01591400 2011 8 8 12 43200 0.000 299.500 0 33.350 24.562 2559.362 1.873
01591400 2011 8 9 12 43200 0.000 324.500 0 28.572 18.099 1717.932 1.789
01591400 2011 8 10 12 43200 2.660 40.375 0 22.574 20.126 1928.278 0.822
01594950 2011 8 1 12 43200 1.800 321.750 0 28.983 16.250 1634.638 1.935
01594950 2011 8 2 12 43200 2.000 300.000 0 28.250 16.295 1864.151 1.859
01594950 2011 8 3 12 43200 0.900 161.750 0 27.660 18.450 1915.874 1.665
01594950 2011 8 4 12 43200 14.200 193.750 0 28.373 19.552 2332.673 1.667
01594950 2011 8 5 12 43200 41.500 265.500 0 26.575 19.150 2529.942 1.487
01594950 2011 8 6 12 43200 2.700 290.000 0 31.397 18.577 2278.509 2.061
01594950 2011 8 7 12 43200 0.000 323.500 0 30.750 18.908 2114.067 1.973
01594950 2011 8 8 12 43200 0.000 318.375 0 30.750 17.562 2044.997 2.048
01594950 2011 8 9 12 43200 3.100 263.250 0 29.550 16.399 1989.722 1.985
01594950 2011 8 10 12 43200 159.890 3.625 0 19.150 14.226 1813.818 1.021
01596500 2011 8 1 12 43200 0.284 315.189 0 29.195 17.465 1770.047 1.868
01596500 2011 8 2 12 43200 0.000 307.694 0 28.548 17.218 1932.464 1.815
01596500 2011 8 3 12 43200 7.560 120.025 0 27.143 19.792 1964.271 1.484
01596500 2011 8 4 12 43200 34.381 275.519 0 30.007 20.561 2408.945 1.759
01596500 2011 8 5 12 43200 13.791 288.284 0 27.392 19.813 2611.627 1.511
01596500 2011 8 6 12 43200 0.433 317.499 0 30.062 19.242 2336.785 1.854
01596500 2011 8 7 12 43200 0.073 321.420 0 31.579 19.642 2235.365 1.993
01596500 2011 8 8 12 43200 0.007 302.805 0 29.896 18.019 2076.982 1.909
01596500 2011 8 9 12 43200 1.286 316.154 0 28.201 15.914 1764.710 1.850
01596500 2011 8 10 12 43200 156.208 4.069 0 17.325 13.973 1662.103 0.806
01605500 2011 8 1 12 43200 0.000 335.705 0 29.539 15.822 1510.077 2.068
01605500 2011 8 2 12 43200 0.060 313.689 0 28.926 16.050 1709.788 1.994
01605500 2011 8 3 12 43200 0.119 240.181 0 29.205 18.606 1796.531 1.875
01605500 2011 8 4 12 43200 10.272 259.158 0 28.239 21.524 2244.859 1.529
01605500 2011 8 5 12 43200 14.411 144.336 0 26.833 18.857 2313.288 1.584
01605500 2011 8 6 12 43200 7.684 289.899 0 29.996 18.239 2238.660 1.985
01605500 2011 8 7 12 43200 15.578 297.573 0 28.360 18.739 2358.022 1.771
01605500 2011 8 8 12 43200 0.569 307.733 0 32.502 17.621 1918.384 2.286
01605500 2011 8 9 12 43200 24.008 254.452 0 27.966 16.823 2170.970 1.850
01605500 2011 8 10 12 43200 123.472 6.213 0 18.767 15.173 2006.725 0.904
01606500 2011 8 1 12 43200 0.026 333.081 0 29.360 15.958 1539.179 2.012
01606500 2011 8 2 12 43200 0.484 309.331 0 28.754 16.076 1741.759 1.945
01606500 2011 8 3 12 43200 0.144 224.145 0 29.602 18.636 1818.628 1.889
01606500 2011 8 4 12 43200 7.159 220.007 0 27.231 21.376 2253.938 1.386
01606500 2011 8 5 12 43200 18.970 177.066 0 26.626 18.888 2350.360 1.533
01606500 2011 8 6 12 43200 6.710 282.477 0 30.698 18.308 2265.547 2.027
01606500 2011 8 7 12 43200 8.947 288.593 0 28.811 18.819 2277.478 1.789
01606500 2011 8 8 12 43200 0.239 311.643 0 32.296 17.683 1948.896 2.227
01606500 2011 8 9 12 43200 16.705 252.352 0 28.562 16.823 2120.597 1.885
01606500 2011 8 10 12 43200 136.330 6.533 0 18.575 14.893 1969.011 0.895
01613050 2011 8 1 12 43200 0.000 294.625 0 30.450 17.650 2004.995 1.958
01613050 2011 8 2 12 43200 0.000 308.500 0 29.778 17.795 2038.756 1.882
01613050 2011 8 3 12 43200 26.100 95.625 0 27.583 18.793 1902.215 1.588
01613050 2011 8 4 12 43200 22.500 223.625 0 29.873 19.158 2441.109 1.812
01613050 2011 8 5 12 43200 7.100 281.875 0 31.250 19.650 2551.114 1.929
01613050 2011 8 6 12 43200 1.100 294.125 0 31.797 20.077 2540.638 1.961
01613050 2011 8 7 12 43200 0.810 266.125 0 34.250 20.708 2540.968 2.186
01613050 2011 8 8 12 43200 -0.000 294.000 0 30.250 18.962 2230.826 1.864
01613050 2011 8 9 12 43200 0.000 324.750 0 28.472 14.399 1631.914 1.920
01613050 2011 8 10 12 43200 69.180 10.000 0 17.274 15.526 1739.616 0.587
01620500 2011 8 1 12 43200 0.000 330.935 0 31.480 16.816 1593.010 2.247
01620500 2011 8 2 12 43200 0.067 313.113 0 30.313 17.158 1740.974 2.106
01620500 2011 8 3 12 43200 0.134 248.433 0 30.453 19.581 1870.835 1.976
01620500 2011 8 4 12 43200 11.629 248.672 0 30.213 22.313 2290.433 1.736
01620500 2011 8 5 12 43200 12.642 134.072 0 27.581 19.614 2417.751 1.633
01620500 2011 8 6 12 43200 13.446 308.397 0 29.696 19.340 2391.525 1.905
01620500 2011 8 7 12 43200 13.312 275.339 0 28.802 19.606 2430.312 1.782
01620500 2011 8 8 12 43200 0.067 307.075 0 33.550 18.758 1989.884 2.369
01620500 2011 8 9 12 43200 19.740 251.896 0 28.284 17.479 2194.917 1.868
01620500 2011 8 10 12 43200 116.433 5.289 0 19.746 15.789 2056.384 0.983
01632000 2011 8 1 12 43200 0.000 326.890 0 31.965 17.158 1672.470 2.252
01632000 2011 8 2 12 43200 0.306 301.846 0 30.712 17.282 1799.361 2.115
01632000 2011 8 3 12 43200 0.858 189.899 0 31.890 20.025 1926.486 2.085
01632000 2011 8 4 12 43200 12.260 245.180 0 30.439 20.481 2365.371 1.888
01632000 2011 8 5 12 43200 15.306 196.532 0 28.204 20.281 2476.261 1.635
01632000 2011 8 6 12 43200 11.050 301.786 0 29.528 19.847 2491.148 1.827
01632000 2011 8 7 12 43200 4.535 247.891 0 31.113 20.167 2411.494 1.988
01632000 2011 8 8 12 43200 0.000 308.306 0 35.131 18.843 2042.638 2.503
01632000 2011 8 9 12 43200 10.159 267.161 0 28.751 17.027 2082.397 1.922
01632000 2011 8 10 12 43200 116.062 5.432 0 19.186 15.735 1969.584 0.899
01632900 2011 8 1 12 43200 0.000 310.237 0 32.393 17.846 1709.429 2.258
01632900 2011 8 2 12 43200 2.443 305.624 0 31.574 18.357 1832.576 2.144
01632900 2011 8 3 12 43200 0.078 217.831 0 32.252 19.969 1936.318 2.125
01632900 2011 8 4 12 43200 6.925 253.081 0 30.990 21.336 2367.623 1.886
01632900 2011 8 5 12 43200 27.054 164.522 0 28.184 21.066 2599.902 1.560
01632900 2011 8 6 12 43200 16.338 295.578 0 31.788 20.771 2565.188 2.020
01632900 2011 8 7 12 43200 8.370 253.302 0 32.223 20.985 2484.068 2.056
01632900 2011 8 8 12 43200 -0.000 313.368 0 34.584 19.897 2128.753 2.386
01632900 2011 8 9 12 43200 12.824 295.758 0 29.697 17.196 2091.197 2.008
01632900 2011 8 10 12 43200 49.846 8.227 0 20.691 16.703 2014.732 0.999
01634500 2011 8 1 12 43200 0.000 291.733 0 33.306 18.751 1784.451 2.270
01634500 2011 8 2 12 43200 0.171 309.774 0 32.593 18.529 1827.053 2.207
01634500 2011 8 3 12 43200 1.477 138.367 0 31.969 19.681 1988.500 2.076
01634500 2011 8 4 12 43200 9.794 223.094 0 31.445 20.188 2478.316 1.987
01634500 2011 8 5 12 43200 39.343 237.580 0 29.464 21.176 2687.747 1.684
01634500 2011 8 6 12 43200 5.894 246.082 0 31.249 20.874 2605.298 1.918
01634500 2011 8 7 12 43200 6.574 262.588 0 34.637 21.051 2588.600 2.288
01634500 2011 8 8 12 43200 0.000 300.662 0 35.624 19.355 2178.418 2.484
01634500 2011 8 9 12 43200 8.579 319.925 0 29.182 16.828 1946.589 1.942
01634500 2011 8 10 12 43200 52.023 8.923 0 18.927 15.870 1860.772 0.829
01638480 2011 8 1 12 43200 0.000 304.513 0 33.104 20.006 2073.277 2.164
01638480 2011 8 2 12 43200 0.000 314.481 0 32.300 19.573 2130.336 2.103
01638480 2011 8 3 12 43200 9.038 189.248 0 29.182 20.770 2108.796 1.670
01638480 2011 8 4 12 43200 11.716 272.213 0 30.303 20.358 2569.820 1.832
01638480 2011 8 5 12 43200 35.648 239.874 0 30.101 22.768 2775.439 1.615
01638480 2011 8 6 12 43200 1.632 224.297 0 30.402 22.277 2768.055 1.696
01638480 2011 8 7 12 43200 3.064 311.135 0 32.689 22.487 2754.245 1.957
01638480 2011 8 8 12 43200 0.126 303.476 0 33.920 22.145 2549.038 2.124
01638480 2011 8 9 12 43200 3.828 322.005 0 27.329 16.378 1853.198 1.761
01638480 2011 8 10 12 43200 23.600 9.758 0 20.108 17.952 1909.525 0.724
01639500 2011 8 1 12 43200 0.000 310.402 0 31.162 20.150 2157.325 1.913
01639500 2011 8 2 12 43200 0.000 324.192 0 30.646 19.526 2137.727 1.896
01639500 2011 8 3 12 43200 14.838 123.021 0 27.163 19.543 2081.733 1.503
01639500 2011 8 4 12 43200 13.915 255.394 0 29.089 19.916 2547.223 1.697
01639500 2011 8 5 12 43200 12.552 300.619 0 30.723 21.140 2688.967 1.796
01639500 2011 8 6 12 43200 2.462 249.985 0 29.814 21.706 2762.218 1.645
01639500 2011 8 7 12 43200 2.022 305.081 0 31.825 21.902 2677.456 1.868
01639500 2011 8 8 12 43200 0.350 300.021 0 31.872 22.722 2552.289 1.812
01639500 2011 8 9 12 43200 -0.000 328.772 0 26.993 15.097 1734.761 1.769
01639500 2011 8 10 12 43200 7.858 52.022 0 21.641 17.121 1937.797 1.042
01644000 2011 8 1 12 43200 0.000 308.112 0 33.181 20.079 1952.955 2.191
01644000 2011 8 2 12 43200 0.027 314.799 0 33.074 20.127 2029.106 2.176
01644000 2011 8 3 12 43200 2.931 214.578 0 29.253 21.744 2060.905 1.614
01644000 2011 8 4 12 43200 8.126 282.432 0 30.946 20.688 2585.270 1.901
01644000 2011 8 5 12 43200 54.413 222.450 0 29.682 23.114 2783.880 1.543
01644000 2011 8 6 12 43200 3.499 219.596 0 30.824 22.206 2766.354 1.772
01644000 2011 8 7 12 43200 14.671 304.693 0 32.744 22.301 2749.631 1.997
01644000 2011 8 8 12 43200 0.013 301.748 0 35.376 22.123 2510.222 2.313
01644000 2011 8 9 12 43200 10.034 319.424 0 27.154 16.888 1938.665 1.730
01644000 2011 8 10 12 43200 9.872 16.866 0 20.678 17.913 1958.884 0.834
01658500 2011 8 1 12 43200 0.019 320.535 0 34.952 20.473 1975.050 2.405
01658500 2011 8 2 12 43200 3.465 315.703 0 34.241 21.125 2018.361 2.288
01658500 2011 8 3 12 43200 1.481 224.174 0 32.700 22.261 2023.946 2.031
01658500 2011 8 4 12 43200 7.063 278.299 0 34.117 21.260 2555.789 2.265
01658500 2011 8 5 12 43200 31.212 171.645 0 31.794 22.592 2819.564 1.895
01658500 2011 8 6 12 43200 16.730 267.541 0 35.318 20.881 2747.562 2.423
01658500 2011 8 7 12 43200 14.024 254.058 0 35.957 23.183 2853.051 2.356
01658500 2011 8 8 12 43200 0.019 312.875 0 37.664 23.837 2466.971 2.515
01658500 2011 8 9 12 43200 10.781 316.413 0 31.205 19.399 2066.058 2.052
01658500 2011 8 10 12 43200 2.950 25.602 0 22.393 19.701 2126.085 0.880
01664000 2011 8 1 12 43200 0.049 286.700 0 34.207 19.916 1882.326 2.360
01664000 2011 8 2 12 43200 1.492 302.426 0 33.577 20.029 1907.840 2.284
01664000 2011 8 3 12 43200 0.282 201.964 0 30.155 21.793 1986.424 1.759
01664000 2011 8 4 12 43200 6.135 255.532 0 31.672 20.531 2531.815 2.037
01664000 2011 8 5 12 43200 23.477 215.217 0 29.656 21.699 2734.123 1.704
01664000 2011 8 6 12 43200 9.195 232.771 0 34.094 21.492 2716.872 2.254
01664000 2011 8 7 12 43200 15.598 262.137 0 33.839 22.041 2727.449 2.188
01664000 2011 8 8 12 43200 0.000 303.841 0 37.393 21.942 2278.221 2.603
01664000 2011 8 9 12 43200 9.905 318.042 0 29.401 17.391 2018.928 1.979
01664000 2011 8 10 12 43200 10.289 21.542 0 20.912 17.402 2033.973 0.956
01666500 2011 8 1 12 43200 0.309 283.241 0 34.726 19.717 1931.497 2.448
01666500 2011 8 2 12 43200 2.568 299.962 0 33.662 19.743 1879.774 2.329
01666500 2011 8 3 12 43200 0.007 207.778 0 32.926 20.821 1968.419 2.181
01666500 2011 8 4 12 43200 7.201 249.410 0 32.510 20.238 2526.267 2.170
01666500 2011 8 5 12 43200 23.527 195.245 0 29.720 21.595 2731.751 1.736
01666500 2011 8 6 12 43200 19.277 248.807 0 33.794 20.995 2656.826 2.270
01666500 2011 8 7 12 43200 13.619 264.055 0 32.073 22.014 2752.558 1.996
01666500 2011 8 8 12 43200 0.000 310.563 0 36.718 22.014 2191.353 2.544
01666500 2011 8 9 12 43200 10.537 316.877 0 30.459 17.792 2072.568 2.088
01666500 2011 8 10 12 43200 16.247 20.203 0 21.826 17.609 2085.910 1.074
01667500 2011 8 1 12 43200 0.580 288.048 0 35.150 19.646 1982.188 2.496
01667500 2011 8 2 12 43200 2.938 302.949 0 33.724 19.701 1881.877 2.336
01667500 2011 8 3 12 43200 0.003 216.148 0 33.578 20.809 1964.588 2.254
01667500 2011 8 4 12 43200 8.643 253.313 0 33.183 20.451 2551.041 2.231
01667500 2011 8 5 12 43200 22.486 197.350 0 30.431 21.761 2745.597 1.810
01667500 2011 8 6 12 43200 24.735 260.357 0 33.835 20.794 2662.347 2.284
01667500 2011 8 7 12 43200 12.880 264.360 0 31.925 22.082 2768.748 1.970
01667500 2011 8 8 12 43200 0.000 311.991 0 36.673 22.071 2216.592 2.533
01667500 2011 8 9 12 43200 11.022 315.953 0 31.063 18.052 2113.990 2.137
01667500 2011 8 10 12 43200 20.046 19.724 0 22.167 17.970 2129.594 1.080
01669000 2011 8 1 12 43200 0.000 324.496 0 35.109 20.131 2262.767 2.514
01669000 2011 8 2 12 43200 0.041 319.204 0 34.660 22.254 2026.028 2.332
01669000 2011 8 3 12 43200 1.229 247.721 0 33.779 22.092 2066.585 2.237
01669000 2011 8 4 12 43200 8.325 254.084 0 34.546 22.236 2657.336 2.320
01669000 2011 8 5 12 43200 35.834 196.828 0 32.275 23.069 2999.599 1.973
01669000 2011 8 6 12 43200 13.109 281.439 0 34.119 22.236 2857.421 2.268
01669000 2011 8 7 12 43200 24.954 247.786 0 33.092 22.312 2912.919 2.137
01669000 2011 8 8 12 43200 0.319 299.041 0 37.191 23.984 2633.454 2.522
01669000 2011 8 9 12 43200 4.274 278.376 0 33.276 20.582 2387.848 2.278
01669000 2011 8 10 12 43200 0.253 129.967 0 27.559 21.004 2336.145 1.536
01669520 2011 8 1 12 43200 0.000 315.360 0 35.227 19.971 2324.078 2.562
01669520 2011 8 2 12 43200 0.000 322.907 0 34.738 22.295 2066.114 2.362
01669520 2011 8 3 12 43200 0.538 272.045 0 34.498 22.253 2081.020 2.336
01669520 2011 8 4 12 43200 10.630 237.917 0 34.672 22.521 2693.314 2.338
01669520 2011 8 5 12 43200 30.847 216.793 0 31.636 23.471 3035.709 1.872
01669520 2011 8 6 12 43200 12.091 260.571 0 33.757 22.438 2903.871 2.232
01669520 2011 8 7 12 43200 33.034 239.728 0 32.437 22.347 2930.109 2.073
01669520 2011 8 8 12 43200 0.082 298.607 0 36.910 23.862 2714.632 2.521
01669520 2011 8 9 12 43200 3.236 288.532 0 31.755 21.544 2429.195 2.050
01669520 2011 8 10 12 43200 0.248 185.342 0 27.595 21.211 2357.868 1.536
02011400 2011 8 1 12 43200 0.000 335.069 0 30.853 16.285 1549.387 2.234
02011400 2011 8 2 12 43200 0.073 310.207 0 29.851 16.487 1746.237 2.119
02011400 2011 8 3 12 43200 0.059 231.470 0 30.503 18.668 1853.817 2.065
02011400 2011 8 4 12 43200 11.438 252.013 0 30.053 21.355 2296.648 1.819
02011400 2011 8 5 12 43200 19.995 129.378 0 26.577 19.299 2425.538 1.554
02011400 2011 8 6 12 43200 6.986 289.248 0 30.949 18.449 2287.571 2.129
02011400 2011 8 7 12 43200 12.395 287.582 0 27.889 18.874 2424.217 1.749
02011400 2011 8 8 12 43200 0.108 304.499 0 34.131 18.057 1995.759 2.496
02011400 2011 8 9 12 43200 29.661 277.939 0 28.752 17.769 2259.911 1.925
02011400 2011 8 10 12 43200 125.150 13.427 0 20.313 16.430 2168.032 1.004
02011460 2011 8 1 12 43200 0.000 337.479 0 29.449 15.810 1510.059 2.093
02011460 2011 8 2 12 43200 0.052 312.038 0 28.706 15.986 1733.994 2.007
02011460 2011 8 3 12 43200 0.074 231.288 0 29.596 18.424 1824.532 1.962
02011460 2011 8 4 12 43200 11.276 268.756 0 28.949 20.919 2269.943 1.701
02011460 2011 8 5 12 43200 20.480 136.105 0 26.107 18.867 2362.628 1.520
02011460 2011 8 6 12 43200 5.425 287.131 0 30.597 17.820 2196.426 2.108
02011460 2011 8 7 12 43200 12.440 294.788 0 27.976 18.478 2382.018 1.774
02011460 2011 8 8 12 43200 0.235 307.684 0 32.744 17.605 1958.351 2.350
02011460 2011 8 9 12 43200 29.495 288.171 0 27.558 17.212 2231.933 1.812
02011460 2011 8 10 12 43200 119.248 13.115 0 19.920 16.017 2108.829 0.986
02013000 2011 8 1 12 43200 0.058 330.599 0 32.067 16.851 1764.505 2.358
02013000 2011 8 2 12 43200 0.126 287.801 0 30.116 17.052 1777.807 2.138
02013000 2011 8 3 12 43200 0.467 240.631 0 31.522 18.265 1908.750 2.224
02013000 2011 8 4 12 43200 9.077 265.754 0 31.197 21.295 2300.509 1.986
02013000 2011 8 5 12 43200 21.058 149.134 0 28.751 19.988 2523.330 1.785
02013000 2011 8 6 12 43200 5.329 271.500 0 31.907 19.631 2444.125 2.186
02013000 2011 8 7 12 43200 9.785 269.917 0 30.394 19.393 2433.642 2.026
02013000 2011 8 8 12 43200 -0.000 281.548 0 34.893 18.738 2107.664 2.571
02013000 2011 8 9 12 43200 30.527 276.634 0 29.504 18.687 2351.440 1.970
02013000 2011 8 10 12 43200 80.566 38.692 0 22.365 19.713 2385.515 0.902
02014000 2011 8 1 12 43200 0.175 329.489 0 32.178 17.290 1801.475 2.355
02014000 2011 8 2 12 43200 0.133 288.881 0 30.445 17.299 1772.441 2.166
02014000 2011 8 3 12 43200 0.215 244.957 0 31.869 18.682 1909.630 2.246
02014000 2011 8 4 12 43200 8.183 265.237 0 31.482 21.096 2308.291 2.042
02014000 2011 8 5 12 43200 20.096 185.971 0 30.139 20.422 2534.718 1.928
02014000 2011 8 6 12 43200 6.828 266.894 0 31.645 20.190 2493.230 2.126
02014000 2011 8 7 12 43200 5.684 250.695 0 32.084 19.734 2378.859 2.207
02014000 2011 8 8 12 43200 0.000 276.734 0 35.199 19.148 2124.304 2.592
02014000 2011 8 9 12 43200 26.128 267.304 0 30.291 19.134 2339.722 2.038
02014000 2011 8 10 12 43200 85.456 41.619 0 22.726 19.995 2419.695 0.926
02015700 2011 8 1 12 43200 0.000 334.700 0 30.833 16.213 1539.845 2.222
02015700 2011 8 2 12 43200 0.000 315.242 0 29.843 16.514 1721.289 2.103
02015700 2011 8 3 12 43200 0.033 235.093 0 30.286 18.785 1841.297 2.021
02015700 2011 8 4 12 43200 10.845 256.580 0 29.136 21.467 2285.001 1.681
02015700 2011 8 5 12 43200 15.795 126.454 0 26.706 19.235 2391.922 1.566
02015700 2011 8 6 12 43200 8.217 302.591 0 30.298 18.607 2285.805 2.033
02015700 2011 8 7 12 43200 11.814 283.001 0 28.696 19.010 2387.224 1.823
02015700 2011 8 8 12 43200 0.327 304.803 0 34.017 18.014 1957.763 2.471
02015700 2011 8 9 12 43200 26.493 263.030 0 28.525 17.614 2219.914 1.897
02015700 2011 8 10 12 43200 123.459 6.851 0 19.486 15.856 2089.773 0.945
02016000 2011 8 1 12 43200 0.066 332.056 0 32.062 16.643 1605.384 2.368
02016000 2011 8 2 12 43200 0.105 309.054 0 31.015 17.022 1759.735 2.237
02016000 2011 8 3 12 43200 0.015 231.952 0 31.271 19.080 1880.762 2.149
02016000 2011 8 4 12 43200 10.606 231.802 0 30.820 21.772 2315.465 1.901
02016000 2011 8 5 12 43200 17.850 127.928 0 27.385 19.743 2471.630 1.635
02016000 2011 8 6 12 43200 10.261 294.454 0 31.178 19.245 2390.408 2.128
02016000 2011 8 7 12 43200 10.766 278.117 0 29.520 19.381 2432.403 1.925
02016000 2011 8 8 12 43200 0.122 302.937 0 35.168 18.604 2029.951 2.608
02016000 2011 8 9 12 43200 24.916 266.023 0 29.727 18.323 2269.877 2.020
02016000 2011 8 10 12 43200 127.771 12.321 0 20.420 16.779 2211.621 0.988
02017500 2011 8 1 12 43200 0.195 328.777 0 31.756 17.547 1826.828 2.317
02017500 2011 8 2 12 43200 0.097 290.182 0 30.201 17.375 1763.070 2.155
02017500 2011 8 3 12 43200 0.149 251.997 0 31.777 18.924 1911.561 2.241
02017500 2011 8 4 12 43200 8.371 271.251 0 31.264 20.629 2314.398 2.068
02017500 2011 8 5 12 43200 20.200 225.352 0 30.933 20.653 2530.215 2.026
02017500 2011 8 6 12 43200 7.603 263.683 0 30.883 20.481 2503.013 2.033
02017500 2011 8 7 12 43200 3.076 235.341 0 32.697 19.827 2321.311 2.292
02017500 2011 8 8 12 43200 -0.000 268.916 0 34.720 19.358 2134.134 2.550
02017500 2011 8 9 12 43200 25.339 264.317 0 30.182 19.315 2335.034 2.031
02017500 2011 8 10 12 43200 79.290 50.108 0 23.162 20.397 2434.816 0.950
02018000 2011 8 1 12 43200 0.315 328.137 0 32.435 18.087 1826.353 2.348
02018000 2011 8 2 12 43200 0.065 287.637 0 30.974 18.179 1754.156 2.180
02018000 2011 8 3 12 43200 0.128 244.219 0 32.277 19.499 1899.518 2.249
02018000 2011 8 4 12 43200 5.103 274.394 0 32.094 21.505 2291.065 2.092
02018000 2011 8 5 12 43200 16.789 219.350 0 31.538 21.107 2523.087 2.053
02018000 2011 8 6 12 43200 9.367 261.624 0 31.246 20.941 2516.777 2.030
02018000 2011 8 7 12 43200 3.391 235.222 0 33.621 20.423 2353.665 2.348
02018000 2011 8 8 12 43200 -0.000 276.718 0 35.542 19.987 2115.127 2.593
02018000 2011 8 9 12 43200 21.156 261.741 0 30.985 19.845 2319.902 2.076
02018000 2011 8 10 12 43200 95.345 41.138 0 23.014 20.364 2448.824 0.922
02027000 2011 8 1 12 43200 1.584 331.806 0 32.610 18.664 1925.438 2.331
02027000 2011 8 2 12 43200 0.556 314.043 0 32.251 19.570 1861.973 2.237
02027000 2011 8 3 12 43200 0.000 257.376 0 33.189 20.831 1991.051 2.267
02027000 2011 8 4 12 43200 6.734 157.043 0 31.055 23.085 2354.607 1.823
02027000 2011 8 5 12 43200 21.518 166.792 0 32.870 21.627 2671.077 2.174
02027000 2011 8 6 12 43200 111.018 281.504 0 30.033 21.224 2768.951 1.852
02027000 2011 8 7 12 43200 18.111 272.386 0 33.145 21.678 2670.558 2.204
02027000 2011 8 8 12 43200 0.000 303.758 0 34.768 21.613 2207.363 2.403
02027000 2011 8 9 12 43200 2.518 305.726 0 30.755 19.809 2260.867 2.048
02027000 2011 8 10 12 43200 70.651 15.004 0 22.518 18.557 2397.746 1.091
02027500 2011 8 1 12 43200 1.724 331.745 0 32.874 18.435 1923.638 2.374
02027500 2011 8 2 12 43200 0.449 310.045 0 32.701 19.468 1857.440 2.296
02027500 2011 8 3 12 43200 0.000 252.426 0 33.191 20.652 1985.569 2.280
02027500 2011 8 4 12 43200 7.434 155.495 0 30.992 23.145 2365.269 1.810
02027500 2011 8 5 12 43200 22.118 170.399 0 33.224 21.523 2676.784 2.225
02027500 2011 8 6 12 43200 106.233 280.004 0 29.644 21.201 2792.491 1.805
02027500 2011 8 7 12 43200 17.027 265.161 0 33.765 21.544 2666.419 2.289
02027500 2011 8 8 12 43200 0.000 302.561 0 34.999 21.498 2201.523 2.439
02027500 2011 8 9 12 43200 1.798 303.781 0 30.846 20.095 2264.699 2.040
02027500 2011 8 10 12 43200 77.405 16.186 0 22.725 18.689 2422.595 1.107
02028500 2011 8 1 12 43200 0.789 330.323 0 32.978 18.625 1882.961 2.359
02028500 2011 8 2 12 43200 0.510 313.023 0 32.584 19.591 1844.973 2.260
02028500 2011 8 3 12 43200 0.000 261.369 0 33.268 20.680 1970.496 2.271
02028500 2011 8 4 12 43200 11.471 182.337 0 31.193 22.349 2406.273 1.895
02028500 2011 8 5 12 43200 21.659 172.461 0 32.312 21.706 2684.549 2.087
02028500 2011 8 6 12 43200 85.563 297.231 0 32.248 21.364 2721.252 2.104
02028500 2011 8 7 12 43200 10.895 267.637 0 34.181 21.647 2637.174 2.316
02028500 2011 8 8 12 43200 0.000 308.548 0 34.904 21.687 2194.039 2.399
02028500 2011 8 9 12 43200 4.182 306.145 0 31.670 19.122 2241.439 2.185
02028500 2011 8 10 12 43200 58.735 9.767 0 22.359 18.168 2289.952 1.107
02038850 2011 8 1 12 43200 1.390 330.742 0 34.489 20.053 2168.548 2.495
02038850 2011 8 2 12 43200 0.299 308.615 0 34.454 20.694 1927.056 2.453
02038850 2011 8 3 12 43200 0.000 269.522 0 34.490 21.595 2076.106 2.400
02038850 2011 8 4 12 43200 0.000 201.753 0 34.097 24.655 2415.171 2.116
02038850 2011 8 5 12 43200 7.511 209.416 0 34.754 22.654 2845.079 2.360
02038850 2011 8 6 12 43200 105.438 256.765 0 31.845 21.246 2825.021 2.102
02038850 2011 8 7 12 43200 31.130 277.419 0 33.325 22.910 2880.917 2.161
02038850 2011 8 8 12 43200 -0.000 297.862 0 36.851 22.567 2440.146 2.622
02038850 2011 8 9 12 43200 1.799 298.772 0 32.878 20.681 2381.576 2.267
02038850 2011 8 10 12 43200 62.173 41.083 0 23.649 20.535 2640.272 1.020
02046000 2011 8 1 12 43200 0.000 316.607 0 32.956 20.940 2360.662 2.291
02046000 2011 8 2 12 43200 0.000 310.075 0 34.509 21.899 2110.419 2.415
02046000 2011 8 3 12 43200 0.000 288.781 0 33.312 22.460 2035.477 2.224
02046000 2011 8 4 12 43200 1.386 210.971 0 35.292 23.725 2524.178 2.382
02046000 2011 8 5 12 43200 4.875 228.619 0 35.156 23.958 2933.208 2.346
02046000 2011 8 6 12 43200 16.770 216.041 0 33.838 22.791 2950.004 2.266
02046000 2011 8 7 12 43200 29.423 239.524 0 32.737 22.697 2870.390 2.131
02046000 2011 8 8 12 43200 9.588 281.769 0 36.609 23.795 2833.089 2.545
02046000 2011 8 9 12 43200 2.628 270.524 0 33.737 23.134 2589.202 2.227
02046000 2011 8 10 12 43200 25.023 122.277 0 29.774 22.049 2710.627 1.792
02051000 2011 8 1 12 43200 0.000 328.858 0 32.936 21.350 2363.501 2.266
02051000 2011 8 2 12 43200 0.000 308.934 0 34.243 21.248 2092.094 2.433
02051000 2011 8 3 12 43200 0.000 285.233 0 32.753 22.478 2124.972 2.157
02051000 2011 8 4 12 43200 0.000 243.636 0 35.757 24.103 2473.266 2.420
02051000 2011 8 5 12 43200 5.426 237.724 0 34.338 23.257 2886.615 2.301
02051000 2011 8 6 12 43200 15.558 186.996 0 32.945 22.697 2939.684 2.165
02051000 2011 8 7 12 43200 121.177 210.673 0 31.539 23.076 3010.192 1.944
02051000 2011 8 8 12 43200 3.756 282.361 0 35.731 23.116 2810.268 2.490
02051000 2011 8 9 12 43200 1.526 261.169 0 32.885 22.141 2564.108 2.201
02051000 2011 8 10 12 43200 47.841 93.923 0 27.535 22.573 2827.325 1.411
02051500 2011 8 1 12 43200 0.002 324.196 0 32.779 21.362 2389.304 2.270
02051500 2011 8 2 12 43200 0.000 304.233 0 34.205 21.374 2144.911 2.447
02051500 2011 8 3 12 43200 0.000 281.922 0 32.834 22.424 2137.799 2.196
02051500 2011 8 4 12 43200 0.122 240.190 0 35.537 24.153 2487.945 2.414
02051500 2011 8 5 12 43200 3.848 238.833 0 34.801 23.778 2844.620 2.346
02051500 2011 8 6 12 43200 12.052 199.336 0 33.415 23.250 2950.088 2.205
02051500 2011 8 7 12 43200 77.015 226.085 0 32.084 23.198 2970.225 2.029
02051500 2011 8 8 12 43200 4.501 277.863 0 35.608 23.373 2855.924 2.483
02051500 2011 8 9 12 43200 2.239 254.093 0 33.489 22.404 2613.454 2.283
02051500 2011 8 10 12 43200 40.733 116.013 0 27.714 22.665 2845.270 1.444
02053200 2011 8 1 12 43200 1.353 303.871 0 31.460 21.484 2551.747 2.121
02053200 2011 8 2 12 43200 0.000 283.496 0 33.896 21.928 2455.677 2.402
02053200 2011 8 3 12 43200 0.000 271.097 0 32.271 22.422 2223.402 2.151
02053200 2011 8 4 12 43200 0.065 242.691 0 35.352 24.868 2611.198 2.361
02053200 2011 8 5 12 43200 0.132 261.843 0 34.518 25.241 2827.939 2.210
02053200 2011 8 6 12 43200 5.272 270.988 0 34.325 23.797 2941.998 2.312
02053200 2011 8 7 12 43200 8.124 284.285 0 34.289 24.033 2996.588 2.287
02053200 2011 8 8 12 43200 7.909 282.294 0 34.929 23.793 3007.457 2.394
02053200 2011 8 9 12 43200 24.156 272.670 0 33.042 24.007 3053.519 2.116
02053200 2011 8 10 12 43200 29.234 200.549 0 28.690 22.939 2895.193 1.585
02053800 2011 8 1 12 43200 0.064 327.846 0 31.859 18.264 1848.879 2.323
02053800 2011 8 2 12 43200 0.000 297.020 0 30.904 18.912 1745.362 2.173
02053800 2011 8 3 12 43200 0.236 263.673 0 31.799 20.251 1953.597 2.191
02053800 2011 8 4 12 43200 0.560 301.045 0 32.754 21.303 2220.231 2.234
02053800 2011 8 5 12 43200 9.425 280.266 0 32.094 21.151 2473.201 2.163
02053800 2011 8 6 12 43200 13.281 210.141 0 28.540 20.906 2553.483 1.726
02053800 2011 8 7 12 43200 16.077 225.370 0 32.484 20.530 2422.449 2.255
02053800 2011 8 8 12 43200 0.000 279.411 0 34.535 20.339 2159.647 2.511
02053800 2011 8 9 12 43200 15.138 276.301 0 30.643 20.032 2363.089 2.066
02053800 2011 8 10 12 43200 87.423 68.392 0 23.866 20.862 2518.614 1.020
02055100 2011 8 1 12 43200 0.600 327.500 0 33.683 18.950 1843.049 2.464
02055100 2011 8 2 12 43200 0.000 281.750 0 32.250 19.395 1749.070 2.275
02055100 2011 8 3 12 43200 0.000 233.250 0 33.093 20.392 1878.041 2.311
02055100 2011 8 4 12 43200 1.300 278.000 0 33.250 22.758 2268.697 2.163
02055100 2011 8 5 12 43200 11.800 212.125 0 32.875 21.950 2512.631 2.177
02055100 2011 8 6 12 43200 13.200 265.500 0 32.097 21.777 2561.003 2.093
02055100 2011 8 7 12 43200 2.460 229.625 0 35.350 21.408 2391.905 2.514
02055100 2011 8 8 12 43200 -0.000 286.500 0 36.650 21.062 2087.108 2.687
02055100 2011 8 9 12 43200 15.000 260.375 0 31.850 20.699 2292.279 2.142
02055100 2011 8 10 12 43200 115.940 30.500 0 23.050 20.426 2475.794 0.928
02056900 2011 8 1 12 43200 0.049 330.327 0 32.692 19.167 1938.456 2.375
02056900 2011 8 2 12 43200 0.000 295.125 0 32.412 20.284 1784.693 2.271
02056900 2011 8 3 12 43200 0.001 265.496 0 32.586 21.440 1991.025 2.211
02056900 2011 8 4 12 43200 0.016 303.455 0 34.862 22.835 2244.634 2.396
02056900 2011 8 5 12 43200 2.581 281.454 0 34.232 22.523 2474.121 2.339
02056900 2011 8 6 12 43200 12.177 230.309 0 30.349 22.253 2649.399 1.853
02056900 2011 8 7 12 43200 18.370 229.617 0 34.936 21.495 2540.141 2.496
02056900 2011 8 8 12 43200 0.009 279.600 0 36.103 21.751 2196.650 2.621
02056900 2011 8 9 12 43200 9.518 274.037 0 31.696 20.696 2418.331 2.155
02056900 2011 8 10 12 43200 113.362 76.737 0 24.172 21.218 2635.094 1.024
02059500 2011 8 1 12 43200 1.126 331.132 0 34.066 19.587 2041.178 2.497
02059500 2011 8 2 12 43200 0.000 280.624 0 33.183 20.351 1879.224 2.347
02059500 2011 8 3 12 43200 0.000 249.422 0 33.708 20.918 1997.600 2.373
02059500 2011 8 4 12 43200 0.000 288.043 0 35.536 23.700 2324.074 2.405
02059500 2011 8 5 12 43200 4.394 255.672 0 33.890 22.631 2606.751 2.276
02059500 2011 8 6 12 43200 22.410 256.069 0 32.615 22.091 2757.969 2.155
02059500 2011 8 7 12 43200 11.715 252.256 0 35.997 21.788 2640.006 2.593
02059500 2011 8 8 12 43200 -0.000 293.162 0 36.155 22.048 2217.302 2.596
02059500 2011 8 9 12 43200 2.822 289.156 0 32.474 21.008 2361.110 2.217
02059500 2011 8 10 12 43200 125.190 62.861 0 23.741 20.473 2622.662 1.056
02064000 2011 8 1 12 43200 0.307 331.985 0 34.415 20.252 2221.532 2.503
02064000 2011 8 2 12 43200 0.000 298.745 0 34.933 21.287 1986.455 2.501
02064000 2011 8 3 12 43200 0.000 261.496 0 34.274 21.914 2107.879 2.380
02064000 2011 8 4 12 43200 0.000 260.315 0 36.643 24.630 2419.177 2.482
02064000 2011 8 5 12 43200 2.782 235.220 0 35.052 23.043 2818.575 2.397
02064000 2011 8 6 12 43200 14.020 241.343 0 32.006 22.189 2868.825 2.073
02064000 2011 8 7 12 43200 50.709 268.844 0 31.402 23.201 2996.842 1.904
02064000 2011 8 8 12 43200 1.940 289.653 0 37.315 22.491 2517.117 2.714
02064000 2011 8 9 12 43200 0.964 274.917 0 32.243 21.539 2469.872 2.154
02064000 2011 8 10 12 43200 66.219 70.931 0 24.707 21.468 2727.618 1.080
02065500 2011 8 1 12 43200 0.365 330.482 0 33.730 20.320 2269.337 2.423
02065500 2011 8 2 12 43200 0.000 296.682 0 34.811 21.204 2048.272 2.497
02065500 2011 8 3 12 43200 0.000 268.391 0 34.058 22.162 2109.203 2.340
02065500 2011 8 4 12 43200 0.000 251.007 0 35.647 24.406 2440.041 2.374
02065500 2011 8 5 12 43200 3.790 230.862 0 35.032 22.968 2860.235 2.404
02065500 2011 8 6 12 43200 22.058 232.634 0 32.462 21.938 2877.878 2.155
02065500 2011 8 7 12 43200 63.270 248.080 0 31.054 23.117 3011.507 1.867
02065500 2011 8 8 12 43200 1.261 286.035 0 36.915 22.789 2596.251 2.651
02065500 2011 8 9 12 43200 1.661 274.839 0 32.664 21.134 2481.117 2.240
02065500 2011 8 10 12 43200 67.581 66.900 0 25.739 21.896 2775.415 1.201
02069700 2011 8 1 12 43200 0.000 330.155 0 32.332 18.857 1956.069 2.395
02069700 2011 8 2 12 43200 0.000 300.889 0 32.492 20.400 1834.105 2.316
02069700 2011 8 3 12 43200 0.001 284.185 0 33.508 21.708 1974.130 2.350
02069700 2011 8 4 12 43200 0.056 310.937 0 35.062 22.330 2140.624 2.502
02069700 2011 8 5 12 43200 0.001 307.757 0 35.150 22.775 2365.045 2.482
02069700 2011 8 6 12 43200 14.200 196.473 0 30.599 21.627 2650.980 1.979
02069700 2011 8 7 12 43200 47.621 207.160 0 30.479 22.091 2683.204 1.921
02069700 2011 8 8 12 43200 -0.000 242.680 0 35.497 22.332 2338.759 2.557
02069700 2011 8 9 12 43200 16.742 283.483 0 31.004 21.626 2466.615 2.033
02069700 2011 8 10 12 43200 82.979 98.433 0 27.126 21.932 2673.680 1.449
02070000 2011 8 1 12 43200 0.000 331.233 0 32.499 19.112 2004.022 2.400
02070000 2011 8 2 12 43200 0.000 301.485 0 32.934 20.709 1852.395 2.349
02070000 2011 8 3 12 43200 0.000 278.467 0 33.674 22.110 2001.457 2.342
02070000 2011 8 4 12 43200 0.025 310.510 0 35.519 22.776 2176.396 2.529
02070000 2011 8 5 12 43200 -0.000 305.003 0 35.501 23.203 2418.912 2.496
02070000 2011 8 6 12 43200 14.140 206.802 0 31.320 22.045 2711.164 2.040
02070000 2011 8 7 12 43200 42.475 221.167 0 31.181 22.380 2693.745 1.991
02070000 2011 8 8 12 43200 -0.000 250.124 0 36.336 22.567 2343.341 2.647
02070000 2011 8 9 12 43200 12.336 283.480 0 31.852 21.601 2479.846 2.146
02070000 2011 8 10 12 43200 98.348 100.983 0 26.849 22.138 2723.022 1.379
02074500 2011 8 1 12 43200 0.000 332.617 0 33.206 19.997 2175.018 2.424
02074500 2011 8 2 12 43200 0.000 311.021 0 34.022 21.319 1930.441 2.437
02074500 2011 8 3 12 43200 0.000 289.645 0 34.281 22.227 2049.922 2.406
02074500 2011 8 4 12 43200 0.000 309.678 0 37.080 23.622 2249.102 2.663
02074500 2011 8 5 12 43200 0.400 283.767 0 35.792 24.304 2587.539 2.445
02074500 2011 8 6 12 43200 16.845 218.543 0 33.602 22.912 2851.149 2.266
02074500 2011 8 7 12 43200 34.992 260.928 0 33.455 23.363 2840.671 2.209
02074500 2011 8 8 12 43200 0.352 247.044 0 37.556 23.176 2449.720 2.754
02074500 2011 8 9 12 43200 3.667 277.531 0 33.442 22.178 2538.929 2.302
02074500 2011 8 10 12 43200 133.080 109.918 0 26.777 22.663 2835.171 1.293
02077200 2011 8 1 12 43200 0.009 331.000 0 31.747 20.882 2435.504 2.203
02077200 2011 8 2 12 43200 0.000 315.588 0 34.014 21.882 2111.738 2.418
02077200 2011 8 3 12 43200 0.000 303.005 0 33.005 22.104 2132.588 2.271
02077200 2011 8 4 12 43200 0.000 316.986 0 35.569 23.771 2315.931 2.478
02077200 2011 8 5 12 43200 0.403 260.633 0 35.088 24.376 2551.756 2.365
02077200 2011 8 6 12 43200 2.946 281.381 0 34.412 23.564 2826.938 2.340
02077200 2011 8 7 12 43200 25.662 231.120 0 32.620 23.875 3017.741 2.067
02077200 2011 8 8 12 43200 0.294 252.939 0 35.253 24.437 2723.042 2.382
02077200 2011 8 9 12 43200 3.462 270.370 0 32.504 22.462 2690.977 2.176
02077200 2011 8 10 12 43200 80.401 124.845 0 29.830 23.356 2900.768 1.712
02081500 2011 8 1 12 43200 0.010 317.649 0 31.501 21.874 2495.846 2.108
02081500 2011 8 2 12 43200 0.000 306.704 0 33.976 21.570 2268.522 2.454
02081500 2011 8 3 12 43200 0.000 296.962 0 33.747 22.517 2229.397 2.354
02081500 2011 8 4 12 43200 0.000 303.766 0 35.468 23.979 2398.360 2.468
02081500 2011 8 5 12 43200 0.367 269.052 0 36.209 24.662 2636.216 2.512
02081500 2011 8 6 12 43200 7.987 268.556 0 33.679 23.498 2899.258 2.265
02081500 2011 8 7 12 43200 36.776 201.816 0 32.520 23.354 3010.699 2.117
02081500 2011 8 8 12 43200 2.020 281.563 0 35.035 23.772 2828.803 2.426
02081500 2011 8 9 12 43200 2.402 254.490 0 33.417 22.720 2751.836 2.294
02081500 2011 8 10 12 43200 42.442 162.027 0 28.392 23.485 2939.401 1.479
02082950 2011 8 1 12 43200 0.016 293.746 0 31.938 21.553 2520.669 2.193
02082950 2011 8 2 12 43200 0.000 284.159 0 34.901 22.063 2339.676 2.538
02082950 2011 8 3 12 43200 0.000 258.329 0 32.592 22.698 2214.892 2.186
02082950 2011 8 4 12 43200 0.000 269.345 0 35.925 24.875 2517.493 2.457
02082950 2011 8 5 12 43200 0.011 273.549 0 35.371 24.884 2725.392 2.379
02082950 2011 8 6 12 43200 6.693 241.507 0 33.997 24.247 2947.393 2.244
02082950 2011 8 7 12 43200 17.560 250.805 0 33.870 23.967 2944.804 2.251
02082950 2011 8 8 12 43200 6.426 244.657 0 35.376 23.698 2968.705 2.479
02082950 2011 8 9 12 43200 7.831 248.979 0 32.681 23.131 2870.735 2.161
02082950 2011 8 10 12 43200 30.067 153.453 0 27.782 23.188 2939.454 1.416
02092500 2011 8 1 12 43200 71.690 292.783 0 29.814 22.787 2854.646 1.862
02092500 2011 8 2 12 43200 -0.000 319.081 0 33.229 21.158 2611.998 2.492
02092500 2011 8 3 12 43200 0.000 321.267 0 33.618 23.260 2525.109 2.375
02092500 2011 8 4 12 43200 0.000 321.989 0 35.464 25.367 2714.541 2.450
02092500 2011 8 5 12 43200 0.173 283.646 0 35.195 25.047 2878.336 2.440
02092500 2011 8 6 12 43200 4.517 271.749 0 35.939 24.081 2986.085 2.631
02092500 2011 8 7 12 43200 5.257 302.373 0 35.102 23.611 2873.016 2.553
02092500 2011 8 8 12 43200 21.955 248.362 0 33.439 24.677 3069.964 2.215
02092500 2011 8 9 12 43200 11.747 285.282 0 34.645 23.851 3008.220 2.469
02092500 2011 8 10 12 43200 49.258 194.434 0 29.623 24.567 3124.464 1.609
02096846 2011 8 1 12 43200 0.010 331.125 0 31.183 20.969 2465.262 2.157
02096846 2011 8 2 12 43200 0.000 318.750 0 33.578 21.595 2228.664 2.421
02096846 2011 8 3 12 43200 0.000 305.375 0 33.460 22.192 2186.767 2.360
02096846 2011 8 4 12 43200 0.000 318.375 0 35.373 23.358 2307.004 2.523
02096846 2011 8 5 12 43200 0.000 311.500 0 36.050 24.150 2482.952 2.552
02096846 2011 8 6 12 43200 0.600 267.250 0 34.450 23.677 2810.147 2.373
02096846 2011 8 7 12 43200 27.660 226.625 0 32.533 23.808 3003.519 2.093
02096846 2011 8 8 12 43200 0.100 282.125 0 35.350 24.262 2797.791 2.448
02096846 2011 8 9 12 43200 15.000 288.625 0 32.050 22.899 2761.340 2.110
02096846 2011 8 10 12 43200 48.050 133.375 0 29.982 23.526 2944.434 1.743
02102908 2011 8 1 12 43200 0.240 316.875 0 32.483 22.550 2558.096 2.267
02102908 2011 8 2 12 43200 -0.000 274.000 0 35.350 22.695 2327.986 2.648
02102908 2011 8 3 12 43200 0.000 321.875 0 35.860 23.992 2173.182 2.616
02102908 2011 8 4 12 43200 0.000 320.750 0 37.350 25.358 2346.603 2.712
02102908 2011 8 5 12 43200 0.000 319.500 0 36.650 25.250 2501.689 2.622
02102908 2011 8 6 12 43200 1.500 285.875 0 36.197 23.977 2746.849 2.664
02102908 2011 8 7 12 43200 6.730 245.250 0 34.633 24.008 2874.244 2.443
02102908 2011 8 8 12 43200 5.400 247.125 0 36.350 24.662 2812.258 2.629
02102908 2011 8 9 12 43200 4.200 205.125 0 36.450 24.599 2779.014 2.649
02102908 2011 8 10 12 43200 34.100 202.125 0 29.921 24.026 2989.143 1.725
02108000 2011 8 1 12 43200 34.671 270.296 0 29.340 23.071 2840.284 1.770
02108000 2011 8 2 12 43200 0.006 310.780 0 33.481 21.489 2549.923 2.522
02108000 2011 8 3 12 43200 -0.000 324.016 0 33.847 23.467 2472.375 2.410
02108000 2011 8 4 12 43200 0.000 322.301 0 35.682 24.831 2648.211 2.552
02108000 2011 8 5 12 43200 0.006 294.407 0 35.327 25.208 2845.322 2.465
02108000 2011 8 6 12 43200 1.569 283.723 0 35.446 24.385 2919.871 2.558
02108000 2011 8 7 12 43200 4.330 291.223 0 35.117 23.947 2875.587 2.549
02108000 2011 8 8 12 43200 25.870 263.028 0 34.253 24.587 3072.620 2.365
02108000 2011 8 9 12 43200 11.665 272.174 0 34.625 23.980 2977.998 2.476
02108000 2011 8 10 12 43200 55.609 209.260 0 30.371 24.585 3075.609 1.751
02111180 2011 8 1 12 43200 1.068 333.712 0 30.549 17.815 1871.375 2.293
02111180 2011 8 2 12 43200 0.000 310.961 0 31.342 19.293 1680.081 2.294
02111180 2011 8 3 12 43200 0.000 325.672 0 32.258 20.256 1945.282 2.341
02111180 2011 8 4 12 43200 0.000 312.869 0 32.980 20.556 1992.995 2.411
02111180 2011 8 5 12 43200 5.342 286.767 0 31.872 21.382 2240.846 2.208
02111180 2011 8 6 12 43200 28.747 291.230 0 28.792 20.109 2501.472 1.906
02111180 2011 8 7 12 43200 22.161 282.985 0 29.745 20.240 2520.123 2.021
02111180 2011 8 8 12 43200 16.611 137.926 0 27.181 20.893 2455.763 1.606
02111180 2011 8 9 12 43200 20.310 266.646 0 30.012 20.298 2241.810 2.051
02111180 2011 8 10 12 43200 94.778 215.288 0 26.646 20.458 2583.945 1.574
02111500 2011 8 1 12 43200 0.602 334.002 0 31.478 18.247 1886.947 2.368
02111500 2011 8 2 12 43200 0.000 307.383 0 32.273 19.792 1707.770 2.365
02111500 2011 8 3 12 43200 0.000 324.379 0 32.856 20.688 1964.456 2.377
02111500 2011 8 4 12 43200 0.000 310.132 0 33.544 21.354 2028.449 2.416
02111500 2011 8 5 12 43200 2.217 299.809 0 32.969 21.747 2208.461 2.314
02111500 2011 8 6 12 43200 27.712 293.200 0 29.689 20.774 2570.452 1.961
02111500 2011 8 7 12 43200 34.437 286.869 0 30.925 20.706 2604.826 2.129
02111500 2011 8 8 12 43200 10.026 121.965 0 26.961 21.558 2448.258 1.491
02111500 2011 8 9 12 43200 15.516 275.276 0 29.645 21.195 2312.767 1.918
02111500 2011 8 10 12 43200 83.946 194.994 0 26.978 20.725 2617.576 1.588
02112120 2011 8 1 12 43200 0.159 333.518 0 31.705 18.337 1899.570 2.382
02112120 2011 8 2 12 43200 0.000 303.813 0 32.296 19.724 1749.349 2.366
02112120 2011 8 3 12 43200 0.000 322.173 0 32.967 20.573 1970.480 2.392
02112120 2011 8 4 12 43200 0.000 309.972 0 33.620 21.265 2051.403 2.425
02112120 2011 8 5 12 43200 1.782 302.542 0 33.288 21.679 2215.089 2.353
02112120 2011 8 6 12 43200 23.511 279.597 0 30.064 21.049 2557.190 1.982
02112120 2011 8 7 12 43200 41.422 268.668 0 31.218 21.019 2603.158 2.136
02112120 2011 8 8 12 43200 7.395 153.384 0 27.628 21.687 2439.932 1.574
02112120 2011 8 9 12 43200 15.453 283.253 0 29.662 21.230 2368.139 1.912
02112120 2011 8 10 12 43200 72.689 176.031 0 26.948 20.747 2615.611 1.576
02112360 2011 8 1 12 43200 0.000 332.764 0 31.739 18.412 1903.063 2.376
02112360 2011 8 2 12 43200 0.000 301.536 0 32.118 19.576 1787.001 2.348
02112360 2011 8 3 12 43200 0.000 318.829 0 33.119 20.408 1957.758 2.416
02112360 2011 8 4 12 43200 0.000 309.722 0 33.829 21.044 2066.833 2.461
02112360 2011 8 5 12 43200 0.843 303.728 0 33.487 21.646 2235.994 2.376
02112360 2011 8 6 12 43200 24.526 258.074 0 29.616 21.329 2573.548 1.892
02112360 2011 8 7 12 43200 54.352 247.385 0 31.103 21.192 2624.505 2.103
02112360 2011 8 8 12 43200 4.340 184.914 0 29.371 21.682 2420.198 1.825
02112360 2011 8 9 12 43200 16.431 291.667 0 29.206 21.238 2401.154 1.844
02112360 2011 8 10 12 43200 68.865 155.181 0 27.146 20.830 2599.075 1.593
02118500 2011 8 1 12 43200 0.157 330.072 0 33.199 19.714 2089.914 2.500
02118500 2011 8 2 12 43200 0.000 303.129 0 34.492 20.643 1874.279 2.600
02118500 2011 8 3 12 43200 0.000 321.676 0 33.977 21.564 2106.595 2.473
02118500 2011 8 4 12 43200 0.000 311.017 0 35.161 22.495 2142.036 2.559
02118500 2011 8 5 12 43200 0.030 317.177 0 35.704 22.906 2264.785 2.599
02118500 2011 8 6 12 43200 5.520 288.418 0 34.204 22.359 2561.954 2.444
02118500 2011 8 7 12 43200 17.481 267.759 0 34.160 22.442 2687.214 2.432
02118500 2011 8 8 12 43200 2.496 173.424 0 31.153 22.795 2521.469 1.992
02118500 2011 8 9 12 43200 3.572 236.363 0 34.029 22.205 2410.376 2.433
02118500 2011 8 10 12 43200 69.703 211.026 0 29.346 22.394 2830.021 1.770
02125000 2011 8 1 12 43200 0.171 309.639 0 32.410 21.015 2388.807 2.370
02125000 2011 8 2 12 43200 0.000 298.971 0 33.895 21.478 2067.683 2.531
02125000 2011 8 3 12 43200 0.000 314.513 0 34.863 22.539 2068.377 2.580
02125000 2011 8 4 12 43200 0.000 320.758 0 36.402 23.939 2202.807 2.680
02125000 2011 8 5 12 43200 0.000 318.276 0 37.207 23.723 2209.702 2.806
02125000 2011 8 6 12 43200 1.084 284.357 0 35.886 23.850 2616.368 2.617
02125000 2011 8 7 12 43200 10.557 233.838 0 35.190 24.129 2803.214 2.497
02125000 2011 8 8 12 43200 6.485 221.704 0 35.733 24.058 2695.157 2.579
02125000 2011 8 9 12 43200 0.120 243.215 0 36.089 23.640 2618.623 2.661
02125000 2011 8 10 12 43200 80.238 260.990 0 30.735 23.812 2977.234 1.872
02128000 2011 8 1 12 43200 0.000 318.986 0 32.000 20.952 2404.517 2.316
02128000 2011 8 2 12 43200 0.000 308.798 0 34.929 21.462 2121.335 2.661
02128000 2011 8 3 12 43200 0.000 276.283 0 35.773 22.091 2111.775 2.727
02128000 2011 8 4 12 43200 0.000 322.791 0 38.331 23.418 2190.232 2.971
02128000 2011 8 5 12 43200 0.000 322.405 0 37.335 23.801 2249.587 2.812
02128000 2011 8 6 12 43200 0.517 265.920 0 36.167 23.777 2698.122 2.656
02128000 2011 8 7 12 43200 10.357 238.339 0 35.212 23.432 2835.477 2.553
02128000 2011 8 8 12 43200 6.751 212.607 0 36.260 23.855 2747.589 2.662
02128000 2011 8 9 12 43200 2.499 210.759 0 37.205 23.450 2683.155 2.820
02128000 2011 8 10 12 43200 77.983 220.897 0 28.374 23.618 3001.701 1.503
02137727 2011 8 1 12 43200 2.427 332.350 0 30.948 18.700 1977.068 2.318
02137727 2011 8 2 12 43200 0.000 316.774 0 32.226 18.726 1727.462 2.473
02137727 2011 8 3 12 43200 0.000 326.649 0 33.040 20.116 1921.068 2.484
02137727 2011 8 4 12 43200 0.000 327.890 0 33.724 20.482 1934.539 2.545
02137727 2011 8 5 12 43200 4.532 264.717 0 32.344 21.449 2276.193 2.297
02137727 2011 8 6 12 43200 13.913 268.898 0 32.155 20.157 2383.024 2.369
02137727 2011 8 7 12 43200 5.817 261.670 0 29.792 20.337 2368.993 2.049
02137727 2011 8 8 12 43200 6.603 143.264 0 28.253 21.584 2354.726 1.715
02137727 2011 8 9 12 43200 8.144 250.814 0 31.783 19.957 2295.689 2.336
02137727 2011 8 10 12 43200 34.136 272.539 0 27.462 20.247 2559.130 1.737
02140991 2011 8 1 12 43200 0.231 333.499 0 30.878 18.046 1908.640 2.339
02140991 2011 8 2 12 43200 0.000 311.989 0 31.362 19.173 1686.019 2.325
02140991 2011 8 3 12 43200 0.000 326.558 0 33.084 20.366 1936.898 2.459
02140991 2011 8 4 12 43200 0.000 320.181 0 34.294 20.455 1973.710 2.604
02140991 2011 8 5 12 43200 4.726 275.814 0 32.005 21.516 2247.891 2.235
02140991 2011 8 6 12 43200 33.732 301.201 0 29.316 19.972 2513.281 2.005
02140991 2011 8 7 12 43200 5.841 256.233 0 32.016 20.301 2388.523 2.328
02140991 2011 8 8 12 43200 17.331 172.427 0 28.873 21.447 2426.370 1.810
02140991 2011 8 9 12 43200 18.896 254.291 0 31.211 20.187 2184.766 2.234
02140991 2011 8 10 12 43200 89.323 240.646 0 26.918 20.693 2598.986 1.603
02143000 2011 8 1 12 43200 0.244 329.899 0 31.779 19.890 2119.190 2.341
02143000 2011 8 2 12 43200 0.000 314.539 0 34.915 20.302 1850.209 2.705
02143000 2011 8 3 12 43200 0.000 322.776 0 33.980 21.710 2092.941 2.492
02143000 2011 8 4 12 43200 0.000 321.411 0 35.451 21.987 2122.682 2.663
02143000 2011 8 5 12 43200 0.062 312.784 0 34.804 22.520 2264.520 2.540
02143000 2011 8 6 12 43200 8.599 306.707 0 34.463 21.633 2530.949 2.560
02143000 2011 8 7 12 43200 0.671 293.000 0 34.288 22.055 2519.876 2.507
02143000 2011 8 8 12 43200 5.982 153.935 0 30.147 22.836 2527.394 1.864
02143000 2011 8 9 12 43200 2.644 258.732 0 34.300 21.559 2344.594 2.545
02143000 2011 8 10 12 43200 63.052 255.614 0 29.533 22.193 2811.390 1.840
02143040 2011 8 1 12 43200 1.446 329.516 0 31.783 20.474 2209.221 2.307
02143040 2011 8 2 12 43200 0.000 315.142 0 35.087 20.582 1912.744 2.719
02143040 2011 8 3 12 43200 0.000 323.104 0 33.809 22.123 2112.995 2.447
02143040 2011 8 4 12 43200 0.000 322.744 0 35.353 22.392 2155.141 2.631
02143040 2011 8 5 12 43200 0.004 317.454 0 35.084 22.741 2276.680 2.570
02143040 2011 8 6 12 43200 5.652 304.592 0 34.879 22.060 2547.182 2.593
02143040 2011 8 7 12 43200 0.079 292.488 0 34.582 22.587 2542.503 2.515
02143040 2011 8 8 12 43200 0.748 170.487 0 30.918 24.349 2478.858 1.821
02143040 2011 8 9 12 43200 1.832 278.726 0 34.393 21.792 2425.040 2.549
02143040 2011 8 10 12 43200 39.597 260.252 0 30.583 22.848 2807.872 1.935
02149000 2011 8 1 12 43200 2.920 330.672 0 31.283 19.731 2088.678 2.312
02149000 2011 8 2 12 43200 0.000 317.474 0 34.894 19.856 1835.503 2.756
02149000 2011 8 3 12 43200 0.000 325.097 0 34.140 21.193 1990.983 2.575
02149000 2011 8 4 12 43200 0.000 325.922 0 35.412 21.559 2001.789 2.713
02149000 2011 8 5 12 43200 0.698 291.197 0 33.776 22.331 2274.083 2.442
02149000 2011 8 6 12 43200 8.222 292.675 0 33.539 21.158 2428.308 2.499
02149000 2011 8 7 12 43200 1.506 257.391 0 32.254 21.470 2404.021 2.306
02149000 2011 8 8 12 43200 1.077 147.651 0 29.432 23.024 2401.517 1.752
02149000 2011 8 9 12 43200 4.816 249.611 0 32.852 21.000 2344.052 2.421
02149000 2011 8 10 12 43200 34.467 276.238 0 29.004 21.307 2686.054 1.871
02152100 2011 8 1 12 43200 1.500 329.625 0 31.683 20.350 2192.809 2.312
02152100 2011 8 2 12 43200 0.000 316.375 0 36.050 20.495 1919.225 2.854
02152100 2011 8 3 12 43200 0.000 323.875 0 34.160 21.992 2076.214 2.513
02152100 2011 8 4 12 43200 0.000 323.875 0 35.773 22.158 2125.546 2.712
02152100 2011 8 5 12 43200 0.000 316.375 0 35.150 22.650 2289.480 2.595
02152100 2011 8 6 12 43200 5.900 306.625 0 34.850 21.777 2524.833 2.619
02152100 2011 8 7 12 43200 0.000 290.500 0 34.750 22.308 2516.060 2.567
02152100 2011 8 8 12 43200 0.400 168.875 0 31.065 24.062 2465.349 1.884
02152100 2011 8 9 12 43200 2.500 283.750 0 34.350 21.599 2406.829 2.566
02152100 2011 8 10 12 43200 34.160 264.000 0 30.482 22.626 2801.372 1.949
02177000 2011 8 1 12 43200 0.297 311.216 0 29.622 19.656 2133.520 2.150
02177000 2011 8 2 12 43200 0.129 328.582 0 34.167 19.498 1872.366 2.749
02177000 2011 8 3 12 43200 0.000 331.643 0 32.528 21.088 1840.014 2.426
02177000 2011 8 4 12 43200 0.000 332.628 0 32.707 20.691 1953.099 2.480
02177000 2011 8 5 12 43200 14.596 318.191 0 29.775 21.657 2470.005 1.991
02177000 2011 8 6 12 43200 4.956 273.829 0 32.407 20.540 2368.569 2.451
02177000 2011 8 7 12 43200 23.876 271.470 0 29.888 20.414 2496.539 2.122
02177000 2011 8 8 12 43200 15.098 170.383 0 27.812 20.673 2470.002 1.802
02177000 2011 8 9 12 43200 26.668 271.763 0 29.465 19.995 2528.838 2.100
02177000 2011 8 10 12 43200 19.307 313.062 0 28.006 20.778 2529.280 1.820
02178400 2011 8 1 12 43200 0.900 303.250 0 29.450 18.650 2158.323 2.199
02178400 2011 8 2 12 43200 0.200 333.875 0 33.850 18.195 1865.766 2.778
02178400 2011 8 3 12 43200 0.000 333.125 0 31.560 19.992 1780.135 2.374
02178400 2011 8 4 12 43200 0.000 333.125 0 31.350 19.358 1985.336 2.393
02178400 2011 8 5 12 43200 20.000 320.125 0 28.775 20.450 2518.406 1.958
02178400 2011 8 6 12 43200 9.300 271.375 0 31.897 19.277 2384.380 2.468
02178400 2011 8 7 12 43200 15.380 283.500 0 30.033 19.608 2418.058 2.202
02178400 2011 8 8 12 43200 18.900 188.375 0 28.950 19.962 2421.025 2.027
02178400 2011 8 9 12 43200 27.300 298.000 0 27.911 19.099 2472.645 1.960
02178400 2011 8 10 12 43200 21.080 314.250 0 26.321 19.926 2495.460 1.653
02193340 2011 8 1 12 43200 13.000 280.794 0 33.406 23.055 2755.670 2.482
02193340 2011 8 2 12 43200 0.000 330.268 0 38.169 22.104 2093.306 3.226
02193340 2011 8 3 12 43200 0.000 327.101 0 36.198 23.011 2095.118 2.889
02193340 2011 8 4 12 43200 0.000 327.434 0 36.882 24.363 2203.609 2.878
02193340 2011 8 5 12 43200 0.000 318.947 0 37.364 24.564 2315.480 2.932
02193340 2011 8 6 12 43200 3.834 216.575 0 37.707 23.982 2700.298 3.028
02193340 2011 8 7 12 43200 2.515 257.065 0 36.083 24.713 2729.561 2.729
02193340 2011 8 8 12 43200 0.581 259.731 0 36.002 23.891 2730.484 2.789
02193340 2011 8 9 12 43200 24.405 267.789 0 29.963 23.909 2854.832 1.842
02193340 2011 8 10 12 43200 6.991 269.965 0 35.024 23.731 2752.622 2.660
02196000 2011 8 1 12 43200 25.314 319.323 0 34.340 23.490 2645.274 2.576
02196000 2011 8 2 12 43200 0.000 318.749 0 37.771 22.491 2040.509 3.141
02196000 2011 8 3 12 43200 0.000 327.611 0 38.753 23.818 2049.191 3.183
02196000 2011 8 4 12 43200 0.000 328.078 0 37.427 24.971 2160.192 2.902
02196000 2011 8 5 12 43200 0.000 294.217 0 37.548 24.898 2267.039 2.926
02196000 2011 8 6 12 43200 1.648 213.224 0 37.925 24.571 2574.812 3.008
02196000 2011 8 7 12 43200 3.903 212.922 0 37.172 24.578 2724.998 2.898
02196000 2011 8 8 12 43200 3.051 226.572 0 37.385 24.573 2686.020 2.929
02196000 2011 8 9 12 43200 9.397 266.005 0 33.065 23.479 2736.641 2.387
02196000 2011 8 10 12 43200 2.048 224.931 0 35.706 23.563 2772.915 2.769
02198100 2011 8 1 12 43200 33.189 228.820 0 34.304 24.301 2813.660 2.564
02198100 2011 8 2 12 43200 1.498 320.066 0 36.876 24.195 2319.165 2.966
02198100 2011 8 3 12 43200 0.000 327.320 0 36.645 25.090 2217.166 2.851
02198100 2011 8 4 12 43200 0.000 324.906 0 37.573 26.058 2244.275 2.904
02198100 2011 8 5 12 43200 0.000 314.269 0 37.899 26.247 2317.161 2.938
02198100 2011 8 6 12 43200 1.006 227.911 0 37.549 24.872 2629.513 3.009
02198100 2011 8 7 12 43200 10.921 254.117 0 36.353 24.658 2813.643 2.846
02198100 2011 8 8 12 43200 0.102 317.941 0 36.753 26.113 2719.204 2.769
02198100 2011 8 9 12 43200 17.300 229.142 0 32.509 24.552 2775.340 2.247
02198100 2011 8 10 12 43200 3.802 278.942 0 35.434 24.764 2883.600 2.695
02202600 2011 8 1 12 43200 36.898 206.969 0 34.915 24.753 2903.083 2.682
02202600 2011 8 2 12 43200 0.131 326.678 0 36.368 24.801 2523.713 2.909
02202600 2011 8 3 12 43200 0.000 321.280 0 36.358 24.895 2332.426 2.898
02202600 2011 8 4 12 43200 0.000 314.896 0 37.095 25.857 2299.963 2.923
02202600 2011 8 5 12 43200 0.160 267.385 0 37.427 25.818 2444.347 2.980
02202600 2011 8 6 12 43200 6.267 224.707 0 37.044 24.179 2730.283 3.069
02202600 2011 8 7 12 43200 1.504 285.677 0 36.233 24.305 2746.282 2.934
02202600 2011 8 8 12 43200 6.703 318.362 0 36.072 25.460 2839.262 2.797
02202600 2011 8 9 12 43200 0.602 175.311 0 32.791 26.076 2735.485 2.161
02202600 2011 8 10 12 43200 36.271 246.422 0 34.749 24.949 2989.699 2.635
02212600 2011 8 1 12 43200 32.320 301.252 0 30.682 23.718 2987.429 2.028
02212600 2011 8 2 12 43200 0.800 331.026 0 36.220 22.802 2357.635 2.967
02212600 2011 8 3 12 43200 0.000 329.158 0 36.519 23.776 2141.635 2.932
02212600 2011 8 4 12 43200 0.000 325.132 0 36.778 24.610 2219.434 2.899
02212600 2011 8 5 12 43200 0.000 314.799 0 37.082 24.918 2319.319 2.918
02212600 2011 8 6 12 43200 1.421 228.381 0 37.608 24.398 2622.292 3.041
02212600 2011 8 7 12 43200 8.626 212.041 0 35.150 24.745 2817.702 2.638
02212600 2011 8 8 12 43200 1.968 292.671 0 35.560 23.415 2663.101 2.821
02212600 2011 8 9 12 43200 25.807 276.803 0 31.651 23.505 2768.206 2.213
02212600 2011 8 10 12 43200 5.236 301.267 0 33.784 23.879 2774.194 2.511
02215100 2011 8 1 12 43200 42.473 291.551 0 33.127 26.345 3034.188 2.181
02215100 2011 8 2 12 43200 1.382 323.386 0 34.270 24.595 2664.649 2.588
02215100 2011 8 3 12 43200 0.000 329.252 0 35.482 25.081 2281.508 2.734
02215100 2011 8 4 12 43200 0.000 327.388 0 36.162 25.781 2448.278 2.772
02215100 2011 8 5 12 43200 0.000 309.598 0 35.676 26.155 2496.126 2.652
02215100 2011 8 6 12 43200 0.123 277.025 0 35.591 26.224 2736.953 2.630
02215100 2011 8 7 12 43200 11.372 289.495 0 32.982 24.916 2938.265 2.338
02215100 2011 8 8 12 43200 1.034 310.103 0 34.029 24.628 2788.356 2.545
02215100 2011 8 9 12 43200 11.618 195.461 0 31.600 24.451 2813.797 2.155
02215100 2011 8 10 12 43200 10.635 252.491 0 33.964 24.304 2958.562 2.569
02216180 2011 8 1 12 43200 42.199 224.259 0 31.324 25.515 3048.924 1.976
02216180 2011 8 2 12 43200 4.965 323.191 0 35.065 24.699 2669.357 2.727
02216180 2011 8 3 12 43200 0.000 326.984 0 35.093 24.905 2308.101 2.711
02216180 2011 8 4 12 43200 0.000 316.068 0 35.737 25.967 2421.922 2.704
02216180 2011 8 5 12 43200 0.000 303.173 0 35.866 26.850 2489.141 2.626
02216180 2011 8 6 12 43200 5.151 270.921 0 35.997 25.008 2715.832 2.847
02216180 2011 8 7 12 43200 25.721 307.024 0 33.846 24.308 2915.723 2.570
02216180 2011 8 8 12 43200 -0.000 307.915 0 33.650 25.266 2860.898 2.430
02216180 2011 8 9 12 43200 2.561 165.110 0 31.586 25.095 2847.927 2.085
02216180 2011 8 10 12 43200 10.629 234.677 0 33.103 24.360 2976.177 2.442
02221525 2011 8 1 12 43200 29.221 306.084 0 30.854 23.454 2974.944 2.078
02221525 2011 8 2 12 43200 0.505 331.205 0 36.557 22.359 2335.112 3.032
02221525 2011 8 3 12 43200 0.000 328.713 0 36.502 23.571 2138.034 2.931
02221525 2011 8 4 12 43200 0.000 326.567 0 36.580 24.433 2227.647 2.870
02221525 2011 8 5 12 43200 0.000 314.852 0 36.856 24.791 2309.685 2.880
02221525 2011 8 6 12 43200 0.802 235.743 0 37.436 24.403 2616.242 2.999
02221525 2011 8 7 12 43200 9.656 236.146 0 35.201 24.468 2820.393 2.658
02221525 2011 8 8 12 43200 2.122 284.298 0 35.221 23.317 2693.396 2.765
02221525 2011 8 9 12 43200 33.063 266.109 0 30.285 23.296 2808.074 2.002
02221525 2011 8 10 12 43200 9.422 300.815 0 33.810 23.702 2792.765 2.519
02231000 2011 8 1 12 43200 56.552 159.400 0 32.861 24.196 2982.148 2.548
02231000 2011 8 2 12 43200 25.576 300.115 0 32.958 24.298 2958.109 2.553
02231000 2011 8 3 12 43200 0.040 278.591 0 37.422 24.145 2575.589 3.315
02231000 2011 8 4 12 43200 0.000 276.369 0 37.958 24.445 2346.351 3.374
02231000 2011 8 5 12 43200 0.101 227.210 0 39.924 25.094 2402.125 3.634
02231000 2011 8 6 12 43200 17.399 184.489 0 36.660 24.929 2792.744 3.116
02231000 2011 8 7 12 43200 80.064 315.203 0 36.890 23.638 2666.561 3.274
02231000 2011 8 8 12 43200 0.006 314.971 0 35.236 24.577 2713.163 2.914
02231000 2011 8 9 12 43200 0.000 296.292 0 36.017 24.627 2634.832 3.040
02231000 2011 8 10 12 43200 7.708 176.036 0 31.154 25.565 2903.980 2.039
02231342 2011 8 1 12 43200 0.787 277.101 0 33.250 24.150 2787.746 2.844
02231342 2011 8 2 12 43200 18.960 289.174 0 33.067 24.689 2826.605 2.740
02231342 2011 8 3 12 43200 36.427 273.651 0 32.943 24.386 2890.265 2.756
02231342 2011 8 4 12 43200 5.823 317.887 0 33.990 24.852 2817.057 2.896
02231342 2011 8 5 12 43200 8.152 245.684 0 34.498 24.862 2874.950 2.991
02231342 2011 8 6 12 43200 12.640 262.127 0 33.943 24.665 2850.245 2.911
02231342 2011 8 7 12 43200 34.628 274.788 0 33.233 24.020 2967.173 2.857
02231342 2011 8 8 12 43200 1.988 298.866 0 34.167 25.380 2858.733 2.862
02231342 2011 8 9 12 43200 1.660 283.270 0 34.762 25.099 2919.138 3.012
02231342 2011 8 10 12 43200 11.160 172.025 0 31.379 25.332 2970.538 2.300
02235200 2011 8 1 12 43200 23.770 196.443 0 32.660 25.190 2918.642 2.495
02235200 2011 8 2 12 43200 15.306 275.505 0 34.247 25.179 2859.637 2.798
02235200 2011 8 3 12 43200 0.880 321.854 0 36.450 24.632 2616.977 3.252
02235200 2011 8 4 12 43200 0.000 311.088 0 37.302 24.298 2414.152 3.430
02235200 2011 8 5 12 43200 0.832 267.040 0 37.052 25.610 2584.066 3.255
02235200 2011 8 6 12 43200 4.049 203.819 0 37.965 25.818 2786.474 3.394
02235200 2011 8 7 12 43200 19.668 266.391 0 37.290 24.611 2720.356 3.398
02235200 2011 8 8 12 43200 0.715 310.772 0 34.911 26.047 2816.476 2.813
02235200 2011 8 9 12 43200 2.888 303.069 0 34.568 25.484 2838.617 2.819
02235200 2011 8 10 12 43200 10.697 246.802 0 34.783 26.754 2971.307 2.694
02245500 2011 8 1 12 43200 36.489 188.482 0 33.096 25.099 2977.445 2.508
02245500 2011 8 2 12 43200 32.170 309.162 0 32.112 24.642 2984.504 2.385
02245500 2011 8 3 12 43200 0.070 324.191 0 36.126 23.864 2530.385 3.168
02245500 2011 8 4 12 43200 0.000 289.450 0 36.883 24.347 2367.895 3.246
02245500 2011 8 5 12 43200 0.049 250.704 0 39.015 24.853 2457.109 3.549
02245500 2011 8 6 12 43200 3.462 195.978 0 37.900 25.196 2743.627 3.334
02245500 2011 8 7 12 43200 17.530 317.310 0 37.654 24.487 2627.414 3.360
02245500 2011 8 8 12 43200 0.000 304.692 0 35.353 25.097 2688.807 2.912
02245500 2011 8 9 12 43200 0.000 318.878 0 36.957 25.207 2596.522 3.175
02245500 2011 8 10 12 43200 6.489 189.711 0 34.773 26.698 2886.729 2.612
02246000 2011 8 1 12 43200 34.714 182.622 0 34.388 24.814 2941.093 2.764
02246000 2011 8 2 12 43200 29.266 298.487 0 33.716 24.550 2965.407 2.676
02246000 2011 8 3 12 43200 0.000 307.785 0 36.755 24.097 2518.628 3.236
02246000 2011 8 4 12 43200 0.000 276.972 0 37.670 24.531 2370.621 3.345
02246000 2011 8 5 12 43200 0.146 244.315 0 39.511 25.009 2429.597 3.601
02246000 2011 8 6 12 43200 5.047 198.193 0 37.492 25.138 2747.823 3.258
02246000 2011 8 7 12 43200 21.629 321.893 0 37.139 24.118 2612.292 3.296
02246000 2011 8 8 12 43200 0.000 315.743 0 35.521 25.049 2685.165 2.934
02246000 2011 8 9 12 43200 0.000 321.910 0 36.948 25.200 2586.028 3.161
02246000 2011 8 10 12 43200 7.506 167.512 0 33.279 26.420 2888.908 2.352
02296500 2011 8 1 12 43200 8.435 240.987 0 33.312 24.791 2794.428 2.789
02296500 2011 8 2 12 43200 15.274 296.981 0 32.163 24.880 2818.065 2.548
02296500 2011 8 3 12 43200 36.509 266.031 0 32.136 24.733 2889.407 2.564
02296500 2011 8 4 12 43200 17.179 291.596 0 33.120 24.881 2849.072 2.739
02296500 2011 8 5 12 43200 0.265 257.203 0 34.484 25.060 2790.831 2.980
02296500 2011 8 6 12 43200 3.226 224.781 0 35.181 24.930 2736.560 3.127
02296500 2011 8 7 12 43200 27.904 185.532 0 31.321 25.239 2932.869 2.316
02296500 2011 8 8 12 43200 0.510 303.627 0 34.321 25.470 2825.542 2.896
02296500 2011 8 9 12 43200 0.269 307.274 0 34.673 25.579 2851.641 2.950
02296500 2011 8 10 12 43200 34.128 171.221 0 31.585 25.580 3027.809 2.317
02297155 2011 8 1 12 43200 12.522 219.214 0 33.550 24.765 2798.113 2.829
02297155 2011 8 2 12 43200 9.152 308.564 0 32.375 25.205 2789.364 2.535
02297155 2011 8 3 12 43200 25.002 255.119 0 31.980 25.511 2877.255 2.406
02297155 2011 8 4 12 43200 41.690 317.086 0 32.355 25.273 2898.757 2.521
02297155 2011 8 5 12 43200 1.060 238.364 0 34.755 24.970 2834.479 3.033
02297155 2011 8 6 12 43200 5.204 212.307 0 35.397 25.182 2779.880 3.128
02297155 2011 8 7 12 43200 38.344 182.042 0 33.110 25.608 2905.503 2.626
02297155 2011 8 8 12 43200 0.775 305.550 0 33.830 25.772 2841.748 2.749
02297155 2011 8 9 12 43200 0.130 309.496 0 34.440 26.019 2867.889 2.836
02297155 2011 8 10 12 43200 24.555 187.110 0 31.764 25.946 3036.900 2.287
02297310 2011 8 1 12 43200 14.006 235.862 0 33.550 24.927 2793.391 2.831
02297310 2011 8 2 12 43200 8.493 305.711 0 32.311 25.284 2787.487 2.530
02297310 2011 8 3 12 43200 24.495 250.745 0 32.007 25.364 2867.424 2.454
02297310 2011 8 4 12 43200 38.394 307.209 0 32.656 25.348 2888.533 2.592
02297310 2011 8 5 12 43200 1.316 250.628 0 35.033 25.128 2817.745 3.091
02297310 2011 8 6 12 43200 3.160 225.988 0 35.179 25.221 2747.160 3.107
02297310 2011 8 7 12 43200 41.968 189.069 0 32.537 25.739 2913.672 2.508
02297310 2011 8 8 12 43200 0.883 306.103 0 34.021 25.851 2847.335 2.798
02297310 2011 8 9 12 43200 0.023 310.341 0 34.492 26.090 2847.759 2.860
02297310 2011 8 10 12 43200 26.254 199.831 0 32.442 26.017 3028.833 2.443
02298123 2011 8 1 12 43200 10.166 243.410 0 33.405 25.017 2784.134 2.802
02298123 2011 8 2 12 43200 7.755 275.092 0 32.470 25.239 2794.260 2.581
02298123 2011 8 3 12 43200 23.569 256.348 0 31.942 24.942 2861.294 2.516
02298123 2011 8 4 12 43200 9.241 290.483 0 33.914 25.253 2802.141 2.870
02298123 2011 8 5 12 43200 0.195 293.262 0 35.509 25.451 2693.515 3.154
02298123 2011 8 6 12 43200 2.978 254.592 0 34.908 25.123 2657.878 3.080
02298123 2011 8 7 12 43200 37.433 215.947 0 31.567 25.461 2932.950 2.353
02298123 2011 8 8 12 43200 0.358 310.722 0 34.530 25.604 2824.971 2.945
02298123 2011 8 9 12 43200 3.299 280.705 0 34.454 25.835 2850.560 2.899
02298123 2011 8 10 12 43200 21.145 215.224 0 34.177 25.798 2987.193 2.848
02298608 2011 8 1 12 43200 9.972 235.494 0 33.612 25.045 2777.977 2.816
02298608 2011 8 2 12 43200 6.151 307.079 0 32.305 25.647 2763.955 2.463
02298608 2011 8 3 12 43200 20.264 256.330 0 32.362 25.695 2866.522 2.468
02298608 2011 8 4 12 43200 32.859 307.747 0 32.450 25.683 2886.104 2.488
02298608 2011 8 5 12 43200 0.695 246.281 0 34.940 25.302 2793.984 3.039
02298608 2011 8 6 12 43200 3.098 220.599 0 35.158 25.319 2738.871 3.079
02298608 2011 8 7 12 43200 40.428 190.717 0 32.870 25.863 2883.329 2.549
02298608 2011 8 8 12 43200 0.450 312.066 0 33.956 26.214 2849.211 2.722
02298608 2011 8 9 12 43200 -0.000 309.941 0 34.314 26.403 2854.816 2.768
02298608 2011 8 10 12 43200 21.252 206.171 0 32.304 26.409 3025.018 2.337
02299950 2011 8 1 12 43200 8.412 225.950 0 33.670 25.004 2774.937 2.823
02299950 2011 8 2 12 43200 5.888 308.337 0 32.368 25.688 2760.501 2.461
02299950 2011 8 3 12 43200 19.279 262.060 0 32.519 25.810 2872.484 2.474
02299950 2011 8 4 12 43200 32.348 310.875 0 32.293 25.754 2888.259 2.435
02299950 2011 8 5 12 43200 0.502 237.387 0 34.880 25.268 2796.014 3.021
02299950 2011 8 6 12 43200 3.748 215.069 0 35.215 25.302 2751.689 3.081
02299950 2011 8 7 12 43200 39.273 182.477 0 33.214 25.790 2873.223 2.622
02299950 2011 8 8 12 43200 0.298 313.085 0 33.895 26.255 2845.931 2.694
02299950 2011 8 9 12 43200 0.092 308.833 0 34.259 26.439 2867.817 2.742
02299950 2011 8 10 12 43200 19.442 200.461 0 31.833 26.487 3026.807 2.208
02300700 2011 8 1 12 43200 3.100 234.750 0 33.350 25.350 2782.414 2.689
02300700 2011 8 2 12 43200 3.520 301.500 0 32.450 26.195 2794.300 2.376
02300700 2011 8 3 12 43200 20.700 295.250 0 32.260 26.492 2937.999 2.284
02300700 2011 8 4 12 43200 14.800 320.500 0 32.373 26.150 2890.555 2.367
02300700 2011 8 5 12 43200 2.600 253.750 0 34.075 25.850 2818.825 2.763
02300700 2011 8 6 12 43200 3.600 220.625 0 35.097 25.377 2782.625 3.022
02300700 2011 8 7 12 43200 29.580 209.375 0 33.650 25.608 2836.264 2.712
02300700 2011 8 8 12 43200 0.300 318.750 0 33.350 26.662 2901.068 2.494
02300700 2011 8 9 12 43200 0.900 301.000 0 33.450 26.999 2964.690 2.461
02300700 2011 8 10 12 43200 19.120 192.125 0 31.074 27.126 3060.755 1.878
02310947 2011 8 1 12 43200 13.790 211.704 0 33.458 24.908 2858.623 2.729
02310947 2011 8 2 12 43200 15.884 314.709 0 32.316 25.201 2879.296 2.466
02310947 2011 8 3 12 43200 9.122 310.698 0 34.616 25.397 2828.668 2.885
02310947 2011 8 4 12 43200 0.816 284.519 0 35.361 24.741 2706.123 3.100
02310947 2011 8 5 12 43200 8.378 229.085 0 34.305 25.600 2765.218 2.801
02310947 2011 8 6 12 43200 6.476 203.727 0 35.885 25.844 2795.436 3.068
02310947 2011 8 7 12 43200 22.014 208.313 0 35.120 24.956 2823.207 3.032
02310947 2011 8 8 12 43200 32.071 260.807 0 34.923 25.969 2924.254 2.871
02310947 2011 8 9 12 43200 4.737 273.124 0 34.330 25.442 2913.057 2.826
02310947 2011 8 10 12 43200 23.970 168.274 0 31.937 26.018 3001.984 2.260
02312200 2011 8 1 12 43200 35.247 240.833 0 31.890 24.893 2956.543 2.407
02312200 2011 8 2 12 43200 14.864 321.471 0 32.262 24.747 2943.422 2.501
02312200 2011 8 3 12 43200 17.098 319.354 0 36.213 24.871 2750.414 3.214
02312200 2011 8 4 12 43200 0.290 327.705 0 36.830 25.011 2529.619 3.308
02312200 2011 8 5 12 43200 4.254 230.275 0 35.468 25.532 2754.372 3.006
02312200 2011 8 6 12 43200 2.809 208.923 0 35.887 25.892 2752.962 3.040
02312200 2011 8 7 12 43200 15.299 225.628 0 35.867 24.467 2779.292 3.196
02312200 2011 8 8 12 43200 8.420 300.378 0 34.798 26.181 2868.341 2.798
02312200 2011 8 9 12 43200 8.093 261.118 0 32.613 25.808 2920.845 2.418
02312200 2011 8 10 12 43200 34.083 187.517 0 32.501 26.341 3052.123 2.311
02314500 2011 8 1 12 43200 75.835 188.618 0 30.596 24.003 3029.697 2.140
02314500 2011 8 2 12 43200 12.535 305.363 0 34.136 24.161 2927.774 2.745
02314500 2011 8 3 12 43200 0.353 254.091 0 39.351 24.532 2658.783 3.554
02314500 2011 8 4 12 43200 0.000 214.745 0 39.756 24.641 2330.479 3.609
02314500 2011 8 5 12 43200 0.159 196.629 0 39.171 25.239 2435.746 3.465
02314500 2011 8 6 12 43200 54.928 156.039 0 37.424 24.767 2840.993 3.226
02314500 2011 8 7 12 43200 130.218 278.158 0 37.989 23.354 2719.710 3.437
02314500 2011 8 8 12 43200 0.972 322.656 0 36.406 24.697 2698.859 3.067
02314500 2011 8 9 12 43200 0.067 248.425 0 35.206 24.893 2685.418 2.847
02314500 2011 8 10 12 43200 3.431 166.024 0 32.604 25.733 2866.944 2.279
02315500 2011 8 1 12 43200 97.455 172.636 0 30.661 24.017 3019.879 2.174
02315500 2011 8 2 12 43200 14.458 298.686 0 33.487 24.315 2940.744 2.646
02315500 2011 8 3 12 43200 0.276 260.032 0 38.980 24.418 2667.765 3.543
02315500 2011 8 4 12 43200 0.000 223.429 0 39.292 24.730 2331.975 3.567
02315500 2011 8 5 12 43200 0.128 199.468 0 38.502 25.428 2440.993 3.376
02315500 2011 8 6 12 43200 37.454 168.488 0 36.721 25.120 2829.092 3.111
02315500 2011 8 7 12 43200 104.300 294.590 0 37.569 23.601 2703.304 3.389
02315500 2011 8 8 12 43200 0.526 319.464 0 36.209 24.793 2696.652 3.058
02315500 2011 8 9 12 43200 0.103 254.345 0 35.250 24.703 2672.059 2.906
02315500 2011 8 10 12 43200 5.559 162.366 0 32.444 25.688 2883.560 2.279
02324400 2011 8 1 12 43200 13.072 144.277 0 31.206 24.893 3010.580 2.168
02324400 2011 8 2 12 43200 14.978 305.337 0 30.912 24.777 3036.789 2.128
02324400 2011 8 3 12 43200 1.353 324.040 0 35.267 24.279 2785.173 2.973
02324400 2011 8 4 12 43200 0.000 287.891 0 36.177 25.155 2500.236 3.036
02324400 2011 8 5 12 43200 2.801 225.257 0 35.528 26.223 2753.463 2.803
02324400 2011 8 6 12 43200 13.197 244.667 0 34.979 24.834 2877.657 2.865
02324400 2011 8 7 12 43200 2.748 325.818 0 35.654 24.461 2838.885 3.020
02324400 2011 8 8 12 43200 0.000 318.908 0 34.538 24.696 2823.501 2.804
02324400 2011 8 9 12 43200 0.171 275.309 0 34.804 24.213 2747.077 2.902
02324400 2011 8 10 12 43200 19.918 249.848 0 32.865 25.868 3047.221 2.352
02327100 2011 8 1 12 43200 35.134 190.405 0 31.793 24.539 3036.924 2.328
02327100 2011 8 2 12 43200 18.400 294.087 0 33.637 25.089 3089.061 2.596
02327100 2011 8 3 12 43200 0.200 325.530 0 36.086 24.986 2777.706 3.036
02327100 2011 8 4 12 43200 0.000 215.425 0 35.227 26.141 2634.796 2.755
02327100 2011 8 5 12 43200 0.627 206.189 0 35.420 26.416 2584.313 2.757
02327100 2011 8 6 12 43200 7.290 205.295 0 34.439 25.360 2823.499 2.708
02327100 2011 8 7 12 43200 1.165 309.267 0 36.410 25.092 2773.756 3.080
02327100 2011 8 8 12 43200 -0.000 322.218 0 36.071 25.356 2673.340 2.994
02327100 2011 8 9 12 43200 0.195 277.048 0 36.153 25.288 2688.357 3.015
02327100 2011 8 10 12 43200 0.865 268.801 0 37.684 27.062 2862.801 3.088
02342933 2011 8 1 12 43200 24.111 281.116 0 34.598 23.902 3021.555 2.730
02342933 2011 8 2 12 43200 1.778 316.998 0 34.926 23.947 2790.619 2.777
02342933 2011 8 3 12 43200 0.000 327.402 0 37.934 23.770 2638.143 3.253
02342933 2011 8 4 12 43200 0.000 324.220 0 37.128 24.762 2520.928 3.046
02342933 2011 8 5 12 43200 0.000 301.378 0 36.520 24.805 2489.323 2.947
02342933 2011 8 6 12 43200 0.818 232.995 0 36.075 24.226 2653.062 2.931
02342933 2011 8 7 12 43200 4.607 304.843 0 34.340 23.813 2803.742 2.698
02342933 2011 8 8 12 43200 3.150 255.670 0 32.392 23.714 2742.746 2.394
02342933 2011 8 9 12 43200 19.717 195.480 0 30.872 23.578 2836.010 2.153
02342933 2011 8 10 12 43200 15.302 301.754 0 33.960 23.347 2940.611 2.683
02349900 2011 8 1 12 43200 39.320 288.720 0 33.274 26.426 3023.516 2.200
02349900 2011 8 2 12 43200 1.699 322.594 0 34.129 24.595 2669.955 2.569
02349900 2011 8 3 12 43200 0.000 329.128 0 35.542 25.075 2277.158 2.748
02349900 2011 8 4 12 43200 0.000 327.345 0 36.271 25.750 2451.356 2.797
02349900 2011 8 5 12 43200 0.000 306.651 0 35.749 26.075 2494.381 2.677
02349900 2011 8 6 12 43200 0.074 273.007 0 35.522 26.152 2747.576 2.630
02349900 2011 8 7 12 43200 10.019 283.690 0 33.106 25.033 2928.820 2.348
02349900 2011 8 8 12 43200 1.473 310.657 0 34.198 24.575 2784.661 2.582
02349900 2011 8 9 12 43200 11.506 193.201 0 31.920 24.399 2809.537 2.221
02349900 2011 8 10 12 43200 10.899 253.575 0 34.170 24.219 2945.528 2.615
02350900 2011 8 1 12 43200 31.706 246.507 0 34.010 24.666 2978.876 2.578
02350900 2011 8 2 12 43200 1.935 321.334 0 34.103 24.448 2697.272 2.616
02350900 2011 8 3 12 43200 0.000 328.201 0 35.984 24.580 2303.616 2.907
02350900 2011 8 4 12 43200 0.000 325.192 0 36.186 25.410 2451.266 2.858
02350900 2011 8 5 12 43200 0.000 304.687 0 36.057 25.809 2510.728 2.795
02350900 2011 8 6 12 43200 2.483 227.289 0 35.696 25.008 2762.710 2.819
02350900 2011 8 7 12 43200 5.862 278.149 0 34.450 24.541 2848.082 2.664
02350900 2011 8 8 12 43200 3.159 299.625 0 34.032 23.907 2784.606 2.661
02350900 2011 8 9 12 43200 6.085 205.774 0 31.937 24.265 2812.549 2.272
02350900 2011 8 10 12 43200 24.216 266.812 0 33.723 23.702 2919.806 2.632
02361000 2011 8 1 12 43200 39.857 266.366 0 32.931 23.743 3052.850 2.533
02361000 2011 8 2 12 43200 5.433 298.585 0 33.106 24.214 2974.841 2.510
02361000 2011 8 3 12 43200 0.009 325.462 0 35.170 24.068 2766.852 2.865
02361000 2011 8 4 12 43200 0.000 321.239 0 35.248 24.912 2568.878 2.793
02361000 2011 8 5 12 43200 0.000 315.912 0 35.154 24.793 2499.806 2.790
02361000 2011 8 6 12 43200 3.381 261.327 0 34.562 24.609 2761.779 2.711
02361000 2011 8 7 12 43200 5.133 311.552 0 33.287 23.543 2881.078 2.613
02361000 2011 8 8 12 43200 7.823 282.676 0 32.129 23.886 2870.155 2.382
02361000 2011 8 9 12 43200 11.905 245.227 0 31.848 23.910 2950.114 2.330
02361000 2011 8 10 12 43200 5.710 308.348 0 33.197 24.276 2960.535 2.519
02363000 2011 8 1 12 43200 28.929 276.794 0 33.721 23.738 3031.522 2.643
02363000 2011 8 2 12 43200 3.451 303.754 0 34.054 23.995 2870.929 2.670
02363000 2011 8 3 12 43200 0.005 328.007 0 36.381 23.821 2728.513 3.056
02363000 2011 8 4 12 43200 0.000 324.755 0 35.726 24.703 2554.107 2.870
02363000 2011 8 5 12 43200 0.000 307.448 0 35.811 24.591 2481.034 2.894
02363000 2011 8 6 12 43200 3.980 239.915 0 35.348 23.907 2737.491 2.886
02363000 2011 8 7 12 43200 7.749 306.946 0 32.427 23.404 2852.210 2.466
02363000 2011 8 8 12 43200 3.279 231.207 0 31.628 23.699 2784.842 2.299
02363000 2011 8 9 12 43200 18.352 222.627 0 31.057 23.417 2878.986 2.234
02363000 2011 8 10 12 43200 10.014 308.452 0 33.361 23.442 2950.088 2.615
02369800 2011 8 1 12 43200 68.679 251.888 0 33.430 23.576 3080.134 2.660
02369800 2011 8 2 12 43200 3.263 248.796 0 35.744 24.581 3039.399 2.937
02369800 2011 8 3 12 43200 0.207 300.260 0 34.617 24.537 2906.560 2.755
02369800 2011 8 4 12 43200 0.000 283.410 0 36.484 24.929 2626.218 3.024
02369800 2011 8 5 12 43200 0.000 273.908 0 37.372 24.425 2437.331 3.214
02369800 2011 8 6 12 43200 11.289 191.540 0 34.515 24.803 2983.262 2.709
02369800 2011 8 7 12 43200 13.565 148.432 0 31.215 23.743 2951.112 2.263
02369800 2011 8 8 12 43200 11.482 180.923 0 30.684 24.179 2970.131 2.109
02369800 2011 8 9 12 43200 11.985 289.757 0 33.194 24.228 2962.781 2.549
02369800 2011 8 10 12 43200 0.141 315.081 0 35.012 24.999 2903.573 2.772
02371500 2011 8 1 12 43200 29.349 276.152 0 33.896 23.662 3032.565 2.681
02371500 2011 8 2 12 43200 3.083 299.718 0 33.818 24.116 2870.714 2.621
02371500 2011 8 3 12 43200 0.122 324.237 0 36.332 24.081 2755.910 3.027
02371500 2011 8 4 12 43200 0.000 320.885 0 35.379 24.774 2560.176 2.808
02371500 2011 8 5 12 43200 0.013 312.239 0 35.685 24.530 2484.997 2.882
02371500 2011 8 6 12 43200 6.794 226.351 0 35.452 23.839 2804.595 2.911
02371500 2011 8 7 12 43200 17.660 262.297 0 31.036 23.212 2860.311 2.257
02371500 2011 8 8 12 43200 1.949 170.267 0 30.037 23.821 2804.944 2.002
02371500 2011 8 9 12 43200 12.945 228.826 0 31.286 23.284 2884.529 2.291
02371500 2011 8 10 12 43200 10.922 310.938 0 33.133 23.729 2937.364 2.549
02372250 2011 8 1 12 43200 31.118 285.031 0 33.734 23.622 3060.744 2.656
02372250 2011 8 2 12 43200 3.212 287.658 0 33.687 24.348 2903.635 2.572
02372250 2011 8 3 12 43200 0.087 319.449 0 35.570 24.380 2796.106 2.876
02372250 2011 8 4 12 43200 0.000 321.896 0 34.971 24.887 2591.283 2.728
02372250 2011 8 5 12 43200 0.212 317.180 0 35.243 24.474 2521.475 2.814
02372250 2011 8 6 12 43200 13.637 222.638 0 34.196 23.960 2880.221 2.697
02372250 2011 8 7 12 43200 22.627 199.162 0 30.546 23.127 2887.366 2.181
02372250 2011 8 8 12 43200 2.485 140.192 0 29.273 23.690 2865.721 1.877
02372250 2011 8 9 12 43200 11.981 238.171 0 31.749 23.286 2896.476 2.367
02372250 2011 8 10 12 43200 10.609 312.194 0 32.780 24.060 2937.437 2.453
02374500 2011 8 1 12 43200 30.365 258.101 0 34.822 23.351 3024.712 2.872
02374500 2011 8 2 12 43200 0.904 289.349 0 35.364 24.295 2944.047 2.868
02374500 2011 8 3 12 43200 0.191 311.586 0 35.235 24.308 2880.041 2.846
02374500 2011 8 4 12 43200 0.000 303.675 0 35.975 24.344 2653.945 2.961
02374500 2011 8 5 12 43200 0.000 309.592 0 37.893 23.865 2444.072 3.303
02374500 2011 8 6 12 43200 12.255 264.616 0 35.696 24.513 2847.397 2.900
02374500 2011 8 7 12 43200 22.501 135.117 0 30.374 23.432 2946.390 2.125
02374500 2011 8 8 12 43200 7.053 89.501 0 27.571 23.754 2911.635 1.530
02374500 2011 8 9 12 43200 3.142 224.031 0 32.326 23.369 2843.139 2.467
02374500 2011 8 10 12 43200 1.934 309.520 0 34.437 24.267 2919.485 2.720
02381600 2011 8 1 12 43200 3.600 294.375 0 32.250 21.950 2568.921 2.338
02381600 2011 8 2 12 43200 0.000 327.250 0 34.850 21.395 2111.213 2.736
02381600 2011 8 3 12 43200 0.000 329.125 0 33.493 21.692 2055.944 2.531
02381600 2011 8 4 12 43200 0.000 328.125 0 33.373 21.958 2235.036 2.494
02381600 2011 8 5 12 43200 24.800 292.000 0 31.775 23.550 2669.246 2.117
02381600 2011 8 6 12 43200 1.400 278.250 0 34.097 21.977 2684.027 2.591
02381600 2011 8 7 12 43200 19.830 291.250 0 34.150 22.408 2636.071 2.565
02381600 2011 8 8 12 43200 36.200 188.625 0 29.365 22.262 2766.429 1.883
02381600 2011 8 9 12 43200 14.600 250.125 0 29.450 21.199 2757.023 2.006
02381600 2011 8 10 12 43200 8.240 310.500 0 30.582 21.826 2674.180 2.111
02384540 2011 8 1 12 43200 2.783 312.998 0 32.491 21.277 2589.320 2.401
02384540 2011 8 2 12 43200 0.000 325.114 0 34.777 20.868 2206.120 2.733
02384540 2011 8 3 12 43200 0.000 326.137 0 34.247 21.319 2092.937 2.632
02384540 2011 8 4 12 43200 0.000 321.865 0 33.936 21.549 2315.695 2.574
02384540 2011 8 5 12 43200 17.801 275.218 0 32.738 24.323 2747.810 2.160
02384540 2011 8 6 12 43200 1.000 261.435 0 35.188 22.077 2722.044 2.702
02384540 2011 8 7 12 43200 6.473 293.833 0 33.959 22.099 2621.735 2.535
02384540 2011 8 8 12 43200 19.130 225.655 0 32.476 22.571 2842.184 2.290
02384540 2011 8 9 12 43200 11.063 256.883 0 31.527 21.499 2800.929 2.251
02384540 2011 8 10 12 43200 15.819 308.274 0 29.518 22.126 2765.215 1.901
02395120 2011 8 1 12 43200 1.240 296.467 0 33.461 22.498 2627.529 2.490
02395120 2011 8 2 12 43200 -0.000 323.368 0 36.610 22.169 2175.436 2.950
02395120 2011 8 3 12 43200 0.000 327.033 0 35.116 22.039 2151.049 2.757
02395120 2011 8 4 12 43200 0.000 326.044 0 34.999 22.532 2225.146 2.703
02395120 2011 8 5 12 43200 13.878 294.166 0 32.972 24.297 2619.433 2.248
02395120 2011 8 6 12 43200 0.000 265.826 0 34.746 22.751 2718.713 2.651
02395120 2011 8 7 12 43200 7.784 296.323 0 35.811 23.156 2692.669 2.768
02395120 2011 8 8 12 43200 16.126 232.568 0 32.480 22.788 2739.988 2.323
02395120 2011 8 9 12 43200 15.167 249.777 0 30.306 21.826 2804.584 2.095
02395120 2011 8 10 12 43200 6.593 313.038 0 33.269 22.200 2672.004 2.488
02408540 2011 8 1 12 43200 0.573 303.991 0 35.335 23.909 2769.434 2.761
02408540 2011 8 2 12 43200 0.000 323.019 0 36.029 23.458 2471.421 2.904
02408540 2011 8 3 12 43200 0.000 321.150 0 36.919 23.248 2370.722 3.051
02408540 2011 8 4 12 43200 0.000 326.633 0 35.171 23.101 2347.125 2.808
02408540 2011 8 5 12 43200 0.757 257.829 0 33.251 24.098 2473.004 2.420
02408540 2011 8 6 12 43200 0.955 226.281 0 34.119 22.492 2676.544 2.705
02408540 2011 8 7 12 43200 30.644 278.538 0 30.344 23.289 2922.782 2.036
02408540 2011 8 8 12 43200 11.507 157.367 0 30.482 22.914 2795.482 2.103
02408540 2011 8 9 12 43200 21.978 211.908 0 28.693 21.871 2885.386 1.930
02408540 2011 8 10 12 43200 14.088 284.993 0 32.309 23.107 2898.230 2.374
02415000 2011 8 1 12 43200 2.187 310.205 0 33.945 23.661 2768.571 2.559
02415000 2011 8 2 12 43200 0.096 324.015 0 35.325 23.049 2451.043 2.820
02415000 2011 8 3 12 43200 0.000 324.506 0 36.776 22.991 2239.397 3.035
02415000 2011 8 4 12 43200 0.000 327.264 0 35.086 23.103 2317.606 2.781
02415000 2011 8 5 12 43200 1.886 263.464 0 33.341 23.890 2477.854 2.443
02415000 2011 8 6 12 43200 3.909 230.889 0 33.258 22.408 2727.567 2.572
02415000 2011 8 7 12 43200 29.477 274.920 0 30.291 23.111 2885.228 2.038
02415000 2011 8 8 12 43200 10.458 193.589 0 29.454 22.679 2770.465 1.950
02415000 2011 8 9 12 43200 21.040 212.655 0 28.709 21.872 2842.443 1.923
02415000 2011 8 10 12 43200 11.521 285.222 0 32.544 22.951 2834.811 2.414
02422500 2011 8 1 12 43200 0.301 305.343 0 36.225 24.228 2865.645 2.899
02422500 2011 8 2 12 43200 0.000 322.458 0 34.794 24.456 2730.534 2.656
02422500 2011 8 3 12 43200 0.000 323.894 0 36.934 24.148 2658.885 3.014
02422500 2011 8 4 12 43200 0.000 324.992 0 35.171 23.586 2499.866 2.797
02422500 2011 8 5 12 43200 3.610 178.919 0 31.444 24.332 2642.560 2.119
02422500 2011 8 6 12 43200 0.248 307.727 0 34.789 22.777 2739.619 2.810
02422500 2011 8 7 12 43200 24.822 260.796 0 31.652 22.895 2957.135 2.318
02422500 2011 8 8 12 43200 22.487 106.394 0 29.216 22.774 2908.240 1.929
02422500 2011 8 9 12 43200 19.925 274.053 0 32.204 22.326 2930.756 2.462
02422500 2011 8 10 12 43200 22.721 309.350 0 30.576 23.401 3084.802 2.084
02427250 2011 8 1 12 43200 12.868 290.031 0 34.314 23.559 3040.029 2.720
02427250 2011 8 2 12 43200 1.685 298.570 0 34.526 24.358 2936.386 2.675
02427250 2011 8 3 12 43200 0.000 316.346 0 35.725 24.432 2846.713 2.859
02427250 2011 8 4 12 43200 0.000 319.445 0 35.984 24.360 2611.163 2.906
02427250 2011 8 5 12 43200 0.022 294.079 0 35.848 24.136 2518.169 2.906
02427250 2011 8 6 12 43200 7.618 250.324 0 35.885 24.050 2838.813 2.919
02427250 2011 8 7 12 43200 37.666 162.244 0 31.043 23.110 2945.833 2.239
02427250 2011 8 8 12 43200 9.026 154.200 0 29.060 24.082 2885.578 1.753
02427250 2011 8 9 12 43200 6.018 261.286 0 32.539 23.198 2839.632 2.475
02427250 2011 8 10 12 43200 16.101 310.146 0 33.675 23.759 2970.238 2.599
02430085 2011 8 1 12 43200 3.840 319.125 0 34.483 23.650 2796.404 2.517
02430085 2011 8 2 12 43200 0.000 325.000 0 36.550 22.695 2547.162 2.882
02430085 2011 8 3 12 43200 0.000 328.125 0 33.993 23.750 2339.800 2.437
02430085 2011 8 4 12 43200 0.000 313.125 0 35.573 23.658 2579.895 2.672
02430085 2011 8 5 12 43200 16.800 197.250 0 29.650 25.175 3055.511 1.558
02430085 2011 8 6 12 43200 16.100 260.750 0 32.850 22.677 2904.229 2.368
02430085 2011 8 7 12 43200 30.160 238.750 0 29.650 22.708 2968.465 1.885
02430085 2011 8 8 12 43200 25.000 266.250 0 32.050 23.462 3038.196 2.175
02430085 2011 8 9 12 43200 26.700 262.625 0 31.772 22.781 3036.028 2.202
02430085 2011 8 10 12 43200 7.800 312.375 0 32.121 23.069 2805.386 2.225
02430615 2011 8 1 12 43200 3.837 319.130 0 34.483 23.651 2796.435 2.523
02430615 2011 8 2 12 43200 0.000 325.000 0 36.553 22.695 2547.141 2.890
02430615 2011 8 3 12 43200 0.000 328.125 0 33.994 23.751 2339.687 2.443
02430615 2011 8 4 12 43200 0.000 313.123 0 35.574 23.658 2579.742 2.679
02430615 2011 8 5 12 43200 16.808 197.082 0 29.641 25.175 3055.240 1.560
02430615 2011 8 6 12 43200 16.086 260.769 0 32.849 22.677 2904.284 2.374
02430615 2011 8 7 12 43200 30.150 238.792 0 29.650 22.708 2968.507 1.890
02430615 2011 8 8 12 43200 25.036 266.168 0 32.044 23.463 3038.237 2.180
02430615 2011 8 9 12 43200 26.701 262.663 0 31.776 22.780 3035.866 2.208
02430615 2011 8 10 12 43200 7.806 312.361 0 32.122 23.070 2805.569 2.231
02450250 2011 8 1 12 43200 1.305 327.291 0 33.040 23.195 2715.761 2.364
02450250 2011 8 2 12 43200 0.026 326.044 0 35.286 22.420 2506.362 2.748
02450250 2011 8 3 12 43200 0.000 327.060 0 33.863 23.583 2306.449 2.449
02450250 2011 8 4 12 43200 0.216 318.070 0 34.773 23.172 2440.065 2.616
02450250 2011 8 5 12 43200 17.279 186.765 0 28.624 24.026 2881.956 1.550
02450250 2011 8 6 12 43200 18.241 275.702 0 30.832 22.360 2904.791 2.117
02450250 2011 8 7 12 43200 16.640 277.360 0 32.018 22.368 2837.955 2.291
02450250 2011 8 8 12 43200 41.957 211.112 0 31.220 23.471 2974.120 2.060
02450250 2011 8 9 12 43200 18.831 295.436 0 32.017 22.522 2848.836 2.277
02450250 2011 8 10 12 43200 8.993 306.107 0 31.623 23.010 2805.138 2.171
02464000 2011 8 1 12 43200 2.120 321.401 0 35.007 23.751 2806.495 2.674
02464000 2011 8 2 12 43200 0.000 325.151 0 36.626 23.445 2558.289 2.936
02464000 2011 8 3 12 43200 0.000 325.374 0 35.899 24.548 2471.230 2.736
02464000 2011 8 4 12 43200 0.000 319.210 0 35.713 23.525 2481.496 2.798
02464000 2011 8 5 12 43200 41.605 138.251 0 29.658 23.903 2864.701 1.802
02464000 2011 8 6 12 43200 18.386 254.149 0 31.681 22.618 2964.624 2.281
02464000 2011 8 7 12 43200 22.164 290.004 0 30.826 22.635 2972.640 2.148
02464000 2011 8 8 12 43200 28.690 203.651 0 30.481 23.531 2943.609 1.991
02464000 2011 8 9 12 43200 17.658 283.333 0 32.597 22.354 2934.828 2.444
02464000 2011 8 10 12 43200 13.592 300.370 0 32.750 23.894 2970.235 2.317
02464146 2011 8 1 12 43200 3.000 323.000 0 35.183 23.784 2816.636 2.704
02464146 2011 8 2 12 43200 0.000 323.875 0 36.678 23.695 2574.519 2.930
02464146 2011 8 3 12 43200 0.000 324.875 0 36.360 24.592 2523.806 2.807
02464146 2011 8 4 12 43200 0.000 319.625 0 35.673 23.558 2471.341 2.795
02464146 2011 8 5 12 43200 38.500 166.250 0 29.775 23.575 2796.707 1.870
02464146 2011 8 6 12 43200 12.600 263.250 0 32.197 22.677 2934.033 2.359
02464146 2011 8 7 12 43200 25.760 291.625 0 31.050 22.808 2983.302 2.169
02464146 2011 8 8 12 43200 22.200 221.250 0 31.150 23.575 2941.022 2.101
02464146 2011 8 9 12 43200 19.800 275.750 0 32.750 22.299 2954.109 2.477
02464146 2011 8 10 12 43200 13.690 304.875 0 32.721 23.826 2992.831 2.324
02464360 2011 8 1 12 43200 2.404 316.192 0 35.184 23.983 2848.391 2.685
02464360 2011 8 2 12 43200 0.000 325.237 0 36.480 23.796 2570.271 2.892
02464360 2011 8 3 12 43200 0.000 324.875 0 36.163 24.690 2531.860 2.768
02464360 2011 8 4 12 43200 0.000 319.258 0 35.970 23.756 2499.899 2.821
02464360 2011 8 5 12 43200 40.756 115.119 0 29.480 23.772 2893.333 1.792
02464360 2011 8 6 12 43200 20.809 248.867 0 31.906 22.677 2990.549 2.314
02464360 2011 8 7 12 43200 21.410 281.337 0 30.455 22.611 3002.297 2.096
02464360 2011 8 8 12 43200 34.152 183.813 0 29.068 23.674 2968.691 1.731
02464360 2011 8 9 12 43200 19.998 283.679 0 33.344 22.299 2953.747 2.563
02464360 2011 8 10 12 43200 12.131 304.387 0 32.918 23.965 3019.256 2.340
02465493 2011 8 1 12 43200 0.600 319.500 0 36.083 24.350 2847.323 2.827
02465493 2011 8 2 12 43200 0.000 311.875 0 35.450 24.850 2672.999 2.683
02465493 2011 8 3 12 43200 0.000 324.750 0 36.460 24.492 2681.373 2.872
02465493 2011 8 4 12 43200 0.000 322.625 0 35.973 23.558 2451.178 2.880
02465493 2011 8 5 12 43200 23.600 165.500 0 30.675 23.375 2754.152 2.075
02465493 2011 8 6 12 43200 3.500 268.000 0 35.197 22.777 2857.442 2.831
02465493 2011 8 7 12 43200 20.750 266.375 0 30.133 22.708 3016.354 2.064
02465493 2011 8 8 12 43200 23.800 157.125 0 29.150 23.562 2973.317 1.787
02465493 2011 8 9 12 43200 23.700 283.125 0 32.272 22.399 2967.603 2.431
02465493 2011 8 10 12 43200 24.460 305.750 0 31.321 23.869 3104.521 2.125
02469800 2011 8 1 12 43200 1.048 233.475 0 35.148 24.251 2985.777 2.808
02469800 2011 8 2 12 43200 1.597 303.599 0 36.257 24.372 2910.925 2.972
02469800 2011 8 3 12 43200 0.165 319.411 0 37.416 25.147 2907.834 3.083
02469800 2011 8 4 12 43200 0.000 324.487 0 38.578 24.752 2627.821 3.300
02469800 2011 8 5 12 43200 0.048 260.253 0 38.521 24.715 2588.802 3.294
02469800 2011 8 6 12 43200 5.511 218.295 0 36.351 23.417 2723.832 3.071
02469800 2011 8 7 12 43200 21.468 218.514 0 32.418 22.800 2832.222 2.517
02469800 2011 8 8 12 43200 14.858 142.848 0 31.083 24.121 2848.796 2.141
02469800 2011 8 9 12 43200 0.239 104.122 0 29.174 23.186 2897.487 1.920
02469800 2011 8 10 12 43200 0.014 313.139 0 34.799 23.679 2852.571 2.808
02472000 2011 8 1 12 43200 11.023 305.861 0 34.064 24.361 3054.546 2.624
02472000 2011 8 2 12 43200 0.243 326.737 0 35.183 24.325 2750.393 2.809
02472000 2011 8 3 12 43200 0.000 326.547 0 35.612 24.672 2609.157 2.844
02472000 2011 8 4 12 43200 0.000 323.962 0 36.075 23.955 2607.155 2.985
02472000 2011 8 5 12 43200 0.544 277.181 0 34.987 24.276 2596.876 2.783
02472000 2011 8 6 12 43200 6.939 228.039 0 30.372 23.283 2724.677 2.124
02472000 2011 8 7 12 43200 29.286 295.039 0 31.792 21.538 2758.939 2.545
02472000 2011 8 8 12 43200 20.994 102.888 0 29.569 22.811 2822.397 2.043
02472000 2011 8 9 12 43200 0.031 269.970 0 32.665 22.881 2860.624 2.551
02472000 2011 8 10 12 43200 0.008 312.708 0 32.293 22.976 2853.984 2.481
02472500 2011 8 1 12 43200 13.608 293.884 0 33.477 23.955 3083.178 2.594
02472500 2011 8 2 12 43200 0.772 323.514 0 34.445 24.540 2919.316 2.692
02472500 2011 8 3 12 43200 0.000 322.821 0 35.167 24.449 2728.820 2.820
02472500 2011 8 4 12 43200 0.000 325.814 0 34.792 23.810 2549.033 2.823
02472500 2011 8 5 12 43200 0.259 279.983 0 35.429 24.142 2715.577 2.892
02472500 2011 8 6 12 43200 19.229 262.477 0 31.831 23.751 2932.266 2.340
02472500 2011 8 7 12 43200 26.879 293.858 0 31.136 22.068 2774.619 2.412
02472500 2011 8 8 12 43200 24.921 133.618 0 30.287 23.119 2873.567 2.149
02472500 2011 8 9 12 43200 0.000 284.605 0 32.458 23.191 2889.199 2.508
02472500 2011 8 10 12 43200 0.000 314.201 0 32.053 22.876 2841.454 2.475
02479155 2011 8 1 12 43200 10.630 251.839 0 33.565 24.458 3040.747 2.586
02479155 2011 8 2 12 43200 2.044 251.741 0 36.224 24.695 2978.954 3.004
02479155 2011 8 3 12 43200 0.000 315.877 0 35.786 25.039 2758.528 2.898
02479155 2011 8 4 12 43200 0.000 281.311 0 36.988 24.954 2655.532 3.104
02479155 2011 8 5 12 43200 0.000 254.584 0 39.014 23.880 2706.566 3.516
02479155 2011 8 6 12 43200 19.220 276.558 0 34.620 24.351 2875.597 2.776
02479155 2011 8 7 12 43200 34.282 163.686 0 30.050 23.897 2981.723 2.029
02479155 2011 8 8 12 43200 8.500 63.215 0 27.538 24.024 2931.672 1.491
02479155 2011 8 9 12 43200 0.026 190.835 0 33.720 23.521 2862.504 2.713
02479155 2011 8 10 12 43200 0.000 316.420 0 34.017 23.791 2865.209 2.734
02479300 2011 8 1 12 43200 14.980 256.617 0 33.681 24.245 3028.816 2.654
02479300 2011 8 2 12 43200 1.718 248.259 0 36.257 24.697 2983.579 3.037
02479300 2011 8 3 12 43200 0.006 314.783 0 36.333 25.044 2811.098 3.015
02479300 2011 8 4 12 43200 0.000 305.306 0 36.590 24.911 2636.952 3.070
02479300 2011 8 5 12 43200 0.000 244.255 0 38.496 23.953 2706.181 3.461
02479300 2011 8 6 12 43200 19.402 207.671 0 35.660 24.232 2861.146 2.985
02479300 2011 8 7 12 43200 30.266 152.586 0 29.884 23.681 2968.892 2.047
02479300 2011 8 8 12 43200 11.180 72.536 0 27.349 24.086 2961.581 1.448
02479300 2011 8 9 12 43200 0.000 205.835 0 33.602 23.879 2878.581 2.680
02479300 2011 8 10 12 43200 0.000 316.962 0 34.043 23.829 2865.710 2.759
02479560 2011 8 1 12 43200 27.529 252.363 0 33.931 24.142 3118.873 2.701
02479560 2011 8 2 12 43200 0.894 306.726 0 36.709 24.635 2945.471 3.110
02479560 2011 8 3 12 43200 0.199 311.064 0 36.551 25.257 2904.817 3.023
02479560 2011 8 4 12 43200 0.101 293.671 0 37.759 25.196 2704.940 3.227
02479560 2011 8 5 12 43200 0.000 249.651 0 39.120 24.117 2664.599 3.537
02479560 2011 8 6 12 43200 10.290 216.992 0 36.322 24.475 2870.163 3.062
02479560 2011 8 7 12 43200 29.930 111.805 0 27.630 23.599 2937.248 1.601
02479560 2011 8 8 12 43200 14.214 86.641 0 28.189 24.253 2957.692 1.606
02479560 2011 8 9 12 43200 0.490 135.488 0 30.876 23.837 2923.768 2.205
02479560 2011 8 10 12 43200 0.000 315.001 0 34.197 24.192 2886.143 2.740
02481000 2011 8 1 12 43200 14.257 245.123 0 35.049 24.131 2975.694 2.911
02481000 2011 8 2 12 43200 2.694 234.187 0 36.481 24.840 3011.914 3.076
02481000 2011 8 3 12 43200 0.087 313.472 0 36.947 25.158 2855.158 3.122
02481000 2011 8 4 12 43200 0.021 313.007 0 36.907 24.946 2687.847 3.136
02481000 2011 8 5 12 43200 -0.000 251.057 0 37.495 24.066 2728.655 3.313
02481000 2011 8 6 12 43200 15.346 176.874 0 36.807 24.322 2868.442 3.179
02481000 2011 8 7 12 43200 29.519 159.019 0 30.015 23.680 3011.060 2.083
02481000 2011 8 8 12 43200 11.257 84.548 0 28.518 24.244 2983.272 1.692
02481000 2011 8 9 12 43200 0.000 210.670 0 33.821 24.150 2888.985 2.703
02481000 2011 8 10 12 43200 0.000 317.329 0 34.278 24.062 2887.275 2.789
02481510 2011 8 1 12 43200 11.648 249.989 0 34.414 23.834 2988.606 2.842
02481510 2011 8 2 12 43200 2.269 251.283 0 35.817 24.759 3002.088 2.981
02481510 2011 8 3 12 43200 0.067 314.400 0 36.476 24.956 2849.508 3.071
02481510 2011 8 4 12 43200 0.017 308.951 0 36.096 24.676 2620.554 3.036
02481510 2011 8 5 12 43200 -0.000 265.248 0 37.350 24.090 2719.143 3.295
02481510 2011 8 6 12 43200 22.016 185.783 0 35.840 24.122 2888.819 3.048
02481510 2011 8 7 12 43200 32.606 194.383 0 29.969 23.596 2961.549 2.091
02481510 2011 8 8 12 43200 14.326 104.391 0 28.390 24.084 2980.872 1.697
02481510 2011 8 9 12 43200 0.000 211.544 0 33.426 23.996 2887.830 2.659
02481510 2011 8 10 12 43200 0.000 316.469 0 33.787 23.730 2889.511 2.748
03010655 2011 8 1 12 43200 6.749 309.550 0 25.420 15.922 2020.494 1.403
03010655 2011 8 2 12 43200 0.000 313.674 0 27.156 13.506 1762.380 1.667
03010655 2011 8 3 12 43200 16.724 83.899 0 23.046 15.061 1856.661 1.231
03010655 2011 8 4 12 43200 7.194 243.509 0 25.305 16.581 2172.785 1.355
03010655 2011 8 5 12 43200 9.694 299.355 0 26.231 17.340 2372.583 1.399
03010655 2011 8 6 12 43200 0.353 303.526 0 30.274 17.606 2169.388 1.764
03010655 2011 8 7 12 43200 -0.000 308.556 0 30.280 17.590 2122.648 1.765
03010655 2011 8 8 12 43200 0.708 193.898 0 23.111 17.320 1925.369 1.082
03010655 2011 8 9 12 43200 -0.000 317.136 0 23.957 9.928 1373.550 1.535
03010655 2011 8 10 12 43200 2.264 50.220 0 19.419 13.421 1560.311 0.988
03011800 2011 8 1 12 43200 6.443 309.431 0 26.044 15.704 2040.668 1.486
03011800 2011 8 2 12 43200 -0.000 309.549 0 27.612 14.487 1766.131 1.682
03011800 2011 8 3 12 43200 42.808 29.719 0 19.577 16.204 1872.686 0.781
03011800 2011 8 4 12 43200 4.917 247.908 0 26.764 17.494 2199.317 1.455
03011800 2011 8 5 12 43200 9.086 297.847 0 26.975 17.750 2402.324 1.460
03011800 2011 8 6 12 43200 -0.000 313.500 0 31.759 17.593 2097.893 1.918
03011800 2011 8 7 12 43200 0.000 309.280 0 30.712 17.701 2107.382 1.817
03011800 2011 8 8 12 43200 0.446 215.767 0 23.620 17.990 1964.864 1.095
03011800 2011 8 9 12 43200 0.000 320.375 0 26.288 10.876 1361.156 1.703
03011800 2011 8 10 12 43200 11.640 33.605 0 18.304 15.172 1613.108 0.728
03015500 2011 8 1 12 43200 7.624 315.380 0 26.378 17.306 2172.298 1.422
03015500 2011 8 2 12 43200 -0.000 299.504 0 26.057 15.611 1949.276 1.486
03015500 2011 8 3 12 43200 27.017 20.273 0 19.230 17.311 1933.191 0.593
03015500 2011 8 4 12 43200 3.351 249.924 0 26.047 17.913 2350.006 1.352
03015500 2011 8 5 12 43200 2.692 298.081 0 27.513 18.122 2377.212 1.484
03015500 2011 8 6 12 43200 0.057 309.264 0 29.487 17.490 2241.714 1.706
03015500 2011 8 7 12 43200 -0.000 309.286 0 28.091 18.133 2304.067 1.540
03015500 2011 8 8 12 43200 1.392 257.436 0 22.298 17.326 2014.781 0.997
03015500 2011 8 9 12 43200 -0.000 316.244 0 23.985 12.077 1520.967 1.468
03015500 2011 8 10 12 43200 31.527 52.519 0 20.604 15.825 1678.735 0.935
03021350 2011 8 1 12 43200 11.045 314.788 0 26.388 18.464 2202.630 1.339
03021350 2011 8 2 12 43200 0.007 295.500 0 25.540 16.940 1961.526 1.352
03021350 2011 8 3 12 43200 22.945 19.659 0 19.763 18.513 1961.651 0.487
03021350 2011 8 4 12 43200 2.191 262.940 0 25.488 17.933 2296.693 1.283
03021350 2011 8 5 12 43200 1.001 297.209 0 27.279 18.798 2309.745 1.407
03021350 2011 8 6 12 43200 0.037 305.624 0 28.413 18.805 2299.207 1.519
03021350 2011 8 7 12 43200 -0.000 309.205 0 27.779 19.097 2302.349 1.438
03021350 2011 8 8 12 43200 1.987 273.764 0 21.870 17.655 1999.306 0.910
03021350 2011 8 9 12 43200 0.000 311.552 0 23.473 13.329 1547.808 1.358
03021350 2011 8 10 12 43200 20.890 58.259 0 21.391 16.424 1680.718 0.964
03026500 2011 8 1 12 43200 5.597 308.886 0 26.143 15.736 2020.835 1.503
03026500 2011 8 2 12 43200 -0.000 309.948 0 27.708 14.428 1757.916 1.704
03026500 2011 8 3 12 43200 42.882 31.931 0 19.915 16.237 1869.333 0.825
03026500 2011 8 4 12 43200 5.429 246.049 0 26.482 17.401 2194.196 1.442
03026500 2011 8 5 12 43200 9.340 297.880 0 27.000 17.754 2396.119 1.472
03026500 2011 8 6 12 43200 -0.000 313.515 0 31.852 17.720 2104.372 1.933
03026500 2011 8 7 12 43200 0.000 309.514 0 30.809 17.642 2096.186 1.840
03026500 2011 8 8 12 43200 0.412 212.196 0 23.784 18.124 1960.787 1.109
03026500 2011 8 9 12 43200 0.000 320.403 0 26.201 10.690 1359.550 1.713
03026500 2011 8 10 12 43200 10.367 33.423 0 18.147 15.144 1609.816 0.715
03028000 2011 8 1 12 43200 7.783 310.638 0 26.282 15.689 2059.219 1.523
03028000 2011 8 2 12 43200 -0.000 308.845 0 27.689 14.687 1780.379 1.696
03028000 2011 8 3 12 43200 40.794 28.251 0 18.869 16.191 1890.227 0.695
03028000 2011 8 4 12 43200 3.815 244.202 0 27.015 17.768 2229.548 1.476
03028000 2011 8 5 12 43200 7.642 288.155 0 28.222 17.917 2394.294 1.586
03028000 2011 8 6 12 43200 -0.000 314.123 0 31.610 17.622 2098.344 1.920
03028000 2011 8 7 12 43200 0.000 308.875 0 30.761 17.996 2125.253 1.824
03028000 2011 8 8 12 43200 0.395 225.609 0 23.646 18.129 1982.267 1.096
03028000 2011 8 9 12 43200 0.000 321.499 0 26.609 11.173 1366.434 1.735
03028000 2011 8 10 12 43200 14.389 31.919 0 18.483 15.290 1627.553 0.745
03049000 2011 8 1 12 43200 5.667 310.684 0 28.372 17.540 2131.073 1.688
03049000 2011 8 2 12 43200 0.064 289.273 0 29.287 17.620 2130.184 1.774
03049000 2011 8 3 12 43200 30.443 36.623 0 22.123 19.240 2062.133 0.821
03049000 2011 8 4 12 43200 2.998 197.126 0 28.535 20.387 2475.986 1.520
03049000 2011 8 5 12 43200 0.375 301.732 0 32.002 19.101 2417.259 1.965
03049000 2011 8 6 12 43200 -0.000 312.937 0 31.665 18.690 2355.075 1.953
03049000 2011 8 7 12 43200 0.000 309.556 0 31.309 20.092 2353.508 1.838
03049000 2011 8 8 12 43200 0.049 275.231 0 26.384 20.189 2237.082 1.287
03049000 2011 8 9 12 43200 0.000 320.102 0 27.730 13.005 1587.245 1.839
03049000 2011 8 10 12 43200 25.109 22.499 0 20.447 16.155 1745.820 0.937
03049800 2011 8 1 12 43200 1.000 302.125 0 31.050 19.350 1974.245 1.872
03049800 2011 8 2 12 43200 -0.000 277.125 0 30.850 19.695 2121.683 1.831
03049800 2011 8 3 12 43200 26.100 83.000 0 25.993 21.350 2134.440 1.136
03049800 2011 8 4 12 43200 20.400 188.000 0 30.573 22.052 2486.565 1.641
03049800 2011 8 5 12 43200 -0.000 311.375 0 34.375 20.650 2303.817 2.141
03049800 2011 8 6 12 43200 0.000 313.250 0 33.697 20.477 2314.393 2.081
03049800 2011 8 7 12 43200 0.000 310.250 0 32.950 21.708 2254.223 1.930
03049800 2011 8 8 12 43200 0.000 302.125 0 28.950 21.362 2223.853 1.506
03049800 2011 8 9 12 43200 0.000 316.000 0 29.872 15.399 1631.398 1.953
03049800 2011 8 10 12 43200 44.620 11.250 0 21.364 16.921 1797.483 0.985
03050000 2011 8 1 12 43200 0.000 331.475 0 27.813 15.733 1542.466 1.882
03050000 2011 8 2 12 43200 1.277 304.989 0 26.956 15.960 1840.287 1.780
03050000 2011 8 3 12 43200 0.488 231.881 0 28.677 18.780 1852.941 1.791
03050000 2011 8 4 12 43200 7.012 203.773 0 25.692 19.984 2315.836 1.330
03050000 2011 8 5 12 43200 35.060 191.811 0 25.548 18.713 2387.884 1.429
03050000 2011 8 6 12 43200 1.807 271.289 0 31.743 17.855 2150.526 2.178
03050000 2011 8 7 12 43200 11.095 309.959 0 27.050 18.684 2331.993 1.611
03050000 2011 8 8 12 43200 0.139 317.222 0 30.261 17.682 2021.647 2.031
03050000 2011 8 9 12 43200 12.107 306.642 0 27.633 17.109 2193.997 1.784
03050000 2011 8 10 12 43200 93.039 35.043 0 20.970 16.802 2143.909 1.022
03066000 2011 8 1 12 43200 0.955 324.280 0 28.979 16.284 1607.453 1.946
03066000 2011 8 2 12 43200 2.465 302.088 0 28.432 16.229 1831.660 1.893
03066000 2011 8 3 12 43200 0.454 175.403 0 28.298 18.423 1887.097 1.748
03066000 2011 8 4 12 43200 9.572 175.608 0 28.377 20.277 2295.488 1.622
03066000 2011 8 5 12 43200 36.503 239.928 0 26.980 19.056 2487.924 1.552
03066000 2011 8 6 12 43200 4.485 280.998 0 31.483 18.429 2288.064 2.091
03066000 2011 8 7 12 43200 0.113 316.036 0 30.926 18.869 2124.569 2.007
03066000 2011 8 8 12 43200 0.000 319.409 0 30.984 17.640 2021.644 2.081
03066000 2011 8 9 12 43200 4.578 256.765 0 29.122 16.600 2012.484 1.944
03066000 2011 8 10 12 43200 154.107 3.936 0 18.500 14.394 1856.464 0.932
03069500 2011 8 1 12 43200 0.314 329.070 0 28.392 15.845 1570.504 1.909
03069500 2011 8 2 12 43200 2.798 304.772 0 27.867 15.990 1826.735 1.848
03069500 2011 8 3 12 43200 0.279 207.424 0 28.748 18.283 1867.117 1.807
03069500 2011 8 4 12 43200 6.293 175.635 0 26.456 20.427 2297.800 1.369
03069500 2011 8 5 12 43200 36.644 219.790 0 26.038 18.837 2442.825 1.458
03069500 2011 8 6 12 43200 3.844 270.847 0 31.807 18.137 2236.054 2.141
03069500 2011 8 7 12 43200 4.146 309.432 0 28.967 18.737 2194.727 1.802
03069500 2011 8 8 12 43200 0.051 318.830 0 30.687 17.540 2026.895 2.056
03069500 2011 8 9 12 43200 7.634 273.272 0 28.878 16.677 2084.419 1.915
03069500 2011 8 10 12 43200 128.773 11.075 0 18.738 15.113 1972.218 0.888
03070500 2011 8 1 12 43200 2.396 320.920 0 29.435 17.242 1800.065 1.901
03070500 2011 8 2 12 43200 0.530 294.568 0 28.834 17.363 2038.902 1.832
03070500 2011 8 3 12 43200 8.817 116.714 0 27.834 19.690 2097.024 1.570
03070500 2011 8 4 12 43200 37.981 211.895 0 28.808 20.752 2498.680 1.601
03070500 2011 8 5 12 43200 4.496 291.061 0 29.978 19.318 2460.236 1.836
03070500 2011 8 6 12 43200 0.389 317.157 0 32.778 19.053 2319.965 2.148
03070500 2011 8 7 12 43200 -0.000 322.162 0 30.895 19.755 2212.900 1.908
03070500 2011 8 8 12 43200 0.201 270.371 0 29.527 17.822 2172.723 1.878
03070500 2011 8 9 12 43200 0.136 317.164 0 30.152 15.617 1894.061 2.051
03070500 2011 8 10 12 43200 88.445 9.883 0 21.125 14.878 1751.852 1.178
03076600 2011 8 1 12 43200 1.252 317.357 0 28.757 17.115 1711.074 1.835
03076600 2011 8 2 12 43200 0.035 302.063 0 28.277 16.916 1914.548 1.797
03076600 2011 8 3 12 43200 9.708 115.905 0 27.535 19.033 1974.591 1.582
03076600 2011 8 4 12 43200 40.416 239.298 0 29.012 20.369 2387.695 1.652
03076600 2011 8 5 12 43200 12.632 288.807 0 27.661 19.382 2520.766 1.571
03076600 2011 8 6 12 43200 0.286 309.396 0 30.546 18.878 2248.798 1.921
03076600 2011 8 7 12 43200 -0.000 323.498 0 30.807 19.246 2133.046 1.926
03076600 2011 8 8 12 43200 0.060 290.296 0 29.319 17.559 2061.692 1.868
03076600 2011 8 9 12 43200 1.068 307.870 0 28.896 15.451 1765.808 1.934
03076600 2011 8 10 12 43200 143.058 5.164 0 18.317 13.925 1649.423 0.932
03078000 2011 8 1 12 43200 1.120 316.641 0 28.714 17.127 1715.675 1.826
03078000 2011 8 2 12 43200 0.000 302.732 0 28.206 16.931 1914.928 1.785
03078000 2011 8 3 12 43200 10.005 115.124 0 27.491 18.996 1968.595 1.577
03078000 2011 8 4 12 43200 40.324 243.621 0 29.058 20.392 2386.307 1.652
03078000 2011 8 5 12 43200 12.204 289.866 0 27.570 19.397 2522.716 1.556
03078000 2011 8 6 12 43200 0.277 310.243 0 30.329 18.886 2250.505 1.893
03078000 2011 8 7 12 43200 -0.000 323.419 0 30.780 19.253 2137.012 1.919
03078000 2011 8 8 12 43200 0.034 290.309 0 29.230 17.575 2061.106 1.854
03078000 2011 8 9 12 43200 0.955 310.197 0 28.753 15.383 1753.394 1.919
03078000 2011 8 10 12 43200 143.359 5.196 0 18.102 13.888 1643.899 0.908
03140000 2011 8 1 12 43200 3.300 314.017 0 29.670 18.710 2272.153 1.780
03140000 2011 8 2 12 43200 0.657 261.021 0 29.396 20.208 2491.711 1.655
03140000 2011 8 3 12 43200 5.694 131.485 0 29.325 21.037 2522.078 1.586
03140000 2011 8 4 12 43200 11.534 264.491 0 28.585 20.238 2529.711 1.562
03140000 2011 8 5 12 43200 0.000 309.189 0 30.008 19.116 2422.313 1.791
03140000 2011 8 6 12 43200 0.000 313.542 0 29.996 18.003 2228.723 1.853
03140000 2011 8 7 12 43200 0.000 312.233 0 30.596 18.769 2312.468 1.872
03140000 2011 8 8 12 43200 0.260 278.855 0 27.182 20.354 2380.189 1.390
03140000 2011 8 9 12 43200 -0.000 297.018 0 26.762 13.886 1776.289 1.745
03140000 2011 8 10 12 43200 4.994 55.471 0 21.073 18.113 1940.227 0.820
03144000 2011 8 1 12 43200 1.404 315.398 0 29.762 18.994 2260.177 1.791
03144000 2011 8 2 12 43200 0.670 270.778 0 30.214 21.064 2571.859 1.703
03144000 2011 8 3 12 43200 7.578 176.028 0 28.854 21.065 2581.318 1.545
03144000 2011 8 4 12 43200 14.752 294.714 0 29.839 20.883 2579.588 1.673
03144000 2011 8 5 12 43200 0.000 313.541 0 30.326 19.291 2404.287 1.833
03144000 2011 8 6 12 43200 0.000 314.830 0 30.677 17.812 2230.749 1.952
03144000 2011 8 7 12 43200 0.000 311.346 0 30.860 19.168 2340.774 1.896
03144000 2011 8 8 12 43200 0.339 288.393 0 28.333 20.556 2416.148 1.525
03144000 2011 8 9 12 43200 -0.000 292.600 0 27.645 13.720 1807.312 1.852
03144000 2011 8 10 12 43200 1.610 65.935 0 21.080 19.115 1951.648 0.685
03159540 2011 8 1 12 43200 0.000 320.210 0 33.540 18.352 1936.305 2.316
03159540 2011 8 2 12 43200 0.366 288.903 0 34.093 20.697 2364.320 2.251
03159540 2011 8 3 12 43200 3.957 239.760 0 32.881 21.325 2460.402 2.076
03159540 2011 8 4 12 43200 33.927 248.702 0 30.394 22.933 2993.841 1.651
03159540 2011 8 5 12 43200 11.563 282.224 0 32.406 21.144 2670.351 2.034
03159540 2011 8 6 12 43200 0.005 304.488 0 34.111 20.827 2470.923 2.245
03159540 2011 8 7 12 43200 0.000 303.230 0 34.796 20.733 2314.886 2.326
03159540 2011 8 8 12 43200 0.341 275.705 0 34.306 20.460 2480.562 2.288
03159540 2011 8 9 12 43200 0.266 302.079 0 32.563 17.486 2044.482 2.257
03159540 2011 8 10 12 43200 4.376 168.482 0 26.514 19.824 2215.068 1.436
03161000 2011 8 1 12 43200 1.251 334.953 0 30.080 17.087 1789.108 2.254
03161000 2011 8 2 12 43200 0.000 312.378 0 30.048 18.482 1630.773 2.163
03161000 2011 8 3 12 43200 0.000 327.785 0 31.224 19.319 1883.506 2.249
03161000 2011 8 4 12 43200 0.000 312.569 0 31.312 19.687 1949.426 2.235
03161000 2011 8 5 12 43200 11.355 278.234 0 30.478 20.504 2255.196 2.070
03161000 2011 8 6 12 43200 30.897 284.582 0 28.234 19.492 2447.451 1.862
03161000 2011 8 7 12 43200 23.759 279.696 0 29.016 19.593 2444.602 1.955
03161000 2011 8 8 12 43200 23.444 162.105 0 26.158 19.999 2419.632 1.532
03161000 2011 8 9 12 43200 22.763 271.316 0 28.868 19.118 2201.908 1.973
03161000 2011 8 10 12 43200 94.096 201.279 0 25.538 19.833 2477.649 1.460
03164000 2011 8 1 12 43200 0.616 335.046 0 29.758 16.949 1790.086 2.203
03164000 2011 8 2 12 43200 0.000 308.083 0 29.903 18.023 1673.977 2.155
03164000 2011 8 3 12 43200 0.000 322.133 0 30.828 19.017 1887.282 2.200
03164000 2011 8 4 12 43200 0.000 312.941 0 30.633 19.411 2006.615 2.149
03164000 2011 8 5 12 43200 11.939 281.485 0 30.173 20.140 2271.105 2.039
03164000 2011 8 6 12 43200 27.239 252.725 0 27.514 19.568 2461.643 1.744
03164000 2011 8 7 12 43200 33.649 277.173 0 29.332 19.594 2420.079 1.975
03164000 2011 8 8 12 43200 17.604 188.573 0 26.585 19.853 2374.092 1.592
03164000 2011 8 9 12 43200 16.382 295.593 0 27.202 18.977 2256.019 1.754
03164000 2011 8 10 12 43200 73.493 179.113 0 25.014 19.755 2432.379 1.377
03165000 2011 8 1 12 43200 0.000 333.140 0 31.027 17.971 1868.978 2.289
03165000 2011 8 2 12 43200 0.000 300.918 0 31.245 18.974 1776.991 2.253
03165000 2011 8 3 12 43200 0.000 314.405 0 32.447 19.903 1927.683 2.336
03165000 2011 8 4 12 43200 0.014 309.926 0 33.000 20.343 2073.131 2.375
03165000 2011 8 5 12 43200 1.751 295.654 0 32.747 21.038 2252.050 2.296
03165000 2011 8 6 12 43200 25.536 232.477 0 28.342 20.809 2555.891 1.742
03165000 2011 8 7 12 43200 63.800 244.006 0 30.123 20.687 2603.879 1.989
03165000 2011 8 8 12 43200 3.322 213.607 0 30.442 21.102 2357.963 1.997
03165000 2011 8 9 12 43200 15.854 305.925 0 28.053 20.575 2365.589 1.725
03165000 2011 8 10 12 43200 67.906 147.974 0 26.284 20.460 2527.257 1.487
03170000 2011 8 1 12 43200 0.000 329.157 0 31.454 17.934 1854.763 2.305
03170000 2011 8 2 12 43200 0.000 298.864 0 30.764 18.713 1759.726 2.179
03170000 2011 8 3 12 43200 0.308 274.596 0 31.684 20.058 1965.954 2.199
03170000 2011 8 4 12 43200 0.218 304.741 0 32.647 21.000 2199.367 2.251
03170000 2011 8 5 12 43200 7.818 284.562 0 32.076 20.820 2444.374 2.194
03170000 2011 8 6 12 43200 15.309 196.104 0 28.421 20.498 2568.521 1.754
03170000 2011 8 7 12 43200 26.365 226.231 0 30.845 20.355 2476.968 2.075
03170000 2011 8 8 12 43200 0.000 277.607 0 33.907 20.199 2189.482 2.455
03170000 2011 8 9 12 43200 14.772 287.263 0 29.943 19.807 2367.747 2.005
03170000 2011 8 10 12 43200 79.050 82.332 0 24.222 20.851 2522.953 1.090
03173000 2011 8 1 12 43200 0.000 333.147 0 30.191 16.982 1821.880 2.196
03173000 2011 8 2 12 43200 0.011 297.377 0 29.696 17.008 1775.536 2.140
03173000 2011 8 3 12 43200 0.450 277.957 0 30.605 18.458 1977.339 2.156
03173000 2011 8 4 12 43200 5.452 289.585 0 30.146 18.972 2278.515 2.070
03173000 2011 8 5 12 43200 34.054 269.230 0 28.532 19.701 2551.083 1.820
03173000 2011 8 6 12 43200 11.748 226.594 0 28.781 19.407 2473.933 1.874
03173000 2011 8 7 12 43200 17.715 261.610 0 29.449 19.099 2341.196 1.978
03173000 2011 8 8 12 43200 1.774 282.672 0 32.059 19.269 2207.916 2.274
03173000 2011 8 9 12 43200 10.716 305.877 0 29.058 18.468 2284.354 1.975
03173000 2011 8 10 12 43200 46.718 132.503 0 24.056 19.791 2419.558 1.196
03180500 2011 8 1 12 43200 0.000 336.607 0 27.714 15.008 1501.480 1.930
03180500 2011 8 2 12 43200 0.864 310.986 0 27.335 15.474 1752.220 1.867
03180500 2011 8 3 12 43200 0.078 232.345 0 28.440 18.169 1791.448 1.825
03180500 2011 8 4 12 43200 7.280 229.439 0 26.117 20.473 2250.332 1.353
03180500 2011 8 5 12 43200 27.463 172.834 0 25.964 18.429 2301.222 1.520
03180500 2011 8 6 12 43200 3.415 268.509 0 31.182 17.535 2126.324 2.160
03180500 2011 8 7 12 43200 12.871 308.561 0 27.418 18.266 2294.615 1.703
03180500 2011 8 8 12 43200 0.587 315.738 0 30.518 17.241 1951.866 2.105
03180500 2011 8 9 12 43200 17.312 289.374 0 27.702 16.478 2151.438 1.850
03180500 2011 8 10 12 43200 115.897 15.262 0 19.140 15.347 2027.225 0.940
03182500 2011 8 1 12 43200 0.000 335.424 0 28.582 15.380 1505.749 2.030
03182500 2011 8 2 12 43200 0.274 306.398 0 27.732 15.772 1747.564 1.921
03182500 2011 8 3 12 43200 0.320 234.107 0 28.813 18.352 1815.488 1.883
03182500 2011 8 4 12 43200 8.379 255.661 0 27.767 20.654 2253.224 1.577
03182500 2011 8 5 12 43200 25.220 154.478 0 26.165 18.626 2329.389 1.551
03182500 2011 8 6 12 43200 3.614 274.132 0 30.985 17.592 2153.069 2.168
03182500 2011 8 7 12 43200 12.855 303.462 0 27.280 18.346 2346.951 1.706
03182500 2011 8 8 12 43200 0.330 311.938 0 31.266 17.430 1957.807 2.207
03182500 2011 8 9 12 43200 25.616 293.837 0 27.134 16.906 2225.641 1.789
03182500 2011 8 10 12 43200 107.158 20.314 0 20.046 16.317 2103.536 0.972
03186500 2011 8 1 12 43200 0.000 331.584 0 28.661 16.054 1534.375 1.987
03186500 2011 8 2 12 43200 0.076 288.992 0 27.071 16.337 1811.193 1.803
03186500 2011 8 3 12 43200 1.651 240.049 0 29.114 17.946 1881.516 1.927
03186500 2011 8 4 12 43200 8.909 249.767 0 26.780 20.325 2300.061 1.466
03186500 2011 8 5 12 43200 31.410 171.909 0 25.644 18.894 2403.326 1.451
03186500 2011 8 6 12 43200 1.581 286.061 0 31.398 17.978 2190.641 2.174
03186500 2011 8 7 12 43200 10.530 308.490 0 26.942 18.792 2364.163 1.619
03186500 2011 8 8 12 43200 0.000 314.050 0 30.534 17.681 2005.810 2.098
03186500 2011 8 9 12 43200 25.582 305.085 0 26.387 17.541 2315.328 1.648
03186500 2011 8 10 12 43200 63.050 44.844 0 21.496 18.695 2221.909 0.882
03187500 2011 8 1 12 43200 0.000 331.612 0 28.692 16.144 1541.583 1.993
03187500 2011 8 2 12 43200 0.000 287.997 0 27.050 16.405 1817.650 1.803
03187500 2011 8 3 12 43200 1.668 239.790 0 29.161 17.834 1886.938 1.946
03187500 2011 8 4 12 43200 9.659 251.541 0 26.698 20.266 2304.516 1.466
03187500 2011 8 5 12 43200 32.733 173.980 0 25.760 18.960 2411.230 1.465
03187500 2011 8 6 12 43200 1.422 288.607 0 31.423 18.113 2199.141 2.177
03187500 2011 8 7 12 43200 10.669 308.715 0 27.001 18.861 2375.943 1.626
03187500 2011 8 8 12 43200 0.000 313.993 0 30.492 17.730 2014.037 2.098
03187500 2011 8 9 12 43200 25.411 305.533 0 26.321 17.652 2329.663 1.638
03187500 2011 8 10 12 43200 58.465 48.758 0 21.550 18.778 2231.943 0.882
03213700 2011 8 1 12 43200 0.000 331.020 0 31.325 17.455 1785.912 2.259
03213700 2011 8 2 12 43200 0.000 301.347 0 31.330 17.575 1880.449 2.253
03213700 2011 8 3 12 43200 0.007 309.336 0 32.248 19.445 2080.478 2.249
03213700 2011 8 4 12 43200 6.018 248.848 0 31.310 20.118 2411.187 2.096
03213700 2011 8 5 12 43200 24.050 265.401 0 28.495 20.692 2703.373 1.703
03213700 2011 8 6 12 43200 0.967 297.855 0 33.752 20.189 2450.580 2.376
03213700 2011 8 7 12 43200 6.434 275.290 0 32.188 20.411 2451.207 2.180
03213700 2011 8 8 12 43200 1.141 295.311 0 32.988 20.378 2324.801 2.276
03213700 2011 8 9 12 43200 8.434 282.798 0 30.859 19.324 2439.229 2.096
03213700 2011 8 10 12 43200 28.505 104.724 0 22.717 20.212 2452.498 0.891
03237280 2011 8 1 12 43200 0.000 318.875 0 32.850 18.050 1955.434 2.300
03237280 2011 8 2 12 43200 0.100 298.250 0 33.650 21.295 2480.477 2.204
03237280 2011 8 3 12 43200 1.300 311.125 0 32.893 21.292 2476.728 2.117
03237280 2011 8 4 12 43200 18.600 228.500 0 29.350 23.650 2995.067 1.464
03237280 2011 8 5 12 43200 19.900 290.250 0 31.150 21.750 2782.760 1.878
03237280 2011 8 6 12 43200 0.200 285.875 0 32.597 20.677 2511.634 2.124
03237280 2011 8 7 12 43200 -0.000 249.250 0 33.450 20.708 2450.222 2.218
03237280 2011 8 8 12 43200 0.000 296.125 0 33.750 20.262 2453.435 2.278
03237280 2011 8 9 12 43200 2.900 278.500 0 32.250 19.082 2378.504 2.181
03237280 2011 8 10 12 43200 21.640 175.500 0 27.921 19.326 2294.038 1.676
03237500 2011 8 1 12 43200 0.033 316.726 0 30.324 18.804 2124.937 1.973
03237500 2011 8 2 12 43200 0.690 301.475 0 31.820 21.349 2611.193 1.974
03237500 2011 8 3 12 43200 0.525 305.568 0 31.397 21.380 2601.489 1.922
03237500 2011 8 4 12 43200 18.006 240.934 0 29.313 23.499 3057.366 1.465
03237500 2011 8 5 12 43200 4.638 304.971 0 30.442 21.211 2663.065 1.821
03237500 2011 8 6 12 43200 0.017 311.421 0 30.798 20.415 2483.197 1.921
03237500 2011 8 7 12 43200 0.001 290.889 0 31.215 20.778 2476.413 1.944
03237500 2011 8 8 12 43200 3.725 268.016 0 31.144 20.305 2586.028 1.968
03237500 2011 8 9 12 43200 2.365 285.052 0 29.327 18.292 2351.579 1.895
03237500 2011 8 10 12 43200 8.940 191.763 0 26.931 18.774 2221.454 1.590
03238500 2011 8 1 12 43200 0.259 310.444 0 29.861 19.018 2182.753 1.904
03238500 2011 8 2 12 43200 2.845 302.051 0 31.411 21.689 2702.586 1.897
03238500 2011 8 3 12 43200 0.706 307.223 0 31.353 21.208 2656.827 1.925
03238500 2011 8 4 12 43200 23.209 249.894 0 29.642 23.533 3075.028 1.505
03238500 2011 8 5 12 43200 1.377 308.088 0 29.726 21.233 2697.036 1.728
03238500 2011 8 6 12 43200 -0.000 313.844 0 29.690 20.501 2511.635 1.781
03238500 2011 8 7 12 43200 0.004 297.235 0 30.679 20.803 2496.448 1.875
03238500 2011 8 8 12 43200 7.395 275.130 0 30.330 20.302 2634.243 1.870
03238500 2011 8 9 12 43200 1.874 274.137 0 27.814 18.166 2380.357 1.732
03238500 2011 8 10 12 43200 4.518 205.709 0 26.061 18.510 2209.042 1.505
03241500 2011 8 1 12 43200 0.894 309.149 0 29.488 19.359 2298.932 1.771
03241500 2011 8 2 12 43200 1.663 279.984 0 29.992 21.601 2763.296 1.667
03241500 2011 8 3 12 43200 15.559 282.042 0 29.974 21.495 2752.281 1.673
03241500 2011 8 4 12 43200 14.539 294.466 0 29.777 22.555 2867.846 1.560
03241500 2011 8 5 12 43200 0.097 308.203 0 28.943 20.251 2564.326 1.648
03241500 2011 8 6 12 43200 -0.000 314.628 0 28.958 19.076 2376.295 1.732
03241500 2011 8 7 12 43200 0.000 309.997 0 29.526 19.211 2332.732 1.785
03241500 2011 8 8 12 43200 1.967 273.531 0 28.843 21.066 2582.917 1.573
03241500 2011 8 9 12 43200 0.000 253.486 0 25.352 15.809 2046.397 1.557
03241500 2011 8 10 12 43200 4.294 201.185 0 24.919 17.637 2044.786 1.386
03280700 2011 8 1 12 43200 0.000 328.998 0 32.101 18.733 1886.341 2.321
03280700 2011 8 2 12 43200 0.000 318.431 0 33.147 18.812 2030.496 2.436
03280700 2011 8 3 12 43200 1.366 322.537 0 32.560 20.059 2274.378 2.293
03280700 2011 8 4 12 43200 2.118 268.756 0 32.251 20.895 2404.422 2.199
03280700 2011 8 5 12 43200 0.672 275.177 0 31.901 22.235 2701.296 2.052
03280700 2011 8 6 12 43200 2.709 277.020 0 34.049 20.428 2545.619 2.446
03280700 2011 8 7 12 43200 8.532 235.701 0 31.085 21.076 2662.520 2.040
03280700 2011 8 8 12 43200 38.820 256.625 0 28.797 21.213 2727.647 1.731
03280700 2011 8 9 12 43200 20.505 258.292 0 29.721 19.818 2598.218 1.966
03280700 2011 8 10 12 43200 20.322 182.216 0 26.788 20.426 2469.889 1.531
03281100 2011 8 1 12 43200 0.000 326.555 0 32.415 19.381 2024.978 2.319
03281100 2011 8 2 12 43200 0.000 320.226 0 32.771 19.099 2154.930 2.378
03281100 2011 8 3 12 43200 0.013 321.472 0 32.663 20.380 2349.331 2.285
03281100 2011 8 4 12 43200 3.910 262.407 0 32.514 21.304 2462.543 2.203
03281100 2011 8 5 12 43200 11.999 228.733 0 31.396 22.754 2842.345 1.942
03281100 2011 8 6 12 43200 0.151 278.003 0 33.921 20.960 2606.756 2.398
03281100 2011 8 7 12 43200 10.623 241.569 0 31.117 21.676 2719.168 1.998
03281100 2011 8 8 12 43200 32.640 292.245 0 29.500 21.565 2816.805 1.794
03281100 2011 8 9 12 43200 25.963 243.844 0 29.685 20.493 2722.008 1.910
03281100 2011 8 10 12 43200 26.994 193.316 0 26.610 21.363 2583.341 1.405
03281500 2011 8 1 12 43200 0.000 326.055 0 32.790 18.924 1976.086 2.359
03281500 2011 8 2 12 43200 0.000 318.069 0 33.227 19.120 2172.294 2.397
03281500 2011 8 3 12 43200 0.106 320.972 0 32.585 20.362 2358.403 2.247
03281500 2011 8 4 12 43200 4.234 270.461 0 32.424 21.810 2482.276 2.126
03281500 2011 8 5 12 43200 8.310 248.464 0 30.902 22.872 2869.019 1.839
03281500 2011 8 6 12 43200 0.278 281.552 0 34.141 20.954 2616.068 2.393
03281500 2011 8 7 12 43200 12.784 255.694 0 30.763 21.517 2733.491 1.939
03281500 2011 8 8 12 43200 30.006 292.560 0 29.942 21.650 2810.461 1.822
03281500 2011 8 9 12 43200 23.570 245.655 0 31.202 20.622 2728.906 2.063
03281500 2011 8 10 12 43200 21.182 189.376 0 27.435 21.094 2573.386 1.535
03285000 2011 8 1 12 43200 0.000 326.282 0 30.192 19.576 2187.739 2.003
03285000 2011 8 2 12 43200 0.000 317.499 0 31.480 20.022 2471.147 2.125
03285000 2011 8 3 12 43200 0.000 320.849 0 30.561 20.744 2543.240 1.962
03285000 2011 8 4 12 43200 6.275 287.649 0 30.229 22.532 2687.235 1.768
03285000 2011 8 5 12 43200 6.134 269.496 0 29.204 22.903 2960.489 1.587
03285000 2011 8 6 12 43200 1.401 293.574 0 30.511 21.224 2689.292 1.918
03285000 2011 8 7 12 43200 8.852 288.169 0 31.313 21.609 2706.907 1.989
03285000 2011 8 8 12 43200 7.759 293.982 0 31.272 22.238 2779.137 1.932
03285000 2011 8 9 12 43200 13.445 249.875 0 29.586 21.888 2818.807 1.741
03285000 2011 8 10 12 43200 28.186 196.086 0 26.137 21.628 2656.501 1.274
03291780 2011 8 1 12 43200 0.000 319.388 0 31.017 19.050 2199.878 2.028
03291780 2011 8 2 12 43200 0.000 312.634 0 31.402 21.888 2726.608 1.879
03291780 2011 8 3 12 43200 0.345 297.461 0 31.331 21.088 2700.327 1.929
03291780 2011 8 4 12 43200 23.393 261.048 0 29.950 24.454 3154.228 1.447
03291780 2011 8 5 12 43200 1.579 307.849 0 29.933 21.889 2715.652 1.698
03291780 2011 8 6 12 43200 0.000 314.379 0 30.419 21.084 2527.342 1.822
03291780 2011 8 7 12 43200 0.010 287.768 0 30.412 20.626 2461.112 1.855
03291780 2011 8 8 12 43200 5.497 278.763 0 30.846 20.562 2585.775 1.910
03291780 2011 8 9 12 43200 11.241 213.130 0 26.534 19.223 2496.288 1.502
03291780 2011 8 10 12 43200 2.483 253.530 0 27.355 18.290 2202.647 1.670
03300400 2011 8 1 12 43200 0.000 324.502 0 30.706 19.800 2190.002 2.033
03300400 2011 8 2 12 43200 0.000 316.391 0 31.607 20.844 2497.529 2.067
03300400 2011 8 3 12 43200 0.000 317.564 0 30.728 21.001 2555.435 1.948
03300400 2011 8 4 12 43200 7.733 257.000 0 29.946 23.373 2853.567 1.632
03300400 2011 8 5 12 43200 8.873 276.451 0 30.275 22.993 2942.235 1.717
03300400 2011 8 6 12 43200 0.653 293.400 0 30.623 21.369 2686.368 1.906
03300400 2011 8 7 12 43200 1.646 288.198 0 31.691 21.966 2686.010 1.993
03300400 2011 8 8 12 43200 1.492 291.869 0 31.779 22.380 2726.329 1.971
03300400 2011 8 9 12 43200 11.230 212.831 0 28.700 21.904 2813.113 1.606
03300400 2011 8 10 12 43200 18.277 228.667 0 26.806 21.348 2628.022 1.397
03338780 2011 8 1 12 43200 0.066 300.955 0 31.102 21.278 2636.797 1.777
03338780 2011 8 2 12 43200 -0.000 300.125 0 29.838 22.518 2890.676 1.533
03338780 2011 8 3 12 43200 1.178 204.778 0 29.909 24.198 2757.108 1.383
03338780 2011 8 4 12 43200 0.304 280.079 0 28.178 19.438 2585.171 1.582
03338780 2011 8 5 12 43200 0.022 306.810 0 28.470 18.476 2465.275 1.677
03338780 2011 8 6 12 43200 0.023 302.006 0 29.581 20.121 2552.265 1.688
03338780 2011 8 7 12 43200 0.051 295.974 0 30.572 20.531 2583.548 1.769
03338780 2011 8 8 12 43200 5.613 202.424 0 28.974 22.240 2783.791 1.451
03338780 2011 8 9 12 43200 21.525 77.789 0 22.603 19.395 2286.009 0.891
03338780 2011 8 10 12 43200 9.965 274.776 0 25.297 16.443 2140.390 1.475
03340800 2011 8 1 12 43200 0.000 313.745 0 30.332 20.532 2402.473 1.779
03340800 2011 8 2 12 43200 0.000 303.445 0 30.347 22.644 2850.652 1.617
03340800 2011 8 3 12 43200 0.211 161.413 0 29.641 22.600 2720.712 1.533
03340800 2011 8 4 12 43200 1.465 243.974 0 29.266 20.206 2784.949 1.682
03340800 2011 8 5 12 43200 0.826 274.915 0 29.038 19.966 2658.162 1.673
03340800 2011 8 6 12 43200 -0.000 309.476 0 29.891 20.467 2517.086 1.734
03340800 2011 8 7 12 43200 0.016 306.833 0 30.073 20.356 2506.282 1.762
03340800 2011 8 8 12 43200 11.990 253.629 0 28.932 21.529 2734.767 1.538
03340800 2011 8 9 12 43200 8.907 111.632 0 22.659 19.085 2231.361 0.957
03340800 2011 8 10 12 43200 4.033 300.929 0 25.613 16.760 2130.139 1.518
03346000 2011 8 1 12 43200 0.000 306.740 0 32.068 21.382 2543.116 1.984
03346000 2011 8 2 12 43200 0.000 311.501 0 30.603 22.268 2785.184 1.740
03346000 2011 8 3 12 43200 0.000 245.750 0 30.971 22.621 2828.425 1.756
03346000 2011 8 4 12 43200 0.298 291.316 0 29.510 20.659 2835.982 1.736
03346000 2011 8 5 12 43200 -0.000 313.652 0 28.700 19.512 2556.276 1.727
03346000 2011 8 6 12 43200 0.317 279.068 0 30.072 21.150 2686.277 1.765
03346000 2011 8 7 12 43200 0.765 281.168 0 31.698 21.053 2679.931 1.964
03346000 2011 8 8 12 43200 1.406 268.668 0 31.130 22.359 2839.630 1.798
03346000 2011 8 9 12 43200 54.447 168.777 0 26.843 21.408 2737.367 1.329
03346000 2011 8 10 12 43200 15.659 295.316 0 25.779 18.244 2293.760 1.483
03357350 2011 8 1 12 43200 0.000 314.875 0 30.483 20.250 2367.711 1.819
03357350 2011 8 2 12 43200 0.000 304.750 0 30.650 22.595 2812.445 1.663
03357350 2011 8 3 12 43200 0.200 174.125 0 29.393 22.050 2743.291 1.554
03357350 2011 8 4 12 43200 1.300 256.250 0 29.473 20.758 2838.901 1.668
03357350 2011 8 5 12 43200 1.100 280.875 0 29.350 20.250 2707.754 1.692
03357350 2011 8 6 12 43200 -0.000 310.125 0 29.750 20.577 2517.847 1.714
03357350 2011 8 7 12 43200 0.000 306.500 0 30.333 20.208 2486.058 1.805
03357350 2011 8 8 12 43200 10.400 273.500 0 29.350 21.262 2708.861 1.615
03357350 2011 8 9 12 43200 10.900 148.500 0 22.902 19.211 2286.758 0.979
03357350 2011 8 10 12 43200 2.340 301.375 0 25.921 16.869 2137.706 1.547
03364500 2011 8 1 12 43200 0.057 316.426 0 30.570 19.277 2291.672 1.931
03364500 2011 8 2 12 43200 0.224 304.596 0 31.658 22.401 2796.799 1.838
03364500 2011 8 3 12 43200 0.589 248.012 0 31.134 20.935 2788.739 1.885
03364500 2011 8 4 12 43200 11.298 294.185 0 29.447 23.094 3043.489 1.496
03364500 2011 8 5 12 43200 0.486 307.908 0 29.435 21.616 2671.962 1.630
03364500 2011 8 6 12 43200 0.000 313.483 0 29.529 20.599 2525.621 1.723
03364500 2011 8 7 12 43200 0.000 310.285 0 29.836 19.636 2368.431 1.827
03364500 2011 8 8 12 43200 9.350 267.355 0 29.473 21.061 2668.398 1.681
03364500 2011 8 9 12 43200 4.480 147.935 0 23.236 17.656 2291.242 1.210
03364500 2011 8 10 12 43200 2.619 276.481 0 26.248 17.789 2146.480 1.553
03366500 2011 8 1 12 43200 0.033 319.854 0 31.368 19.269 2218.103 2.059
03366500 2011 8 2 12 43200 -0.000 312.713 0 31.369 22.010 2718.491 1.871
03366500 2011 8 3 12 43200 0.551 301.750 0 31.657 21.103 2717.836 1.973
03366500 2011 8 4 12 43200 17.711 256.648 0 29.995 24.595 3185.804 1.442
03366500 2011 8 5 12 43200 1.690 299.378 0 30.099 22.251 2761.499 1.693
03366500 2011 8 6 12 43200 0.000 312.248 0 30.542 21.317 2568.195 1.825
03366500 2011 8 7 12 43200 0.006 290.265 0 30.682 20.778 2488.066 1.882
03366500 2011 8 8 12 43200 4.077 274.308 0 31.140 20.475 2588.016 1.956
03366500 2011 8 9 12 43200 13.380 197.189 0 26.842 19.942 2579.198 1.483
03366500 2011 8 10 12 43200 7.984 243.520 0 27.434 18.886 2251.802 1.641
03368000 2011 8 1 12 43200 0.095 318.703 0 31.350 19.255 2243.277 2.035
03368000 2011 8 2 12 43200 0.011 311.838 0 31.521 22.106 2751.099 1.861
03368000 2011 8 3 12 43200 0.022 298.890 0 31.204 21.086 2742.169 1.899
03368000 2011 8 4 12 43200 21.736 268.813 0 29.907 24.525 3174.509 1.420
03368000 2011 8 5 12 43200 2.492 304.939 0 29.559 22.053 2746.474 1.622
03368000 2011 8 6 12 43200 0.000 313.338 0 29.845 21.161 2565.104 1.733
03368000 2011 8 7 12 43200 0.000 295.179 0 30.328 20.676 2460.440 1.827
03368000 2011 8 8 12 43200 6.121 277.057 0 30.428 20.589 2609.888 1.844
03368000 2011 8 9 12 43200 11.995 200.707 0 26.154 19.311 2515.753 1.436
03368000 2011 8 10 12 43200 4.644 258.162 0 27.099 18.688 2229.447 1.598
03384450 2011 8 1 12 43200 0.000 318.250 0 32.883 23.250 2788.369 2.071
03384450 2011 8 2 12 43200 0.000 308.625 0 31.478 21.595 2500.750 2.024
03384450 2011 8 3 12 43200 0.000 311.000 0 33.093 21.992 2611.695 2.196
03384450 2011 8 4 12 43200 0.500 202.625 0 31.373 24.358 3040.915 1.759
03384450 2011 8 5 12 43200 0.000 308.750 0 30.450 22.275 2701.362 1.834
03384450 2011 8 6 12 43200 2.500 281.875 0 31.797 21.077 2714.502 2.104
03384450 2011 8 7 12 43200 0.000 250.500 0 33.950 22.608 2797.088 2.258
03384450 2011 8 8 12 43200 0.000 304.125 0 33.350 22.762 2716.226 2.170
03384450 2011 8 9 12 43200 23.200 205.750 0 30.472 23.411 2828.927 1.728
03384450 2011 8 10 12 43200 24.690 248.625 0 27.921 21.469 2646.755 1.565
03439000 2011 8 1 12 43200 0.014 307.061 0 28.814 18.092 1949.470 2.139
03439000 2011 8 2 12 43200 -0.000 324.454 0 32.051 18.110 1690.666 2.539
03439000 2011 8 3 12 43200 0.000 329.880 0 30.475 19.741 1764.756 2.230
03439000 2011 8 4 12 43200 0.000 330.600 0 32.456 18.753 1835.762 2.550
03439000 2011 8 5 12 43200 19.892 315.351 0 28.648 20.038 2341.149 1.960
03439000 2011 8 6 12 43200 12.773 288.981 0 30.617 19.350 2270.760 2.278
03439000 2011 8 7 12 43200 16.536 206.062 0 26.712 19.307 2377.531 1.758
03439000 2011 8 8 12 43200 28.643 145.023 0 25.432 19.723 2369.430 1.526
03439000 2011 8 9 12 43200 25.994 266.256 0 27.988 19.035 2360.704 1.958
03439000 2011 8 10 12 43200 41.710 309.620 0 25.040 19.394 2428.536 1.504
03450000 2011 8 1 12 43200 0.400 332.875 0 31.750 17.850 1954.326 2.471
03450000 2011 8 2 12 43200 0.000 315.750 0 29.650 16.895 1686.807 2.279
03450000 2011 8 3 12 43200 0.000 327.625 0 31.460 18.692 1908.313 2.385
03450000 2011 8 4 12 43200 0.000 327.750 0 31.150 18.858 1927.396 2.336
03450000 2011 8 5 12 43200 17.500 279.000 0 30.475 19.950 2390.817 2.172
03450000 2011 8 6 12 43200 9.900 240.125 0 31.697 19.277 2373.637 2.375
03450000 2011 8 7 12 43200 1.900 241.750 0 31.850 19.208 2272.551 2.399
03450000 2011 8 8 12 43200 31.100 133.000 0 27.550 20.062 2347.735 1.770
03450000 2011 8 9 12 43200 30.900 279.875 0 31.950 18.699 2423.628 2.444
03450000 2011 8 10 12 43200 32.490 276.125 0 26.382 19.426 2463.679 1.667
03455500 2011 8 1 12 43200 0.015 298.322 0 28.720 17.761 1931.449 2.131
03455500 2011 8 2 12 43200 0.000 324.550 0 31.737 17.562 1659.366 2.510
03455500 2011 8 3 12 43200 0.000 330.286 0 30.138 19.199 1729.303 2.206
03455500 2011 8 4 12 43200 0.000 331.272 0 31.768 18.255 1788.320 2.473
03455500 2011 8 5 12 43200 19.505 315.303 0 28.603 19.562 2358.125 1.977
03455500 2011 8 6 12 43200 12.892 281.122 0 30.121 19.033 2254.652 2.216
03455500 2011 8 7 12 43200 18.625 211.115 0 26.255 18.965 2354.996 1.710
03455500 2011 8 8 12 43200 31.971 154.144 0 24.847 19.234 2327.152 1.479
03455500 2011 8 9 12 43200 25.789 274.492 0 27.862 18.556 2341.784 1.962
03455500 2011 8 10 12 43200 33.241 309.326 0 24.519 19.067 2397.204 1.448
03456500 2011 8 1 12 43200 0.145 331.217 0 28.984 17.891 1934.595 2.150
03456500 2011 8 2 12 43200 0.000 317.722 0 30.231 17.786 1641.801 2.310
03456500 2011 8 3 12 43200 0.000 329.287 0 31.893 19.561 1785.874 2.397
03456500 2011 8 4 12 43200 0.000 329.876 0 32.671 18.571 1913.954 2.557
03456500 2011 8 5 12 43200 16.769 280.763 0 31.335 20.008 2322.723 2.295
03456500 2011 8 6 12 43200 10.260 280.196 0 31.334 19.295 2336.264 2.346
03456500 2011 8 7 12 43200 3.536 206.421 0 28.091 19.394 2274.545 1.918
03456500 2011 8 8 12 43200 19.872 150.394 0 24.462 20.817 2341.953 1.207
03456500 2011 8 9 12 43200 32.746 265.493 0 27.860 19.373 2344.755 1.889
03456500 2011 8 10 12 43200 45.013 303.894 0 27.182 19.554 2435.939 1.779
03460000 2011 8 1 12 43200 0.762 307.998 0 28.948 17.699 1979.436 2.142
03460000 2011 8 2 12 43200 0.000 325.218 0 30.023 17.226 1580.919 2.302
03460000 2011 8 3 12 43200 0.000 329.480 0 30.723 18.929 1756.523 2.277
03460000 2011 8 4 12 43200 0.000 329.411 0 31.129 18.480 1886.599 2.356
03460000 2011 8 5 12 43200 14.193 313.841 0 29.310 19.773 2411.991 2.033
03460000 2011 8 6 12 43200 22.002 309.921 0 28.365 19.169 2399.726 1.958
03460000 2011 8 7 12 43200 10.893 245.083 0 28.165 19.153 2315.923 1.933
03460000 2011 8 8 12 43200 35.847 217.059 0 27.454 19.518 2343.692 1.807
03460000 2011 8 9 12 43200 20.372 284.009 0 27.666 18.747 2387.335 1.902
03460000 2011 8 10 12 43200 32.704 285.576 0 24.896 19.285 2398.299 1.466
03463300 2011 8 1 12 43200 2.200 333.125 0 30.950 18.050 1910.111 2.348
03463300 2011 8 2 12 43200 0.000 317.000 0 30.750 17.995 1659.116 2.327
03463300 2011 8 3 12 43200 0.000 327.625 0 32.060 19.392 1874.618 2.397
03463300 2011 8 4 12 43200 0.000 329.000 0 32.450 19.758 1887.875 2.421
03463300 2011 8 5 12 43200 8.200 250.750 0 31.375 20.850 2281.805 2.205
03463300 2011 8 6 12 43200 18.200 251.625 0 31.497 19.477 2366.268 2.321
03463300 2011 8 7 12 43200 9.780 271.000 0 28.533 19.708 2363.551 1.924
03463300 2011 8 8 12 43200 11.200 142.625 0 27.650 20.562 2329.106 1.723
03463300 2011 8 9 12 43200 10.600 258.625 0 31.450 18.999 2289.080 2.347
03463300 2011 8 10 12 43200 32.360 269.375 0 26.682 19.526 2480.504 1.688
03471500 2011 8 1 12 43200 0.000 336.138 0 29.239 16.371 1769.947 2.168
03471500 2011 8 2 12 43200 0.000 308.353 0 29.272 16.821 1680.097 2.146
03471500 2011 8 3 12 43200 0.000 321.008 0 29.781 18.210 1902.870 2.119
03471500 2011 8 4 12 43200 0.000 310.410 0 29.501 18.374 2058.410 2.075
03471500 2011 8 5 12 43200 20.440 290.675 0 28.018 19.470 2378.896 1.810
03471500 2011 8 6 12 43200 20.849 218.584 0 27.695 19.090 2437.762 1.800
03471500 2011 8 7 12 43200 15.660 285.353 0 29.172 18.926 2300.838 1.997
03471500 2011 8 8 12 43200 17.762 226.214 0 26.673 19.177 2363.759 1.660
03471500 2011 8 9 12 43200 10.108 300.630 0 27.280 17.645 2245.817 1.860
03471500 2011 8 10 12 43200 49.284 182.949 0 23.897 19.144 2358.419 1.275
03473000 2011 8 1 12 43200 0.215 335.454 0 29.594 16.564 1780.106 2.207
03473000 2011 8 2 12 43200 0.020 309.694 0 29.372 16.770 1686.807 2.170
03473000 2011 8 3 12 43200 -0.000 325.783 0 29.593 18.280 1928.616 2.101
03473000 2011 8 4 12 43200 0.000 310.683 0 29.364 18.347 2052.779 2.069
03473000 2011 8 5 12 43200 21.454 299.636 0 27.938 19.541 2399.137 1.801
03473000 2011 8 6 12 43200 19.712 236.140 0 28.442 19.116 2433.365 1.900
03473000 2011 8 7 12 43200 8.824 296.212 0 29.955 19.029 2273.391 2.093
03473000 2011 8 8 12 43200 24.586 222.385 0 26.301 19.315 2411.310 1.605
03473000 2011 8 9 12 43200 13.007 277.909 0 28.660 17.616 2224.061 2.035
03473000 2011 8 10 12 43200 48.418 185.386 0 23.877 19.220 2370.167 1.268
03479000 2011 8 1 12 43200 0.965 335.304 0 29.894 16.707 1761.859 2.268
03479000 2011 8 2 12 43200 0.000 313.913 0 28.952 17.852 1615.071 2.086
03479000 2011 8 3 12 43200 0.000 329.266 0 30.478 18.570 1861.737 2.222
03479000 2011 8 4 12 43200 0.000 314.756 0 30.329 18.923 1921.081 2.180
03479000 2011 8 5 12 43200 17.528 273.831 0 29.812 19.824 2285.777 2.050
03479000 2011 8 6 12 43200 29.001 286.677 0 28.389 19.016 2387.189 1.932
03479000 2011 8 7 12 43200 14.345 258.407 0 30.037 19.252 2330.991 2.121
03479000 2011 8 8 12 43200 30.437 201.321 0 25.890 19.641 2408.272 1.540
03479000 2011 8 9 12 43200 23.721 265.699 0 29.329 17.804 2143.365 2.135
03479000 2011 8 10 12 43200 94.681 200.806 0 24.869 19.517 2421.989 1.405
03488000 2011 8 1 12 43200 0.000 333.781 0 29.617 16.836 1797.735 2.173
03488000 2011 8 2 12 43200 0.013 305.681 0 29.472 16.633 1748.480 2.168
03488000 2011 8 3 12 43200 -0.000 312.219 0 29.992 18.271 1982.116 2.128
03488000 2011 8 4 12 43200 1.711 295.762 0 29.486 18.283 2190.766 2.068
03488000 2011 8 5 12 43200 23.453 297.772 0 27.611 19.548 2490.950 1.741
03488000 2011 8 6 12 43200 10.978 236.274 0 29.514 19.241 2434.501 2.005
03488000 2011 8 7 12 43200 13.646 286.544 0 28.872 18.997 2349.171 1.944
03488000 2011 8 8 12 43200 8.174 257.961 0 29.189 19.367 2332.137 1.956
03488000 2011 8 9 12 43200 6.559 296.930 0 28.580 17.897 2254.323 1.987
03488000 2011 8 10 12 43200 31.640 175.870 0 23.576 19.191 2363.110 1.213
03498500 2011 8 1 12 43200 1.706 322.374 0 30.428 19.487 2309.976 2.190
03498500 2011 8 2 12 43200 -0.000 324.430 0 31.981 18.683 1798.879 2.437
03498500 2011 8 3 12 43200 0.000 325.288 0 31.429 20.432 1906.329 2.248
03498500 2011 8 4 12 43200 0.000 322.427 0 31.572 20.426 2131.967 2.267
03498500 2011 8 5 12 43200 22.962 306.227 0 29.239 21.496 2639.144 1.861
03498500 2011 8 6 12 43200 25.295 302.519 0 30.232 20.627 2593.531 2.076
03498500 2011 8 7 12 43200 6.121 268.259 0 32.422 21.147 2459.117 2.322
03498500 2011 8 8 12 43200 28.499 284.125 0 31.095 21.043 2604.119 2.156
03498500 2011 8 9 12 43200 21.558 267.798 0 28.395 20.404 2614.356 1.846
03498500 2011 8 10 12 43200 37.362 276.667 0 25.294 21.096 2639.352 1.299
03500000 2011 8 1 12 43200 0.736 302.530 0 29.347 18.860 2138.517 2.150
03500000 2011 8 2 12 43200 0.200 331.637 0 33.740 18.476 1858.158 2.723
03500000 2011 8 3 12 43200 0.000 332.648 0 31.722 20.185 1788.475 2.359
03500000 2011 8 4 12 43200 0.000 333.029 0 31.648 19.625 1955.033 2.389
03500000 2011 8 5 12 43200 18.520 319.257 0 28.708 20.688 2496.908 1.908
03500000 2011 8 6 12 43200 8.404 272.160 0 31.853 19.538 2368.025 2.422
03500000 2011 8 7 12 43200 21.011 280.117 0 29.396 19.736 2454.063 2.087
03500000 2011 8 8 12 43200 17.626 182.579 0 28.459 20.092 2428.982 1.928
03500000 2011 8 9 12 43200 28.286 289.359 0 28.429 19.278 2485.345 1.996
03500000 2011 8 10 12 43200 21.245 313.440 0 26.408 20.054 2496.550 1.637
03500240 2011 8 1 12 43200 4.263 290.027 0 28.609 18.160 2202.513 2.107
03500240 2011 8 2 12 43200 0.200 330.898 0 32.869 17.494 1826.489 2.672
03500240 2011 8 3 12 43200 0.000 330.148 0 31.000 19.151 1741.004 2.339
03500240 2011 8 4 12 43200 0.000 331.023 0 30.860 18.377 1920.262 2.375
03500240 2011 8 5 12 43200 19.930 316.535 0 29.265 19.749 2489.823 2.068
03500240 2011 8 6 12 43200 11.822 271.025 0 31.337 18.857 2344.315 2.402
03500240 2011 8 7 12 43200 21.132 275.881 0 28.212 19.048 2438.007 1.985
03500240 2011 8 8 12 43200 17.989 200.722 0 28.950 19.472 2368.069 2.048
03500240 2011 8 9 12 43200 27.230 287.054 0 27.351 18.679 2439.186 1.901
03500240 2011 8 10 12 43200 30.110 302.165 0 24.113 19.436 2464.668 1.352
03504000 2011 8 1 12 43200 1.445 302.627 0 29.377 18.621 2174.746 2.173
03504000 2011 8 2 12 43200 0.252 333.538 0 33.766 18.106 1867.454 2.749
03504000 2011 8 3 12 43200 0.000 332.875 0 31.491 19.892 1779.188 2.352
03504000 2011 8 4 12 43200 0.000 332.898 0 31.269 19.283 1987.962 2.367
03504000 2011 8 5 12 43200 20.656 319.458 0 28.682 20.388 2522.081 1.934
03504000 2011 8 6 12 43200 9.859 272.306 0 31.871 19.262 2386.266 2.445
03504000 2011 8 7 12 43200 14.849 282.360 0 29.972 19.592 2407.477 2.177
03504000 2011 8 8 12 43200 20.136 191.749 0 28.915 19.942 2418.629 2.006
03504000 2011 8 9 12 43200 26.059 297.410 0 27.816 19.076 2468.559 1.932
03504000 2011 8 10 12 43200 21.809 313.137 0 26.075 19.888 2494.675 1.606
03574500 2011 8 1 12 43200 0.000 328.686 0 32.488 21.855 2581.050 2.375
03574500 2011 8 2 12 43200 0.000 325.484 0 33.414 21.290 2440.796 2.547
03574500 2011 8 3 12 43200 0.000 324.394 0 32.631 21.930 2342.691 2.388
03574500 2011 8 4 12 43200 1.605 316.058 0 32.513 21.619 2469.265 2.398
03574500 2011 8 5 12 43200 19.961 281.067 0 29.265 23.152 2946.279 1.760
03574500 2011 8 6 12 43200 19.761 311.379 0 30.948 22.055 2940.728 2.138
03574500 2011 8 7 12 43200 10.880 291.695 0 30.628 22.040 2858.355 2.093
03574500 2011 8 8 12 43200 27.512 271.167 0 32.240 22.531 2890.755 2.281
03574500 2011 8 9 12 43200 10.246 253.385 0 31.386 21.965 2824.928 2.210
03574500 2011 8 10 12 43200 2.334 311.395 0 30.060 22.156 2693.013 1.997
03592718 2011 8 1 12 43200 1.720 322.875 0 35.283 23.750 2691.050 2.588
03592718 2011 8 2 12 43200 0.000 323.750 0 37.150 22.695 2487.942 2.924
03592718 2011 8 3 12 43200 0.000 328.000 0 34.460 23.750 2284.910 2.472
03592718 2011 8 4 12 43200 0.000 308.500 0 36.173 23.958 2566.661 2.696
03592718 2011 8 5 12 43200 29.900 244.750 0 30.450 25.275 3160.361 1.671
03592718 2011 8 6 12 43200 9.800 265.750 0 34.697 22.777 2820.684 2.586
03592718 2011 8 7 12 43200 27.820 250.750 0 29.550 22.875 2960.952 1.826
03592718 2011 8 8 12 43200 16.200 281.500 0 33.650 23.462 3017.712 2.381
03592718 2011 8 9 12 43200 27.500 226.625 0 30.972 23.281 3093.925 2.002
03592718 2011 8 10 12 43200 8.210 311.875 0 31.921 22.669 2769.746 2.205
03604000 2011 8 1 12 43200 2.690 322.332 0 33.563 22.689 2599.950 2.378
03604000 2011 8 2 12 43200 0.000 319.773 0 34.350 21.783 2298.817 2.553
03604000 2011 8 3 12 43200 0.000 321.393 0 33.738 22.783 2217.617 2.394
03604000 2011 8 4 12 43200 1.545 291.150 0 33.771 24.026 2579.384 2.291
03604000 2011 8 5 12 43200 3.046 273.592 0 33.716 24.342 2913.597 2.253
03604000 2011 8 6 12 43200 4.728 302.039 0 34.843 22.295 2699.327 2.580
03604000 2011 8 7 12 43200 27.933 203.965 0 31.211 22.552 2804.740 2.062
03604000 2011 8 8 12 43200 22.276 266.577 0 32.714 22.751 2828.014 2.256
03604000 2011 8 9 12 43200 7.267 187.452 0 30.669 22.924 2857.364 1.946
03604000 2011 8 10 12 43200 18.007 290.273 0 30.586 22.096 2729.889 2.016
04015330 2011 8 1 12 43200 22.712 91.595 0 24.251 16.443 1595.270 0.956
04015330 2011 8 2 12 43200 49.035 57.666 0 22.491 18.965 2358.251 0.649
04015330 2011 8 3 12 43200 1.539 313.236 0 29.695 14.522 1692.210 1.397
04015330 2011 8 4 12 43200 0.173 304.695 0 30.299 17.274 1807.788 1.351
04015330 2011 8 5 12 43200 0.485 303.103 0 27.242 16.500 1600.641 1.168
04015330 2011 8 6 12 43200 20.492 126.435 0 26.466 16.872 1917.326 1.098
04015330 2011 8 7 12 43200 0.289 179.551 0 23.134 17.302 1720.535 0.823
04015330 2011 8 8 12 43200 0.014 289.331 0 20.573 14.103 1502.836 0.799
04015330 2011 8 9 12 43200 5.176 151.757 0 22.187 14.337 1604.379 0.904
04015330 2011 8 10 12 43200 7.357 196.891 0 23.725 14.119 1818.899 1.019
04024430 2011 8 1 12 43200 44.710 102.228 0 25.378 17.223 1963.953 1.022
04024430 2011 8 2 12 43200 136.159 54.038 0 22.684 19.461 2468.665 0.639
04024430 2011 8 3 12 43200 0.000 312.775 0 27.702 14.900 1885.295 1.281
04024430 2011 8 4 12 43200 0.718 305.716 0 29.135 16.379 2020.556 1.328
04024430 2011 8 5 12 43200 0.149 305.797 0 29.451 15.839 1918.053 1.368
04024430 2011 8 6 12 43200 5.799 204.725 0 28.388 17.971 2260.226 1.213
04024430 2011 8 7 12 43200 0.249 227.678 0 24.503 15.562 1815.558 1.034
04024430 2011 8 8 12 43200 -0.000 282.734 0 24.901 13.038 1646.547 1.157
04024430 2011 8 9 12 43200 2.391 87.658 0 22.247 14.061 1824.453 0.939
04024430 2011 8 10 12 43200 5.434 249.010 0 24.906 15.011 1936.789 1.086
04027000 2011 8 1 12 43200 10.419 139.148 0 26.802 16.137 1760.293 1.185
04027000 2011 8 2 12 43200 161.040 32.639 0 21.319 19.026 2322.092 0.531
04027000 2011 8 3 12 43200 4.228 308.638 0 27.288 16.932 1838.208 1.188
04027000 2011 8 4 12 43200 0.005 306.726 0 30.885 16.433 1685.575 1.459
04027000 2011 8 5 12 43200 2.840 306.806 0 26.789 16.089 1794.932 1.186
04027000 2011 8 6 12 43200 4.780 239.820 0 29.490 17.254 2007.725 1.333
04027000 2011 8 7 12 43200 1.847 167.588 0 22.232 16.254 1814.940 0.835
04027000 2011 8 8 12 43200 -0.000 296.821 0 24.892 11.883 1464.820 1.203
04027000 2011 8 9 12 43200 1.311 214.597 0 25.393 13.750 1696.594 1.176
04027000 2011 8 10 12 43200 3.390 202.424 0 24.215 16.952 1933.149 0.955
04040500 2011 8 1 12 43200 0.000 290.687 0 32.011 15.203 1273.461 1.562
04040500 2011 8 2 12 43200 5.691 85.630 0 22.348 17.836 2079.192 0.738
04040500 2011 8 3 12 43200 2.896 229.519 0 25.911 18.275 1941.108 1.013
04040500 2011 8 4 12 43200 0.000 307.932 0 32.189 15.809 1360.402 1.558
04040500 2011 8 5 12 43200 1.867 309.829 0 26.223 15.818 1666.883 1.150
04040500 2011 8 6 12 43200 3.753 230.683 0 28.991 14.749 1533.959 1.376
04040500 2011 8 7 12 43200 7.282 127.962 0 21.694 16.077 1829.706 0.797
04040500 2011 8 8 12 43200 0.000 308.823 0 22.735 9.563 1214.051 1.126
04040500 2011 8 9 12 43200 0.000 281.723 0 25.772 12.506 1358.237 1.233
04040500 2011 8 10 12 43200 30.220 172.484 0 21.178 13.252 1841.396 0.902
04043050 2011 8 1 12 43200 0.000 294.025 0 24.441 16.950 1471.001 0.929
04043050 2011 8 2 12 43200 2.682 66.636 0 20.593 17.602 1985.984 0.561
04043050 2011 8 3 12 43200 0.324 256.195 0 22.945 16.865 1885.316 0.819
04043050 2011 8 4 12 43200 0.062 305.541 0 25.982 17.388 1559.143 1.021
04043050 2011 8 5 12 43200 6.011 308.000 0 22.779 15.937 1622.655 0.855
04043050 2011 8 6 12 43200 29.585 214.293 0 21.403 16.424 1599.458 0.721
04043050 2011 8 7 12 43200 14.018 221.486 0 21.091 17.586 1757.364 0.612
04043050 2011 8 8 12 43200 0.000 307.136 0 18.246 13.071 1346.677 0.668
04043050 2011 8 9 12 43200 0.000 266.155 0 21.345 13.985 1400.536 0.845
04043050 2011 8 10 12 43200 18.424 149.718 0 20.673 15.922 1827.804 0.692
04045500 2011 8 1 12 43200 0.000 312.478 0 28.663 13.918 1337.762 1.379
04045500 2011 8 2 12 43200 0.122 38.350 0 20.760 15.116 1610.856 0.778
04045500 2011 8 3 12 43200 2.050 121.947 0 23.893 19.075 2120.397 0.793
04045500 2011 8 4 12 43200 -0.000 303.955 0 29.992 14.857 1840.732 1.440
04045500 2011 8 5 12 43200 0.071 305.170 0 26.748 19.259 1778.957 1.028
04045500 2011 8 6 12 43200 0.000 262.404 0 27.116 13.392 1467.241 1.294
04045500 2011 8 7 12 43200 10.159 156.407 0 22.227 18.084 1987.862 0.709
04045500 2011 8 8 12 43200 0.000 310.670 0 23.403 11.094 1224.034 1.126
04045500 2011 8 9 12 43200 0.000 269.301 0 24.354 11.576 1164.623 1.171
04045500 2011 8 10 12 43200 0.000 260.656 0 26.934 12.423 1423.357 1.310
04056500 2011 8 1 12 43200 0.000 301.201 0 28.963 14.638 1367.234 1.425
04056500 2011 8 2 12 43200 0.603 67.348 0 23.858 16.840 1714.975 0.959
04056500 2011 8 3 12 43200 1.005 146.364 0 23.099 18.719 2080.470 0.769
04056500 2011 8 4 12 43200 -0.000 303.807 0 30.683 15.058 1814.734 1.530
04056500 2011 8 5 12 43200 0.059 306.342 0 26.139 18.874 1757.474 1.033
04056500 2011 8 6 12 43200 0.178 265.989 0 27.210 13.039 1399.881 1.355
04056500 2011 8 7 12 43200 10.834 150.306 0 21.838 17.441 2020.145 0.745
04056500 2011 8 8 12 43200 0.000 309.341 0 23.977 11.082 1258.087 1.201
04056500 2011 8 9 12 43200 0.000 286.428 0 24.721 11.657 1153.288 1.232
04056500 2011 8 10 12 43200 0.001 228.342 0 24.978 13.105 1484.577 1.203
04057510 2011 8 1 12 43200 0.000 296.439 0 29.378 15.390 1430.078 1.437
04057510 2011 8 2 12 43200 2.141 85.164 0 24.307 18.140 1876.148 0.925
04057510 2011 8 3 12 43200 1.799 134.858 0 21.924 18.344 2086.360 0.685
04057510 2011 8 4 12 43200 0.000 303.557 0 30.323 15.018 1793.258 1.514
04057510 2011 8 5 12 43200 0.000 306.446 0 25.443 18.790 1777.934 0.984
04057510 2011 8 6 12 43200 0.239 278.101 0 26.823 13.176 1400.172 1.332
04057510 2011 8 7 12 43200 10.801 173.368 0 22.541 17.688 2039.087 0.797
04057510 2011 8 8 12 43200 0.000 308.101 0 23.783 10.953 1306.276 1.198
04057510 2011 8 9 12 43200 0.000 284.883 0 24.309 11.880 1245.902 1.205
04057510 2011 8 10 12 43200 0.079 218.912 0 24.479 12.917 1560.943 1.182
04057800 2011 8 1 12 43200 0.000 301.335 0 32.472 15.924 1256.067 1.582
04057800 2011 8 2 12 43200 3.173 77.487 0 22.704 18.555 1983.284 0.722
04057800 2011 8 3 12 43200 3.563 230.929 0 25.766 18.413 1942.105 0.999
04057800 2011 8 4 12 43200 0.000 307.611 0 32.736 15.842 1294.518 1.602
04057800 2011 8 5 12 43200 0.279 309.118 0 26.355 17.101 1609.412 1.111
04057800 2011 8 6 12 43200 2.021 237.448 0 28.529 14.293 1457.003 1.366
04057800 2011 8 7 12 43200 3.675 164.358 0 23.136 16.159 1819.804 0.912
04057800 2011 8 8 12 43200 0.000 310.428 0 20.776 9.931 1206.530 1.002
04057800 2011 8 9 12 43200 0.342 267.399 0 24.409 11.569 1364.001 1.180
04057800 2011 8 10 12 43200 13.705 126.556 0 21.689 12.510 1673.747 0.972
04059500 2011 8 1 12 43200 0.000 298.548 0 33.040 15.586 1411.577 1.704
04059500 2011 8 2 12 43200 1.838 101.947 0 23.669 18.903 2018.005 0.824
04059500 2011 8 3 12 43200 2.221 244.030 0 26.601 19.395 2091.657 1.059
04059500 2011 8 4 12 43200 0.000 303.249 0 31.625 14.540 1509.758 1.635
04059500 2011 8 5 12 43200 0.001 306.101 0 28.287 18.672 1776.351 1.239
04059500 2011 8 6 12 43200 0.801 266.337 0 27.435 13.491 1509.835 1.379
04059500 2011 8 7 12 43200 3.010 197.894 0 24.282 17.588 1975.165 0.967
04059500 2011 8 8 12 43200 -0.000 307.168 0 23.093 10.616 1299.994 1.177
04059500 2011 8 9 12 43200 0.220 239.051 0 23.975 12.243 1402.414 1.184
04059500 2011 8 10 12 43200 4.112 136.496 0 22.805 12.440 1708.076 1.097
04063700 2011 8 1 12 43200 0.061 237.745 0 30.107 15.373 1491.900 1.504
04063700 2011 8 2 12 43200 52.314 60.077 0 21.106 18.234 2143.359 0.612
04063700 2011 8 3 12 43200 3.000 236.347 0 27.884 18.606 1967.996 1.209
04063700 2011 8 4 12 43200 0.000 301.758 0 30.763 14.322 1419.228 1.581
04063700 2011 8 5 12 43200 0.003 305.726 0 30.117 17.518 1805.890 1.429
04063700 2011 8 6 12 43200 4.608 255.632 0 28.523 14.446 1606.308 1.423
04063700 2011 8 7 12 43200 2.038 155.123 0 23.737 16.595 1941.955 0.978
04063700 2011 8 8 12 43200 -0.000 302.369 0 24.108 10.249 1322.264 1.252
04063700 2011 8 9 12 43200 0.058 266.917 0 24.300 11.231 1421.448 1.237
04063700 2011 8 10 12 43200 14.758 218.985 0 21.631 13.419 1928.444 0.974
04074950 2011 8 1 12 43200 0.712 203.844 0 28.525 15.734 1801.324 1.426
04074950 2011 8 2 12 43200 92.799 58.883 0 21.765 18.245 2193.701 0.707
04074950 2011 8 3 12 43200 5.909 251.151 0 27.529 18.226 2029.276 1.240
04074950 2011 8 4 12 43200 0.000 299.247 0 29.061 14.079 1503.089 1.521
04074950 2011 8 5 12 43200 0.007 296.862 0 29.824 18.030 1900.777 1.434
04074950 2011 8 6 12 43200 4.252 264.130 0 28.084 14.615 1741.449 1.434
04074950 2011 8 7 12 43200 1.492 215.676 0 23.557 16.723 1986.538 0.989
04074950 2011 8 8 12 43200 -0.000 300.577 0 23.513 10.636 1408.976 1.244
04074950 2011 8 9 12 43200 0.137 244.292 0 23.784 11.731 1495.048 1.228
04074950 2011 8 10 12 43200 15.282 218.374 0 21.825 14.488 1991.453 0.969
04105700 2011 8 1 12 43200 2.402 296.340 0 29.977 20.921 2636.756 1.518
04105700 2011 8 2 12 43200 5.907 184.765 0 28.177 19.536 2384.767 1.426
04105700 2011 8 3 12 43200 49.451 209.655 0 28.376 21.915 2795.890 1.273
04105700 2011 8 4 12 43200 0.606 161.116 0 25.456 19.540 2410.616 1.140
04105700 2011 8 5 12 43200 -0.000 306.815 0 29.609 18.672 2335.965 1.616
04105700 2011 8 6 12 43200 0.000 294.909 0 29.073 18.312 2275.249 1.585
04105700 2011 8 7 12 43200 0.222 294.475 0 29.076 19.918 2514.860 1.491
04105700 2011 8 8 12 43200 0.010 244.744 0 23.321 15.420 1916.933 1.211
04105700 2011 8 9 12 43200 3.899 41.935 0 17.036 13.460 1642.529 0.722
04105700 2011 8 10 12 43200 -0.000 290.711 0 24.992 15.616 1750.029 1.354
04115265 2011 8 1 12 43200 0.578 307.273 0 31.790 20.969 2351.781 1.621
04115265 2011 8 2 12 43200 0.612 70.778 0 23.527 18.403 1832.338 0.973
04115265 2011 8 3 12 43200 124.433 206.909 0 28.391 21.984 2684.304 1.212
04115265 2011 8 4 12 43200 0.297 153.695 0 24.874 18.550 2265.246 1.103
04115265 2011 8 5 12 43200 -0.000 305.859 0 29.154 19.047 2345.579 1.482
04115265 2011 8 6 12 43200 0.000 304.379 0 27.949 17.874 2136.527 1.436
04115265 2011 8 7 12 43200 0.199 284.649 0 28.446 20.144 2433.696 1.350
04115265 2011 8 8 12 43200 0.100 219.618 0 21.956 14.458 1784.385 1.091
04115265 2011 8 9 12 43200 0.000 77.114 0 17.407 10.297 1472.615 0.930
04115265 2011 8 10 12 43200 0.000 292.446 0 24.721 14.320 1677.100 1.333
04122200 2011 8 1 12 43200 1.069 300.862 0 31.284 21.611 2147.557 1.518
04122200 2011 8 2 12 43200 0.837 63.911 0 24.686 20.479 2071.575 0.910
04122200 2011 8 3 12 43200 117.224 273.303 0 29.159 23.011 2630.216 1.200
04122200 2011 8 4 12 43200 0.230 235.415 0 28.193 18.081 2210.899 1.431
04122200 2011 8 5 12 43200 -0.000 303.922 0 29.448 18.433 2193.492 1.524
04122200 2011 8 6 12 43200 0.000 298.530 0 28.964 17.542 1981.315 1.525
04122200 2011 8 7 12 43200 0.323 264.774 0 27.067 20.651 2273.490 1.161
04122200 2011 8 8 12 43200 0.065 267.473 0 25.083 14.553 1743.419 1.338
04122200 2011 8 9 12 43200 -0.000 114.990 0 20.225 12.520 1473.384 1.036
04122200 2011 8 10 12 43200 0.000 283.964 0 27.418 13.553 1586.422 1.563
04122500 2011 8 1 12 43200 0.929 297.659 0 31.250 20.972 2014.875 1.513
04122500 2011 8 2 12 43200 0.354 48.741 0 24.344 19.879 2000.462 0.903
04122500 2011 8 3 12 43200 69.887 277.189 0 28.951 22.170 2503.649 1.213
04122500 2011 8 4 12 43200 0.102 262.505 0 29.408 17.780 2134.050 1.513
04122500 2011 8 5 12 43200 0.002 296.231 0 29.811 18.081 2132.540 1.533
04122500 2011 8 6 12 43200 -0.000 295.689 0 29.869 17.251 1804.125 1.575
04122500 2011 8 7 12 43200 0.923 267.321 0 26.626 20.305 2192.143 1.112
04122500 2011 8 8 12 43200 0.000 298.080 0 26.581 14.214 1634.684 1.436
04122500 2011 8 9 12 43200 0.000 97.503 0 19.589 12.251 1413.726 0.972
04122500 2011 8 10 12 43200 0.000 273.977 0 28.785 13.137 1543.134 1.639
04124000 2011 8 1 12 43200 0.395 300.936 0 29.813 19.275 1888.545 1.436
04124000 2011 8 2 12 43200 0.117 55.870 0 23.493 18.074 1847.149 0.935
04124000 2011 8 3 12 43200 17.402 251.211 0 26.041 19.633 2276.115 1.073
04124000 2011 8 4 12 43200 0.004 281.578 0 30.750 16.445 1979.789 1.634
04124000 2011 8 5 12 43200 0.834 296.743 0 29.135 17.496 2000.007 1.463
04124000 2011 8 6 12 43200 -0.000 296.341 0 30.672 15.029 1445.513 1.677
04124000 2011 8 7 12 43200 1.007 251.437 0 25.786 20.304 2043.431 0.998
04124000 2011 8 8 12 43200 -0.000 307.045 0 25.901 12.873 1413.579 1.395
04124000 2011 8 9 12 43200 0.000 202.379 0 24.974 11.817 1191.564 1.363
04124000 2011 8 10 12 43200 0.001 273.726 0 28.685 12.441 1344.158 1.609
04127918 2011 8 1 12 43200 0.000 316.295 0 28.708 13.784 1395.909 1.419
04127918 2011 8 2 12 43200 0.000 42.428 0 20.066 14.748 1588.184 0.761
04127918 2011 8 3 12 43200 3.334 126.294 0 23.503 19.023 2187.595 0.778
04127918 2011 8 4 12 43200 0.016 302.979 0 28.299 14.958 1879.030 1.356
04127918 2011 8 5 12 43200 0.176 304.451 0 27.148 18.250 1887.056 1.138
04127918 2011 8 6 12 43200 0.000 273.499 0 26.792 13.362 1632.677 1.305
04127918 2011 8 7 12 43200 9.107 183.781 0 23.014 18.736 2007.031 0.752
04127918 2011 8 8 12 43200 0.000 310.470 0 22.960 11.134 1247.448 1.123
04127918 2011 8 9 12 43200 0.000 241.058 0 23.260 11.300 1234.649 1.137
04127918 2011 8 10 12 43200 0.000 280.567 0 26.203 11.654 1370.845 1.315
04127997 2011 8 1 12 43200 0.443 305.910 0 29.262 17.863 1832.281 1.390
04127997 2011 8 2 12 43200 0.527 40.444 0 23.068 17.190 1944.943 0.912
04127997 2011 8 3 12 43200 7.790 242.150 0 25.578 18.429 2238.918 1.058
04127997 2011 8 4 12 43200 0.000 296.254 0 30.984 16.032 1938.479 1.590
04127997 2011 8 5 12 43200 0.324 301.804 0 29.437 17.644 1993.156 1.413
04127997 2011 8 6 12 43200 -0.000 294.318 0 30.151 14.029 1421.571 1.592
04127997 2011 8 7 12 43200 1.531 203.573 0 23.531 19.840 2014.291 0.754
04127997 2011 8 8 12 43200 -0.000 296.958 0 23.397 11.668 1322.833 1.197
04127997 2011 8 9 12 43200 0.000 230.411 0 25.132 11.471 1065.200 1.321
04127997 2011 8 10 12 43200 0.000 298.783 0 28.713 11.943 1249.030 1.549
04161580 2011 8 1 12 43200 1.890 308.710 0 30.072 21.793 2271.320 1.435
04161580 2011 8 2 12 43200 0.000 92.017 0 26.709 19.241 1863.715 1.268
04161580 2011 8 3 12 43200 68.334 168.456 0 26.941 21.150 2420.727 1.147
04161580 2011 8 4 12 43200 0.176 219.703 0 26.143 19.155 2309.607 1.216
04161580 2011 8 5 12 43200 0.000 306.388 0 29.872 18.693 2282.898 1.602
04161580 2011 8 6 12 43200 2.227 288.810 0 29.394 20.420 2429.989 1.458
04161580 2011 8 7 12 43200 0.015 299.639 0 30.576 21.825 2449.539 1.485
04161580 2011 8 8 12 43200 0.000 264.240 0 22.823 16.906 1809.469 1.039
04161580 2011 8 9 12 43200 0.000 202.031 0 23.499 13.243 1489.940 1.312
04161580 2011 8 10 12 43200 0.551 94.495 0 20.326 16.788 1552.110 0.775
04185000 2011 8 1 12 43200 3.394 307.553 0 29.562 20.868 2588.330 1.542
04185000 2011 8 2 12 43200 4.648 224.224 0 28.787 20.382 2482.706 1.493
04185000 2011 8 3 12 43200 24.136 155.737 0 28.373 21.675 2781.908 1.347
04185000 2011 8 4 12 43200 2.058 231.243 0 28.447 20.616 2610.009 1.439
04185000 2011 8 5 12 43200 0.295 305.996 0 29.561 19.225 2395.009 1.647
04185000 2011 8 6 12 43200 0.000 306.247 0 29.284 19.191 2390.067 1.622
04185000 2011 8 7 12 43200 0.014 299.065 0 29.650 20.188 2595.451 1.597
04185000 2011 8 8 12 43200 0.076 258.351 0 25.333 16.840 2099.518 1.372
04185000 2011 8 9 12 43200 0.097 96.285 0 20.828 13.853 1799.023 1.119
04185000 2011 8 10 12 43200 0.064 192.923 0 23.334 18.306 1819.193 1.048
04196800 2011 8 1 12 43200 4.160 313.031 0 28.752 19.906 2424.706 1.564
04196800 2011 8 2 12 43200 2.644 270.111 0 29.496 21.659 2742.732 1.518
04196800 2011 8 3 12 43200 26.550 164.950 0 27.495 22.089 2778.811 1.237
04196800 2011 8 4 12 43200 7.106 251.983 0 27.669 20.791 2688.910 1.376
04196800 2011 8 5 12 43200 0.742 290.409 0 28.682 18.786 2506.852 1.630
04196800 2011 8 6 12 43200 -0.000 311.632 0 28.919 19.602 2396.515 1.602
04196800 2011 8 7 12 43200 0.000 308.577 0 29.180 19.294 2462.709 1.650
04196800 2011 8 8 12 43200 0.596 271.777 0 25.721 18.738 2420.798 1.318
04196800 2011 8 9 12 43200 -0.000 232.046 0 23.561 14.460 1871.215 1.379
04196800 2011 8 10 12 43200 0.564 127.740 0 23.026 18.668 1973.003 1.004
04197100 2011 8 1 12 43200 3.452 311.680 0 28.662 19.650 2412.293 1.565
04197100 2011 8 2 12 43200 0.916 245.389 0 28.558 21.239 2552.830 1.436
04197100 2011 8 3 12 43200 10.492 113.094 0 26.864 21.736 2684.943 1.184
04197100 2011 8 4 12 43200 4.428 241.894 0 27.185 20.326 2619.278 1.351
04197100 2011 8 5 12 43200 1.224 282.406 0 27.962 18.574 2461.129 1.562
04197100 2011 8 6 12 43200 -0.000 310.660 0 28.962 19.189 2342.815 1.626
04197100 2011 8 7 12 43200 0.000 306.720 0 28.857 19.608 2541.406 1.588
04197100 2011 8 8 12 43200 1.420 269.839 0 24.658 18.450 2382.428 1.215
04197100 2011 8 9 12 43200 -0.000 251.016 0 23.638 14.611 1822.523 1.371
04197100 2011 8 10 12 43200 3.430 84.254 0 21.281 18.837 1936.804 0.732
04197170 2011 8 1 12 43200 3.230 311.541 0 28.814 19.691 2424.860 1.571
04197170 2011 8 2 12 43200 1.345 250.018 0 28.866 21.186 2582.835 1.469
04197170 2011 8 3 12 43200 11.341 119.425 0 27.307 21.756 2725.914 1.234
04197170 2011 8 4 12 43200 4.879 248.468 0 27.337 20.490 2637.709 1.350
04197170 2011 8 5 12 43200 1.373 276.097 0 28.226 18.814 2489.467 1.567
04197170 2011 8 6 12 43200 -0.000 309.806 0 29.082 19.360 2363.326 1.621
04197170 2011 8 7 12 43200 0.000 306.369 0 29.102 19.645 2549.516 1.604
04197170 2011 8 8 12 43200 1.158 274.389 0 24.469 18.371 2377.863 1.195
04197170 2011 8 9 12 43200 -0.000 239.276 0 23.559 14.750 1836.751 1.350
04197170 2011 8 10 12 43200 2.134 88.918 0 21.915 19.102 1955.895 0.792
04213000 2011 8 1 12 43200 5.035 314.899 0 27.484 19.538 2312.971 1.384
04213000 2011 8 2 12 43200 -0.000 241.580 0 26.210 18.452 2144.209 1.327
04213000 2011 8 3 12 43200 24.002 39.344 0 23.691 19.456 2170.977 0.961
04213000 2011 8 4 12 43200 2.217 278.390 0 26.272 19.718 2443.627 1.241
04213000 2011 8 5 12 43200 0.377 302.988 0 27.710 19.643 2389.233 1.401
04213000 2011 8 6 12 43200 -0.000 309.293 0 28.483 19.456 2361.578 1.493
04213000 2011 8 7 12 43200 0.000 308.473 0 28.454 19.993 2374.348 1.454
04213000 2011 8 8 12 43200 1.611 245.826 0 22.878 18.878 2108.569 0.917
04213000 2011 8 9 12 43200 -0.000 307.607 0 24.154 14.647 1651.095 1.358
04213000 2011 8 10 12 43200 12.042 65.131 0 21.601 17.434 1802.370 0.902
04213075 2011 8 1 12 43200 8.860 315.125 0 26.183 20.450 2345.137 1.166
04213075 2011 8 2 12 43200 -0.000 259.000 0 24.654 18.795 2094.628 1.132
04213075 2011 8 3 12 43200 21.600 26.375 0 23.400 19.560 2144.339 0.910
04213075 2011 8 4 12 43200 1.700 283.500 0 25.473 19.958 2394.464 1.127
04213075 2011 8 5 12 43200 -0.000 304.750 0 26.475 20.450 2393.513 1.200
04213075 2011 8 6 12 43200 0.000 307.000 0 27.097 20.577 2397.964 1.260
04213075 2011 8 7 12 43200 0.000 307.750 0 26.950 20.708 2391.637 1.233
04213075 2011 8 8 12 43200 1.900 267.750 0 23.481 19.362 2063.854 0.941
04213075 2011 8 9 12 43200 0.000 310.125 0 23.650 15.899 1646.409 1.235
04213075 2011 8 10 12 43200 11.970 63.500 0 22.182 17.926 1798.434 0.922
04216418 2011 8 1 12 43200 8.948 314.872 0 25.150 18.248 2238.665 1.175
04216418 2011 8 2 12 43200 0.000 315.752 0 25.949 15.095 1898.758 1.428
04216418 2011 8 3 12 43200 1.603 98.073 0 23.756 16.391 1993.152 1.162
04216418 2011 8 4 12 43200 0.402 256.394 0 25.872 16.158 2147.045 1.369
04216418 2011 8 5 12 43200 0.702 282.776 0 28.150 17.450 2231.215 1.506
04216418 2011 8 6 12 43200 0.000 285.758 0 27.650 18.476 2259.294 1.403
04216418 2011 8 7 12 43200 -0.000 308.251 0 28.349 19.308 2263.530 1.420
04216418 2011 8 8 12 43200 1.000 223.092 0 21.640 16.363 1858.291 0.955
04216418 2011 8 9 12 43200 -0.000 295.001 0 22.950 11.899 1414.331 1.321
04216418 2011 8 10 12 43200 2.849 62.743 0 19.720 14.749 1515.299 0.881
04221000 2011 8 1 12 43200 7.921 309.973 0 25.326 16.168 2045.622 1.370
04221000 2011 8 2 12 43200 0.000 315.261 0 26.512 13.533 1789.686 1.599
04221000 2011 8 3 12 43200 9.275 94.490 0 23.059 15.040 1856.366 1.223
04221000 2011 8 4 12 43200 6.537 248.315 0 24.508 16.630 2159.721 1.265
04221000 2011 8 5 12 43200 8.008 298.445 0 25.893 17.181 2346.279 1.365
04221000 2011 8 6 12 43200 0.239 301.713 0 29.301 17.658 2188.708 1.658
04221000 2011 8 7 12 43200 0.159 308.920 0 29.849 17.770 2186.318 1.703
04221000 2011 8 8 12 43200 0.950 177.473 0 22.293 17.025 1920.038 1.009
04221000 2011 8 9 12 43200 -0.000 314.782 0 23.482 10.107 1382.042 1.480
04221000 2011 8 10 12 43200 0.890 71.103 0 20.093 12.972 1553.435 1.072
04224775 2011 8 1 12 43200 7.231 316.428 0 26.092 17.150 2081.627 1.357
04224775 2011 8 2 12 43200 0.000 317.303 0 26.866 14.295 1824.200 1.565
04224775 2011 8 3 12 43200 2.179 92.727 0 24.845 15.718 1916.604 1.323
04224775 2011 8 4 12 43200 0.744 264.846 0 26.294 16.197 2099.190 1.428
04224775 2011 8 5 12 43200 2.805 296.779 0 28.332 17.337 2214.708 1.553
04224775 2011 8 6 12 43200 0.052 291.590 0 29.040 17.864 2182.155 1.591
04224775 2011 8 7 12 43200 0.000 306.262 0 30.340 18.895 2201.437 1.657
04224775 2011 8 8 12 43200 0.934 145.238 0 20.686 17.037 1872.761 0.804
04224775 2011 8 9 12 43200 -0.000 301.418 0 23.732 11.086 1339.790 1.436
04224775 2011 8 10 12 43200 2.184 59.262 0 20.016 13.424 1515.099 1.016
04233000 2011 8 1 12 43200 3.009 317.811 0 28.600 16.683 2051.499 1.621
04233000 2011 8 2 12 43200 0.028 316.150 0 27.678 15.473 1870.387 1.595
04233000 2011 8 3 12 43200 1.201 180.291 0 27.293 14.992 1834.039 1.583
04233000 2011 8 4 12 43200 5.205 263.217 0 27.405 16.752 2164.275 1.510
04233000 2011 8 5 12 43200 5.723 297.215 0 28.905 17.639 2375.105 1.601
04233000 2011 8 6 12 43200 1.050 295.759 0 30.830 18.966 2291.068 1.711
04233000 2011 8 7 12 43200 0.461 306.605 0 31.622 18.869 2244.173 1.789
04233000 2011 8 8 12 43200 1.661 196.900 0 21.154 16.945 1924.511 0.875
04233000 2011 8 9 12 43200 -0.000 303.784 0 24.066 11.344 1461.225 1.463
04233000 2011 8 10 12 43200 3.145 137.837 0 23.743 13.681 1597.740 1.339
04256000 2011 8 1 12 43200 1.225 314.789 0 27.808 16.019 1793.094 1.475
04256000 2011 8 2 12 43200 2.189 321.358 0 26.461 14.695 1689.044 1.422
04256000 2011 8 3 12 43200 0.053 320.237 0 26.571 12.408 1460.821 1.514
04256000 2011 8 4 12 43200 1.867 254.110 0 27.708 16.038 1830.557 1.466
04256000 2011 8 5 12 43200 0.389 314.046 0 30.844 16.061 1874.201 1.718
04256000 2011 8 6 12 43200 0.294 287.823 0 28.761 16.641 1969.801 1.526
04256000 2011 8 7 12 43200 0.677 307.545 0 29.842 16.972 2056.340 1.601
04256000 2011 8 8 12 43200 0.753 185.451 0 20.786 15.627 1684.552 0.881
04256000 2011 8 9 12 43200 0.000 304.681 0 24.203 9.769 1225.119 1.423
04256000 2011 8 10 12 43200 0.000 233.729 0 24.343 13.248 1250.252 1.315
04296000 2011 8 1 12 43200 5.072 301.144 0 26.128 14.185 1773.329 1.332
04296000 2011 8 2 12 43200 11.012 314.092 0 23.603 14.330 1642.257 1.135
04296000 2011 8 3 12 43200 0.144 295.124 0 24.685 11.388 1517.098 1.324
04296000 2011 8 4 12 43200 1.297 248.271 0 25.695 14.450 1765.402 1.289
04296000 2011 8 5 12 43200 1.812 269.777 0 28.694 15.063 1871.417 1.490
04296000 2011 8 6 12 43200 9.993 229.555 0 24.977 16.920 2036.793 1.118
04296000 2011 8 7 12 43200 1.789 291.915 0 29.359 14.396 1856.683 1.561
04296000 2011 8 8 12 43200 2.599 149.898 0 21.143 16.195 1762.549 0.822
04296000 2011 8 9 12 43200 -0.000 318.035 0 22.401 10.273 1256.831 1.203
04296000 2011 8 10 12 43200 0.000 252.593 0 23.389 12.059 1369.917 1.211
05056000 2011 8 1 12 43200 8.540 143.294 0 27.659 22.541 2637.441 0.827
05056000 2011 8 2 12 43200 0.352 293.085 0 26.877 18.132 1747.310 1.013
05056000 2011 8 3 12 43200 0.000 307.601 0 30.406 16.413 1465.311 1.312
05056000 2011 8 4 12 43200 1.403 300.535 0 27.485 16.292 1577.132 1.128
05056000 2011 8 5 12 43200 2.759 268.040 0 29.024 16.669 1771.140 1.215
05056000 2011 8 6 12 43200 54.781 244.088 0 23.682 16.467 1865.821 0.863
05056000 2011 8 7 12 43200 0.023 282.214 0 27.058 14.505 1764.517 1.160
05056000 2011 8 8 12 43200 10.458 242.609 0 27.532 17.643 2002.546 1.080
05056000 2011 8 9 12 43200 1.095 291.545 0 25.649 16.524 1829.289 0.997
05056000 2011 8 10 12 43200 0.000 298.322 0 29.054 15.236 1711.313 1.262
05057000 2011 8 1 12 43200 11.149 126.449 0 27.168 22.665 2623.833 0.792
05057000 2011 8 2 12 43200 3.225 291.844 0 26.485 18.255 1829.596 1.004
05057000 2011 8 3 12 43200 0.000 307.624 0 29.781 16.241 1504.352 1.309
05057000 2011 8 4 12 43200 1.144 303.373 0 27.247 16.262 1614.092 1.141
05057000 2011 8 5 12 43200 1.882 270.736 0 28.256 16.463 1736.345 1.201
05057000 2011 8 6 12 43200 43.183 239.068 0 23.575 16.430 1900.591 0.878
05057000 2011 8 7 12 43200 0.016 275.881 0 26.238 14.330 1764.717 1.143
05057000 2011 8 8 12 43200 8.137 240.040 0 26.870 17.299 2003.427 1.075
05057000 2011 8 9 12 43200 2.333 284.928 0 25.053 16.595 1887.907 0.977
05057000 2011 8 10 12 43200 0.007 298.019 0 28.487 15.152 1725.456 1.260
05057200 2011 8 1 12 43200 12.954 152.045 0 31.021 23.328 2754.430 1.106
05057200 2011 8 2 12 43200 11.879 264.711 0 25.903 19.621 2086.973 0.898
05057200 2011 8 3 12 43200 0.000 315.720 0 28.730 15.960 1557.647 1.266
05057200 2011 8 4 12 43200 1.755 301.308 0 27.202 16.392 1751.354 1.149
05057200 2011 8 5 12 43200 0.530 293.495 0 28.057 15.825 1732.529 1.226
05057200 2011 8 6 12 43200 35.921 242.799 0 23.857 16.751 1982.822 0.895
05057200 2011 8 7 12 43200 0.011 291.177 0 26.216 14.261 1791.768 1.159
05057200 2011 8 8 12 43200 0.751 225.613 0 26.288 16.597 2027.924 1.077
05057200 2011 8 9 12 43200 5.609 294.264 0 25.430 16.984 1987.474 1.000
05057200 2011 8 10 12 43200 0.000 299.881 0 27.977 15.066 1760.519 1.246
05062500 2011 8 1 12 43200 36.264 79.612 0 23.260 19.952 2264.042 0.631
05062500 2011 8 2 12 43200 52.580 175.963 0 25.213 20.530 2424.920 0.775
05062500 2011 8 3 12 43200 0.000 314.608 0 24.886 13.884 1656.456 1.083
05062500 2011 8 4 12 43200 1.318 296.447 0 25.896 17.454 1949.120 1.009
05062500 2011 8 5 12 43200 -0.000 307.189 0 26.673 15.047 1850.099 1.159
05062500 2011 8 6 12 43200 40.425 202.928 0 22.582 19.957 2223.930 0.557
05062500 2011 8 7 12 43200 0.190 286.317 0 23.841 13.598 1806.824 1.026
05062500 2011 8 8 12 43200 0.316 227.352 0 24.024 15.039 1958.499 0.983
05062500 2011 8 9 12 43200 11.688 238.349 0 24.388 18.215 2163.132 0.855
05062500 2011 8 10 12 43200 0.452 245.321 0 23.825 15.040 1907.458 0.969
05087500 2011 8 1 12 43200 20.061 162.723 0 26.278 18.177 2087.249 0.934
05087500 2011 8 2 12 43200 10.105 254.262 0 26.010 19.997 2181.699 0.821
05087500 2011 8 3 12 43200 0.000 308.709 0 26.538 14.984 1571.570 1.073
05087500 2011 8 4 12 43200 0.351 306.636 0 26.877 16.976 1813.054 1.024
05087500 2011 8 5 12 43200 0.000 287.279 0 27.756 15.688 1658.014 1.125
05087500 2011 8 6 12 43200 20.197 174.779 0 22.507 19.562 2131.521 0.546
05087500 2011 8 7 12 43200 0.008 280.286 0 24.990 13.749 1694.176 1.019
05087500 2011 8 8 12 43200 0.000 220.612 0 24.994 15.664 1902.644 0.953
05087500 2011 8 9 12 43200 8.648 139.282 0 20.702 18.516 2071.166 0.452
05087500 2011 8 10 12 43200 0.320 251.110 0 25.943 15.842 1898.486 1.007
05120500 2011 8 1 12 43200 5.402 141.645 0 28.371 22.939 2620.746 0.845
05120500 2011 8 2 12 43200 1.344 293.340 0 27.069 17.080 1653.163 1.047
05120500 2011 8 3 12 43200 0.000 292.228 0 31.385 17.393 1416.387 1.314
05120500 2011 8 4 12 43200 0.000 300.942 0 27.795 16.790 1482.189 1.106
05120500 2011 8 5 12 43200 4.363 248.725 0 30.219 17.616 1784.122 1.233
05120500 2011 8 6 12 43200 35.361 254.241 0 24.060 16.489 1784.654 0.869
05120500 2011 8 7 12 43200 0.003 280.613 0 28.645 15.008 1750.975 1.216
05120500 2011 8 8 12 43200 10.688 262.320 0 28.620 17.497 1902.771 1.134
05120500 2011 8 9 12 43200 0.140 296.177 0 26.447 16.579 1739.499 1.026
05120500 2011 8 10 12 43200 0.000 297.663 0 29.538 15.449 1701.621 1.257
05123400 2011 8 1 12 43200 7.899 154.060 0 28.638 21.084 2465.391 0.947
05123400 2011 8 2 12 43200 1.723 300.377 0 25.731 16.606 1524.040 0.948
05123400 2011 8 3 12 43200 1.522 246.338 0 29.268 15.318 1472.114 1.207
05123400 2011 8 4 12 43200 0.002 306.950 0 26.710 15.286 1505.856 1.055
05123400 2011 8 5 12 43200 2.447 216.238 0 27.877 16.511 1645.182 1.086
05123400 2011 8 6 12 43200 70.190 168.069 0 21.904 16.282 1870.718 0.703
05123400 2011 8 7 12 43200 0.070 292.570 0 26.970 13.617 1706.613 1.120
05123400 2011 8 8 12 43200 9.673 277.017 0 27.477 17.243 1944.332 1.035
05123400 2011 8 9 12 43200 0.989 212.853 0 21.977 15.694 1822.545 0.738
05123400 2011 8 10 12 43200 -0.000 296.150 0 28.618 14.781 1679.860 1.183
05129115 2011 8 1 12 43200 0.724 195.767 0 24.797 15.197 1563.544 0.963
05129115 2011 8 2 12 43200 17.791 85.371 0 24.212 18.875 2343.991 0.749
05129115 2011 8 3 12 43200 0.459 312.694 0 29.467 12.597 1456.643 1.313
05129115 2011 8 4 12 43200 1.031 296.179 0 29.749 16.632 1776.705 1.225
05129115 2011 8 5 12 43200 0.965 226.453 0 28.846 13.819 1526.947 1.249
05129115 2011 8 6 12 43200 18.492 123.300 0 23.521 16.144 1960.233 0.840
05129115 2011 8 7 12 43200 0.754 130.663 0 21.072 16.270 1615.439 0.656
05129115 2011 8 8 12 43200 -0.000 278.081 0 23.809 13.099 1500.967 0.974
05129115 2011 8 9 12 43200 6.591 149.358 0 22.002 13.494 1677.791 0.851
05129115 2011 8 10 12 43200 15.151 195.326 0 21.783 16.040 1972.704 0.723
05131500 2011 8 1 12 43200 3.231 153.313 0 23.859 15.430 1645.785 0.886
05131500 2011 8 2 12 43200 30.723 110.939 0 25.298 19.251 2355.005 0.805
05131500 2011 8 3 12 43200 0.209 312.643 0 29.188 12.885 1396.374 1.279
05131500 2011 8 4 12 43200 2.149 297.452 0 29.414 16.638 1811.415 1.193
05131500 2011 8 5 12 43200 0.819 238.249 0 29.052 14.031 1524.881 1.244
05131500 2011 8 6 12 43200 14.168 148.804 0 24.540 17.864 2046.400 0.822
05131500 2011 8 7 12 43200 0.360 165.403 0 21.827 16.194 1582.185 0.711
05131500 2011 8 8 12 43200 -0.000 285.734 0 24.650 12.851 1530.090 1.022
05131500 2011 8 9 12 43200 6.024 134.392 0 22.255 14.482 1758.074 0.820
05131500 2011 8 10 12 43200 9.603 199.487 0 22.701 15.971 1945.992 0.785
05291000 2011 8 1 12 43200 0.000 301.176 0 33.764 22.323 2875.738 1.549
05291000 2011 8 2 12 43200 1.840 137.471 0 29.654 22.664 2573.116 1.159
05291000 2011 8 3 12 43200 -0.000 321.275 0 27.562 14.455 1607.152 1.394
05291000 2011 8 4 12 43200 0.000 291.512 0 29.125 18.207 1847.698 1.363
05291000 2011 8 5 12 43200 0.000 301.625 0 28.068 17.701 2209.296 1.302
05291000 2011 8 6 12 43200 13.551 310.586 0 27.167 21.203 2361.402 1.020
05291000 2011 8 7 12 43200 0.000 293.558 0 25.603 16.016 1939.310 1.186
05291000 2011 8 8 12 43200 1.691 180.985 0 24.366 16.367 2136.913 1.070
05291000 2011 8 9 12 43200 3.299 289.153 0 28.939 18.974 2250.587 1.311
05291000 2011 8 10 12 43200 1.676 302.710 0 28.033 17.444 2036.982 1.311
05362000 2011 8 1 12 43200 8.176 181.072 0 28.511 16.761 2167.346 1.376
05362000 2011 8 2 12 43200 200.784 68.503 0 22.623 18.863 2358.457 0.741
05362000 2011 8 3 12 43200 5.899 310.507 0 27.673 17.968 2074.277 1.256
05362000 2011 8 4 12 43200 0.000 299.507 0 27.519 14.832 1666.214 1.376
05362000 2011 8 5 12 43200 0.224 290.798 0 28.924 17.086 2101.033 1.394
05362000 2011 8 6 12 43200 0.924 249.005 0 27.992 17.034 2197.563 1.324
05362000 2011 8 7 12 43200 2.172 236.861 0 23.393 16.058 2007.184 1.006
05362000 2011 8 8 12 43200 -0.000 291.089 0 23.618 11.791 1623.830 1.206
05362000 2011 8 9 12 43200 2.471 161.171 0 22.492 12.449 1808.384 1.104
05362000 2011 8 10 12 43200 13.157 238.302 0 22.539 17.942 2167.461 0.808
05393500 2011 8 1 12 43200 3.938 175.957 0 29.535 15.658 2018.948 1.481
05393500 2011 8 2 12 43200 201.115 56.460 0 21.443 18.626 2265.277 0.624
05393500 2011 8 3 12 43200 6.219 310.687 0 27.874 17.867 1964.966 1.267
05393500 2011 8 4 12 43200 0.000 299.782 0 28.605 14.706 1564.633 1.447
05393500 2011 8 5 12 43200 0.081 293.409 0 30.021 17.260 1994.169 1.459
05393500 2011 8 6 12 43200 1.103 231.874 0 28.402 16.696 2042.999 1.359
05393500 2011 8 7 12 43200 1.915 219.737 0 23.255 16.060 1960.396 0.986
05393500 2011 8 8 12 43200 -0.000 294.908 0 23.902 11.173 1524.271 1.235
05393500 2011 8 9 12 43200 4.267 207.294 0 24.693 11.597 1740.448 1.275
05393500 2011 8 10 12 43200 15.637 245.817 0 21.686 17.243 2144.088 0.771
05399500 2011 8 1 12 43200 10.930 222.707 0 29.382 19.757 2577.887 1.344
05399500 2011 8 2 12 43200 74.216 107.883 0 24.197 19.377 2465.465 0.886
05399500 2011 8 3 12 43200 4.993 309.191 0 27.145 18.714 2277.012 1.207
05399500 2011 8 4 12 43200 0.000 293.193 0 26.548 14.451 1776.622 1.357
05399500 2011 8 5 12 43200 0.904 279.819 0 27.667 18.514 2252.172 1.263
05399500 2011 8 6 12 43200 1.570 233.062 0 27.519 18.236 2322.446 1.265
05399500 2011 8 7 12 43200 1.048 293.729 0 24.719 16.785 2134.714 1.106
05399500 2011 8 8 12 43200 0.000 280.836 0 22.949 12.438 1728.518 1.169
05399500 2011 8 9 12 43200 5.015 233.513 0 23.276 13.094 1867.591 1.167
05399500 2011 8 10 12 43200 16.537 242.184 0 23.084 17.765 2185.519 0.898
05408000 2011 8 1 12 43200 0.089 274.708 0 30.000 21.496 2816.165 1.391
05408000 2011 8 2 12 43200 1.716 162.079 0 29.260 22.054 2876.240 1.278
05408000 2011 8 3 12 43200 0.406 296.809 0 27.178 20.803 2502.877 1.154
05408000 2011 8 4 12 43200 0.000 291.400 0 28.084 16.666 2036.927 1.483
05408000 2011 8 5 12 43200 0.302 281.567 0 29.339 18.841 2355.868 1.485
05408000 2011 8 6 12 43200 6.971 287.238 0 28.697 20.363 2547.787 1.337
05408000 2011 8 7 12 43200 6.337 299.244 0 26.610 18.179 2389.881 1.275
05408000 2011 8 8 12 43200 1.010 220.273 0 23.995 15.754 2078.008 1.178
05408000 2011 8 9 12 43200 14.878 235.691 0 23.570 17.053 2200.826 1.060
05408000 2011 8 10 12 43200 21.487 246.861 0 24.829 16.319 2185.316 1.220
05412500 2011 8 1 12 43200 0.000 290.766 0 30.324 20.785 2743.230 1.532
05412500 2011 8 2 12 43200 0.192 214.193 0 29.718 20.604 2944.376 1.483
05412500 2011 8 3 12 43200 0.289 288.874 0 27.387 22.060 2661.456 1.122
05412500 2011 8 4 12 43200 0.000 308.082 0 28.237 16.855 2036.994 1.553
05412500 2011 8 5 12 43200 1.594 277.184 0 29.069 18.696 2355.687 1.533
05412500 2011 8 6 12 43200 0.007 287.835 0 28.907 19.535 2488.411 1.470
05412500 2011 8 7 12 43200 5.680 236.114 0 27.557 20.593 2492.409 1.262
05412500 2011 8 8 12 43200 23.266 91.902 0 21.729 18.507 2256.615 0.775
05412500 2011 8 9 12 43200 4.747 174.730 0 25.696 19.075 2375.087 1.179
05412500 2011 8 10 12 43200 3.986 275.913 0 26.781 17.418 2313.645 1.392
05413500 2011 8 1 12 43200 0.000 290.500 0 30.562 20.466 2676.997 1.576
05413500 2011 8 2 12 43200 0.232 211.386 0 30.817 20.918 2962.690 1.574
05413500 2011 8 3 12 43200 0.407 283.354 0 28.101 21.950 2699.336 1.216
05413500 2011 8 4 12 43200 0.000 307.962 0 29.116 17.407 2110.173 1.605
05413500 2011 8 5 12 43200 0.286 278.826 0 29.853 18.539 2369.679 1.615
05413500 2011 8 6 12 43200 0.001 287.747 0 29.003 19.603 2487.430 1.476
05413500 2011 8 7 12 43200 1.078 260.841 0 28.891 21.130 2471.303 1.365
05413500 2011 8 8 12 43200 17.348 84.745 0 22.615 19.089 2286.270 0.827
05413500 2011 8 9 12 43200 14.196 182.150 0 23.980 18.414 2320.400 1.049
05413500 2011 8 10 12 43200 5.696 250.631 0 26.459 16.249 2194.373 1.427
05414000 2011 8 1 12 43200 0.000 289.020 0 30.364 20.578 2673.976 1.549
05414000 2011 8 2 12 43200 0.204 203.485 0 30.524 21.200 2955.328 1.526
05414000 2011 8 3 12 43200 0.573 280.756 0 27.971 21.805 2709.775 1.212
05414000 2011 8 4 12 43200 0.000 306.931 0 28.907 17.514 2116.329 1.581
05414000 2011 8 5 12 43200 0.343 275.877 0 29.683 18.773 2380.024 1.587
05414000 2011 8 6 12 43200 0.137 286.306 0 28.800 19.862 2517.286 1.440
05414000 2011 8 7 12 43200 2.168 273.683 0 28.671 21.001 2463.559 1.350
05414000 2011 8 8 12 43200 14.051 87.547 0 22.414 18.730 2269.386 0.839
05414000 2011 8 9 12 43200 13.847 163.076 0 23.368 18.023 2271.404 1.014
05414000 2011 8 10 12 43200 7.222 243.298 0 25.797 15.975 2164.237 1.381
05444000 2011 8 1 12 43200 0.000 290.883 0 30.518 21.743 2764.260 1.553
05444000 2011 8 2 12 43200 0.001 224.467 0 29.630 21.409 3007.201 1.481
05444000 2011 8 3 12 43200 1.495 195.914 0 27.964 23.538 2984.607 1.093
05444000 2011 8 4 12 43200 -0.000 313.104 0 28.188 18.312 2357.614 1.535
05444000 2011 8 5 12 43200 0.000 306.947 0 29.312 19.643 2419.840 1.566
05444000 2011 8 6 12 43200 0.000 286.164 0 28.656 20.503 2564.756 1.442
05444000 2011 8 7 12 43200 0.545 221.338 0 29.242 20.760 2737.054 1.486
05444000 2011 8 8 12 43200 19.225 173.665 0 25.927 21.215 2591.833 1.069
05444000 2011 8 9 12 43200 58.594 29.539 0 20.307 18.895 2233.981 0.527
05444000 2011 8 10 12 43200 0.916 245.601 0 25.063 15.502 2132.909 1.397
05454000 2011 8 1 12 43200 0.000 303.625 0 32.283 21.250 2725.889 1.785
05454000 2011 8 2 12 43200 0.000 280.500 0 33.178 21.350 2916.118 1.870
05454000 2011 8 3 12 43200 0.100 286.000 0 28.793 23.250 2928.971 1.243
05454000 2011 8 4 12 43200 -0.000 312.250 0 30.173 18.050 2162.696 1.755
05454000 2011 8 5 12 43200 0.000 303.750 0 31.050 19.350 2196.379 1.771
05454000 2011 8 6 12 43200 0.000 302.750 0 30.550 20.377 2428.889 1.662
05454000 2011 8 7 12 43200 2.400 247.375 0 31.933 20.808 2576.833 1.776
05454000 2011 8 8 12 43200 13.300 157.000 0 27.850 21.562 2767.876 1.283
05454000 2011 8 9 12 43200 35.000 220.500 0 26.372 20.482 2509.551 1.203
05454000 2011 8 10 12 43200 0.010 265.250 0 28.921 17.526 2261.930 1.664
05458000 2011 8 1 12 43200 0.000 296.785 0 30.033 21.052 2863.391 1.464
05458000 2011 8 2 12 43200 0.480 225.226 0 29.639 21.313 2964.848 1.407
05458000 2011 8 3 12 43200 0.262 310.803 0 26.597 19.838 2515.161 1.199
05458000 2011 8 4 12 43200 0.000 301.166 0 27.805 16.546 2045.821 1.507
05458000 2011 8 5 12 43200 3.836 276.652 0 28.824 19.218 2445.513 1.458
05458000 2011 8 6 12 43200 1.402 280.231 0 28.662 19.112 2535.325 1.449
05458000 2011 8 7 12 43200 0.026 264.965 0 26.863 18.484 2445.343 1.316
05458000 2011 8 8 12 43200 31.119 97.889 0 21.897 17.971 2227.509 0.838
05458000 2011 8 9 12 43200 1.799 160.579 0 25.074 19.367 2381.645 1.074
05458000 2011 8 10 12 43200 7.247 296.574 0 27.076 18.355 2384.279 1.345
05466500 2011 8 1 12 43200 0.000 286.297 0 31.899 22.143 2747.879 1.730
05466500 2011 8 2 12 43200 0.000 301.242 0 31.994 21.202 2957.731 1.802
05466500 2011 8 3 12 43200 0.100 250.233 0 27.884 24.891 2970.057 0.944
05466500 2011 8 4 12 43200 0.419 311.358 0 29.232 19.727 2441.163 1.607
05466500 2011 8 5 12 43200 0.000 296.593 0 30.223 19.856 2383.679 1.702
05466500 2011 8 6 12 43200 0.000 306.071 0 29.457 20.541 2524.648 1.577
05466500 2011 8 7 12 43200 0.008 279.284 0 30.772 21.013 2611.422 1.685
05466500 2011 8 8 12 43200 11.502 194.513 0 29.368 22.332 2833.968 1.429
05466500 2011 8 9 12 43200 64.023 246.379 0 25.733 20.810 2606.483 1.122
05466500 2011 8 10 12 43200 0.363 274.681 0 26.934 16.604 2228.572 1.564
05487980 2011 8 1 12 43200 0.000 318.680 0 32.634 21.975 2904.935 1.815
05487980 2011 8 2 12 43200 0.000 304.559 0 33.722 24.280 2790.164 1.776
05487980 2011 8 3 12 43200 0.016 208.679 0 27.640 22.419 2738.500 1.204
05487980 2011 8 4 12 43200 -0.000 311.362 0 29.608 19.350 2313.797 1.665
05487980 2011 8 5 12 43200 0.000 308.834 0 30.716 18.985 2126.712 1.797
05487980 2011 8 6 12 43200 0.000 307.700 0 31.227 20.231 2484.649 1.777
05487980 2011 8 7 12 43200 0.034 297.912 0 32.311 20.962 2577.756 1.844
05487980 2011 8 8 12 43200 23.895 120.114 0 25.912 21.472 2636.748 1.074
05487980 2011 8 9 12 43200 6.949 157.060 0 27.449 19.600 2518.874 1.422
05487980 2011 8 10 12 43200 0.001 302.831 0 30.073 19.334 2409.966 1.713
05488200 2011 8 1 12 43200 0.000 317.609 0 32.592 22.071 2913.414 1.800
05488200 2011 8 2 12 43200 0.000 303.023 0 33.938 23.882 2848.148 1.824
05488200 2011 8 3 12 43200 0.037 172.981 0 27.446 22.313 2761.150 1.186
05488200 2011 8 4 12 43200 -0.000 310.321 0 29.322 18.894 2301.498 1.659
05488200 2011 8 5 12 43200 0.000 309.119 0 30.750 18.898 2136.491 1.800
05488200 2011 8 6 12 43200 0.000 306.658 0 31.137 20.107 2476.775 1.771
05488200 2011 8 7 12 43200 0.070 290.672 0 32.123 21.111 2561.550 1.811
05488200 2011 8 8 12 43200 16.964 126.048 0 26.069 21.584 2666.843 1.080
05488200 2011 8 9 12 43200 9.890 170.423 0 27.908 19.723 2539.037 1.459
05488200 2011 8 10 12 43200 0.000 302.259 0 29.801 18.936 2416.721 1.704
05489000 2011 8 1 12 43200 0.000 318.454 0 32.590 22.010 2895.344 1.811
05489000 2011 8 2 12 43200 0.000 309.731 0 33.676 23.808 2846.742 1.807
05489000 2011 8 3 12 43200 0.114 165.858 0 27.348 22.582 2792.144 1.150
05489000 2011 8 4 12 43200 -0.000 312.641 0 29.562 19.139 2321.837 1.675
05489000 2011 8 5 12 43200 0.000 311.089 0 30.740 19.034 2138.661 1.799
05489000 2011 8 6 12 43200 0.000 308.426 0 31.136 20.235 2452.523 1.770
05489000 2011 8 7 12 43200 0.005 295.426 0 32.107 20.922 2519.641 1.828
05489000 2011 8 8 12 43200 16.524 143.478 0 26.558 21.582 2640.264 1.149
05489000 2011 8 9 12 43200 16.037 173.760 0 28.092 19.911 2540.941 1.471
05489000 2011 8 10 12 43200 -0.000 300.218 0 29.669 18.890 2403.270 1.700
05495000 2011 8 1 12 43200 0.000 316.271 0 32.606 22.255 2848.342 1.867
05495000 2011 8 2 12 43200 0.000 311.009 0 33.317 23.082 2905.738 1.889
05495000 2011 8 3 12 43200 0.186 267.891 0 29.151 24.067 2826.791 1.284
05495000 2011 8 4 12 43200 0.107 314.613 0 29.948 19.879 2427.309 1.735
05495000 2011 8 5 12 43200 0.000 310.583 0 30.889 19.492 2222.218 1.858
05495000 2011 8 6 12 43200 0.000 308.885 0 30.997 20.469 2423.357 1.809
05495000 2011 8 7 12 43200 0.000 307.608 0 32.271 20.516 2422.218 1.942
05495000 2011 8 8 12 43200 17.893 198.354 0 29.690 22.082 2659.807 1.544
05495000 2011 8 9 12 43200 36.052 218.486 0 27.513 20.542 2597.721 1.412
05495000 2011 8 10 12 43200 0.009 275.082 0 28.534 19.367 2440.715 1.616
05495500 2011 8 1 12 43200 0.000 314.382 0 33.243 22.861 2725.897 1.918
05495500 2011 8 2 12 43200 0.000 310.757 0 33.960 23.189 2865.768 1.977
05495500 2011 8 3 12 43200 0.000 299.892 0 30.780 25.076 2717.911 1.418
05495500 2011 8 4 12 43200 0.503 263.060 0 30.383 21.526 2581.688 1.687
05495500 2011 8 5 12 43200 -0.000 311.465 0 31.244 20.072 2268.627 1.882
05495500 2011 8 6 12 43200 0.000 310.570 0 31.167 20.459 2390.994 1.849
05495500 2011 8 7 12 43200 0.000 307.970 0 33.444 20.576 2426.272 2.085
05495500 2011 8 8 12 43200 4.929 187.812 0 30.647 22.518 2720.313 1.641
05495500 2011 8 9 12 43200 38.396 224.300 0 28.177 20.895 2660.280 1.478
05495500 2011 8 10 12 43200 0.623 300.228 0 28.409 17.427 2352.489 1.743
05501000 2011 8 1 12 43200 0.000 318.063 0 33.953 22.649 2693.817 2.042
05501000 2011 8 2 12 43200 0.000 311.589 0 34.748 24.589 2805.423 1.996
05501000 2011 8 3 12 43200 0.319 295.730 0 31.017 24.793 2650.945 1.502
05501000 2011 8 4 12 43200 0.299 280.220 0 31.127 21.400 2579.070 1.807
05501000 2011 8 5 12 43200 -0.000 312.926 0 31.835 19.657 2241.745 1.997
05501000 2011 8 6 12 43200 0.000 310.375 0 32.416 20.459 2337.448 2.012
05501000 2011 8 7 12 43200 0.000 308.625 0 34.637 20.738 2378.154 2.233
05501000 2011 8 8 12 43200 11.131 141.255 0 28.658 22.609 2641.882 1.404
05501000 2011 8 9 12 43200 78.060 164.849 0 28.647 20.589 2641.291 1.581
05501000 2011 8 10 12 43200 0.012 268.256 0 28.600 19.897 2469.951 1.628
05503800 2011 8 1 12 43200 0.000 320.763 0 33.645 22.647 2736.045 2.028
05503800 2011 8 2 12 43200 0.000 312.589 0 34.677 24.997 2776.463 1.976
05503800 2011 8 3 12 43200 0.572 282.391 0 30.796 24.016 2666.313 1.566
05503800 2011 8 4 12 43200 0.221 283.804 0 30.939 21.422 2603.657 1.803
05503800 2011 8 5 12 43200 -0.000 312.975 0 31.603 19.774 2261.731 1.986
05503800 2011 8 6 12 43200 0.000 308.391 0 32.014 20.449 2403.192 1.989
05503800 2011 8 7 12 43200 0.000 308.526 0 34.418 20.980 2444.261 2.219
05503800 2011 8 8 12 43200 12.001 131.822 0 28.282 22.521 2663.873 1.377
05503800 2011 8 9 12 43200 58.449 154.074 0 27.826 20.059 2646.994 1.542
05503800 2011 8 10 12 43200 0.020 269.084 0 28.473 20.837 2502.192 1.556
05507600 2011 8 1 12 43200 0.000 320.766 0 34.355 23.080 2638.183 2.094
05507600 2011 8 2 12 43200 0.000 312.582 0 34.770 24.332 2790.652 2.053
05507600 2011 8 3 12 43200 0.064 297.933 0 31.998 25.702 2626.704 1.570
05507600 2011 8 4 12 43200 0.565 259.934 0 31.538 21.458 2641.980 1.882
05507600 2011 8 5 12 43200 -0.000 313.846 0 32.093 19.890 2294.688 2.046
05507600 2011 8 6 12 43200 0.000 305.955 0 31.876 20.618 2420.144 1.977
05507600 2011 8 7 12 43200 0.000 307.249 0 34.559 21.233 2453.808 2.235
05507600 2011 8 8 12 43200 4.105 177.014 0 31.265 23.101 2625.222 1.721
05507600 2011 8 9 12 43200 112.099 166.604 0 28.502 20.164 2676.642 1.624
05507600 2011 8 10 12 43200 0.018 270.892 0 28.171 21.011 2513.428 1.515
05508805 2011 8 1 12 43200 0.000 317.874 0 34.036 23.050 2649.078 2.051
05508805 2011 8 2 12 43200 0.000 311.641 0 34.888 23.909 2789.969 2.090
05508805 2011 8 3 12 43200 0.005 296.312 0 32.177 26.278 2624.653 1.526
05508805 2011 8 4 12 43200 0.848 257.479 0 31.241 21.472 2643.301 1.839
05508805 2011 8 5 12 43200 -0.000 313.034 0 32.231 19.625 2294.894 2.068
05508805 2011 8 6 12 43200 0.000 307.894 0 32.298 20.408 2362.283 2.029
05508805 2011 8 7 12 43200 0.000 307.603 0 34.972 21.113 2406.400 2.278
05508805 2011 8 8 12 43200 4.830 169.675 0 30.733 22.914 2683.087 1.663
05508805 2011 8 9 12 43200 120.461 170.854 0 28.764 20.404 2666.911 1.630
05508805 2011 8 10 12 43200 0.013 266.054 0 28.211 20.293 2492.321 1.574
05514500 2011 8 1 12 43200 0.000 318.559 0 34.499 23.240 2613.899 2.139
05514500 2011 8 2 12 43200 0.000 312.406 0 35.837 23.518 2709.700 2.278
05514500 2011 8 3 12 43200 0.089 293.843 0 32.865 26.684 2665.510 1.617
05514500 2011 8 4 12 43200 1.513 246.887 0 31.192 21.775 2700.338 1.852
05514500 2011 8 5 12 43200 0.034 313.972 0 32.048 20.210 2359.121 2.059
05514500 2011 8 6 12 43200 0.000 302.962 0 32.231 20.469 2390.859 2.063
05514500 2011 8 7 12 43200 0.000 306.955 0 34.996 21.523 2440.171 2.308
05514500 2011 8 8 12 43200 1.778 211.171 0 33.146 23.010 2632.537 1.993
05514500 2011 8 9 12 43200 76.408 165.793 0 29.094 20.183 2675.739 1.723
05514500 2011 8 10 12 43200 0.021 272.597 0 28.198 21.133 2523.314 1.535
05525500 2011 8 1 12 43200 0.144 291.101 0 31.046 21.530 2683.453 1.724
05525500 2011 8 2 12 43200 -0.000 296.643 0 29.841 22.450 2871.528 1.514
05525500 2011 8 3 12 43200 1.724 210.961 0 29.705 24.349 2762.558 1.316
05525500 2011 8 4 12 43200 0.169 289.345 0 28.211 19.324 2541.153 1.567
05525500 2011 8 5 12 43200 0.001 308.907 0 28.558 18.313 2432.154 1.669
05525500 2011 8 6 12 43200 0.000 301.272 0 29.586 20.047 2534.863 1.666
05525500 2011 8 7 12 43200 0.012 295.685 0 30.701 20.540 2599.619 1.753
05525500 2011 8 8 12 43200 5.086 207.157 0 28.682 22.161 2765.874 1.398
05525500 2011 8 9 12 43200 20.385 59.703 0 22.482 19.298 2271.646 0.871
05525500 2011 8 10 12 43200 8.573 263.828 0 25.346 16.020 2117.478 1.482
05556500 2011 8 1 12 43200 0.001 283.412 0 30.919 21.840 2778.105 1.630
05556500 2011 8 2 12 43200 -0.000 274.188 0 30.707 21.375 2957.108 1.640
05556500 2011 8 3 12 43200 0.531 202.676 0 27.099 24.544 2955.050 0.854
05556500 2011 8 4 12 43200 0.226 299.027 0 27.960 18.813 2464.395 1.521
05556500 2011 8 5 12 43200 -0.000 307.010 0 29.665 19.195 2427.184 1.671
05556500 2011 8 6 12 43200 0.000 297.416 0 28.838 20.697 2597.832 1.485
05556500 2011 8 7 12 43200 0.073 253.971 0 29.706 21.602 2776.479 1.514
05556500 2011 8 8 12 43200 5.771 185.586 0 27.136 22.211 2713.989 1.153
05556500 2011 8 9 12 43200 39.119 82.906 0 22.103 19.473 2340.885 0.762
05556500 2011 8 10 12 43200 1.099 282.056 0 25.410 15.571 2083.516 1.463
05584500 2011 8 1 12 43200 0.000 312.066 0 33.025 22.516 2728.973 1.901
05584500 2011 8 2 12 43200 0.000 310.631 0 33.379 22.426 2882.418 1.947
05584500 2011 8 3 12 43200 0.002 290.954 0 30.055 25.248 2786.214 1.282
05584500 2011 8 4 12 43200 0.170 281.891 0 29.764 21.248 2534.104 1.623
05584500 2011 8 5 12 43200 -0.000 308.986 0 30.709 20.150 2321.686 1.804
05584500 2011 8 6 12 43200 0.000 306.462 0 30.934 20.610 2445.455 1.798
05584500 2011 8 7 12 43200 0.000 306.930 0 32.586 21.026 2496.395 1.950
05584500 2011 8 8 12 43200 6.970 204.368 0 30.654 22.442 2747.793 1.634
05584500 2011 8 9 12 43200 31.123 239.634 0 27.779 21.549 2696.697 1.360
05584500 2011 8 10 12 43200 1.048 281.875 0 27.470 16.803 2291.238 1.670
05585000 2011 8 1 12 43200 0.000 312.179 0 33.104 22.642 2727.158 1.928
05585000 2011 8 2 12 43200 0.000 310.971 0 33.566 22.476 2864.237 1.992
05585000 2011 8 3 12 43200 0.026 288.401 0 30.540 25.301 2774.446 1.366
05585000 2011 8 4 12 43200 0.250 278.878 0 29.871 21.483 2556.665 1.640
05585000 2011 8 5 12 43200 -0.000 310.193 0 30.904 20.248 2315.409 1.844
05585000 2011 8 6 12 43200 0.000 304.343 0 31.013 20.539 2439.570 1.837
05585000 2011 8 7 12 43200 0.000 307.029 0 33.000 21.106 2508.003 2.017
05585000 2011 8 8 12 43200 5.604 198.097 0 30.744 22.457 2744.898 1.666
05585000 2011 8 9 12 43200 30.070 226.016 0 27.486 21.453 2700.370 1.350
05585000 2011 8 10 12 43200 1.199 285.366 0 27.521 16.887 2298.627 1.693
05591550 2011 8 1 12 43200 0.000 308.921 0 31.883 21.891 2636.308 1.884
05591550 2011 8 2 12 43200 0.000 309.106 0 30.093 21.995 2732.066 1.663
05591550 2011 8 3 12 43200 0.000 249.281 0 31.418 23.091 2796.276 1.735
05591550 2011 8 4 12 43200 0.015 310.666 0 29.102 19.965 2727.724 1.703
05591550 2011 8 5 12 43200 -0.000 316.306 0 28.550 19.601 2505.317 1.667
05591550 2011 8 6 12 43200 0.200 267.093 0 30.020 20.592 2627.391 1.763
05591550 2011 8 7 12 43200 0.337 275.372 0 31.348 21.064 2681.297 1.881
05591550 2011 8 8 12 43200 3.826 248.569 0 30.195 22.647 2899.112 1.620
05591550 2011 8 9 12 43200 48.936 197.469 0 27.091 21.467 2746.572 1.328
05591550 2011 8 10 12 43200 10.361 284.609 0 25.321 17.669 2275.437 1.443
05592050 2011 8 1 12 43200 0.000 310.444 0 32.132 22.349 2707.944 1.888
05592050 2011 8 2 12 43200 0.000 309.693 0 30.077 21.801 2701.305 1.685
05592050 2011 8 3 12 43200 0.000 255.504 0 31.843 23.797 2818.927 1.735
05592050 2011 8 4 12 43200 0.000 312.612 0 28.873 19.851 2699.563 1.693
05592050 2011 8 5 12 43200 0.000 314.563 0 28.749 20.124 2499.570 1.658
05592050 2011 8 6 12 43200 0.648 259.777 0 30.150 20.428 2634.548 1.797
05592050 2011 8 7 12 43200 0.141 278.728 0 31.532 21.457 2697.797 1.883
05592050 2011 8 8 12 43200 2.012 247.402 0 30.498 22.613 2836.404 1.668
05592050 2011 8 9 12 43200 44.744 231.714 0 27.301 21.183 2793.458 1.390
05592050 2011 8 10 12 43200 9.902 288.030 0 25.718 17.870 2322.279 1.479
05592575 2011 8 1 12 43200 0.000 313.528 0 32.883 22.727 2677.845 1.989
05592575 2011 8 2 12 43200 0.000 321.395 0 30.778 22.211 2678.206 1.772
05592575 2011 8 3 12 43200 0.000 261.878 0 32.831 23.466 2812.464 1.925
05592575 2011 8 4 12 43200 0.000 308.500 0 29.573 20.950 2802.909 1.726
05592575 2011 8 5 12 43200 0.000 314.100 0 28.889 20.811 2548.023 1.654
05592575 2011 8 6 12 43200 0.700 256.580 0 30.611 20.699 2676.521 1.868
05592575 2011 8 7 12 43200 0.421 258.571 0 31.811 22.125 2790.437 1.905
05592575 2011 8 8 12 43200 0.123 263.811 0 31.550 22.501 2751.513 1.844
05592575 2011 8 9 12 43200 53.116 223.117 0 28.911 22.143 2795.217 1.539
05592575 2011 8 10 12 43200 10.493 269.775 0 25.843 19.004 2433.717 1.432
05593575 2011 8 1 12 43200 0.000 317.403 0 33.060 23.550 2745.716 1.988
05593575 2011 8 2 12 43200 0.000 320.543 0 31.044 22.138 2607.148 1.849
05593575 2011 8 3 12 43200 0.000 309.413 0 34.370 24.338 2808.781 2.090
05593575 2011 8 4 12 43200 0.028 305.477 0 30.429 22.506 2912.046 1.739
05593575 2011 8 5 12 43200 0.074 291.497 0 29.771 21.243 2612.831 1.764
05593575 2011 8 6 12 43200 0.656 286.271 0 31.387 20.274 2620.862 2.029
05593575 2011 8 7 12 43200 0.012 298.816 0 32.908 22.662 2773.138 2.039
05593575 2011 8 8 12 43200 0.000 277.494 0 32.087 22.924 2769.328 1.916
05593575 2011 8 9 12 43200 64.087 216.687 0 29.762 22.656 2804.564 1.637
05593575 2011 8 10 12 43200 10.535 227.878 0 26.342 21.221 2613.779 1.310
05593900 2011 8 1 12 43200 0.000 313.210 0 32.391 22.767 2726.875 1.909
05593900 2011 8 2 12 43200 0.000 319.404 0 30.487 21.759 2665.142 1.757
05593900 2011 8 3 12 43200 0.000 284.204 0 32.276 24.267 2819.144 1.769
05593900 2011 8 4 12 43200 0.000 312.396 0 29.081 20.259 2742.555 1.706
05593900 2011 8 5 12 43200 0.026 296.164 0 29.007 20.275 2510.573 1.696
05593900 2011 8 6 12 43200 0.883 264.718 0 30.233 20.368 2659.334 1.831
05593900 2011 8 7 12 43200 0.009 297.931 0 32.042 22.183 2758.906 1.911
05593900 2011 8 8 12 43200 0.000 246.971 0 30.850 22.571 2789.931 1.735
05593900 2011 8 9 12 43200 43.800 192.482 0 27.547 21.690 2820.442 1.388
05593900 2011 8 10 12 43200 5.199 273.423 0 25.704 18.769 2410.002 1.422
05595730 2011 8 1 12 43200 0.000 315.915 0 33.284 23.575 2692.373 2.030
05595730 2011 8 2 12 43200 0.000 320.171 0 31.169 22.359 2595.986 1.861
05595730 2011 8 3 12 43200 0.013 309.195 0 33.839 23.962 2801.822 2.069
05595730 2011 8 4 12 43200 0.000 301.586 0 30.589 23.162 2938.429 1.713
05595730 2011 8 5 12 43200 0.056 302.073 0 29.957 21.461 2618.367 1.783
05595730 2011 8 6 12 43200 4.230 280.895 0 31.066 20.486 2669.993 1.993
05595730 2011 8 7 12 43200 0.088 262.541 0 32.563 22.747 2810.143 2.006
05595730 2011 8 8 12 43200 -0.000 284.011 0 32.354 22.862 2706.925 1.970
05595730 2011 8 9 12 43200 52.331 209.790 0 29.794 22.609 2815.180 1.659
05595730 2011 8 10 12 43200 18.992 229.534 0 26.676 21.399 2603.196 1.349
06037500 2011 8 1 12 43200 21.026 32.124 0 14.183 9.501 1152.570 0.654
06037500 2011 8 2 12 43200 4.931 326.559 0 21.844 6.608 982.962 1.277
06037500 2011 8 3 12 43200 0.664 331.672 0 24.028 8.602 889.885 1.372
06037500 2011 8 4 12 43200 0.243 267.424 0 22.725 8.710 782.262 1.284
06037500 2011 8 5 12 43200 21.647 307.381 0 21.491 8.057 971.394 1.220
06037500 2011 8 6 12 43200 0.000 334.022 0 23.090 8.234 649.204 1.320
06037500 2011 8 7 12 43200 0.005 332.133 0 22.780 8.199 640.354 1.300
06037500 2011 8 8 12 43200 1.137 324.572 0 20.597 6.887 832.868 1.193
06037500 2011 8 9 12 43200 0.000 329.767 0 21.946 8.730 589.769 1.232
06037500 2011 8 10 12 43200 0.000 309.338 0 22.254 7.346 546.994 1.287
06043500 2011 8 1 12 43200 15.708 101.668 0 16.647 11.412 1122.336 0.709
06043500 2011 8 2 12 43200 7.077 284.593 0 22.820 7.750 1002.114 1.252
06043500 2011 8 3 12 43200 1.343 317.832 0 24.091 8.991 882.334 1.302
06043500 2011 8 4 12 43200 0.079 257.799 0 24.140 9.252 772.606 1.299
06043500 2011 8 5 12 43200 15.446 270.913 0 21.854 7.968 976.554 1.188
06043500 2011 8 6 12 43200 0.000 315.898 0 23.824 8.346 689.279 1.300
06043500 2011 8 7 12 43200 2.635 285.009 0 23.426 8.310 785.597 1.277
06043500 2011 8 8 12 43200 4.342 300.543 0 21.873 7.135 846.401 1.208
06043500 2011 8 9 12 43200 0.703 319.880 0 23.548 9.732 647.277 1.249
06043500 2011 8 10 12 43200 0.000 316.831 0 24.116 9.030 553.929 1.303
06154410 2011 8 1 12 43200 0.000 233.314 0 30.131 22.406 951.411 1.034
06154410 2011 8 2 12 43200 0.000 295.457 0 32.539 18.264 1087.565 1.377
06154410 2011 8 3 12 43200 0.654 315.616 0 26.596 20.711 1053.554 0.847
06154410 2011 8 4 12 43200 0.000 311.920 0 32.865 15.157 1088.953 1.482
06154410 2011 8 5 12 43200 2.497 234.282 0 28.090 15.689 1369.387 1.175
06154410 2011 8 6 12 43200 0.000 286.936 0 30.596 16.185 1199.743 1.316
06154410 2011 8 7 12 43200 12.935 234.076 0 31.794 17.426 1153.665 1.355
06154410 2011 8 8 12 43200 0.415 292.027 0 27.657 17.636 1199.870 1.077
06154410 2011 8 9 12 43200 0.000 288.116 0 29.548 18.696 1069.808 1.163
06154410 2011 8 10 12 43200 0.000 309.558 0 32.034 17.898 865.025 1.356
06188000 2011 8 1 12 43200 18.212 24.537 0 12.075 9.547 1072.535 0.456
06188000 2011 8 2 12 43200 0.129 325.346 0 19.915 5.295 864.541 1.168
06188000 2011 8 3 12 43200 0.127 330.162 0 20.359 7.902 777.338 1.134
06188000 2011 8 4 12 43200 0.072 269.206 0 20.832 7.781 707.455 1.167
06188000 2011 8 5 12 43200 14.011 310.517 0 19.985 7.701 904.937 1.116
06188000 2011 8 6 12 43200 0.000 331.675 0 21.667 7.705 620.468 1.222
06188000 2011 8 7 12 43200 0.018 323.446 0 21.329 8.208 613.257 1.188
06188000 2011 8 8 12 43200 0.963 318.964 0 19.016 5.651 768.832 1.107
06188000 2011 8 9 12 43200 0.009 322.796 0 20.378 7.409 566.473 1.148
06188000 2011 8 10 12 43200 0.000 319.978 0 20.875 6.011 509.884 1.211
06191500 2011 8 1 12 43200 18.743 32.707 0 12.331 9.647 1116.480 0.468
06191500 2011 8 2 12 43200 1.063 326.388 0 20.413 5.528 888.764 1.181
06191500 2011 8 3 12 43200 0.279 325.881 0 21.334 8.178 807.284 1.176
06191500 2011 8 4 12 43200 0.034 264.535 0 21.066 7.778 719.621 1.170
06191500 2011 8 5 12 43200 15.011 309.124 0 20.425 7.785 908.319 1.129
06191500 2011 8 6 12 43200 0.000 329.421 0 22.088 7.662 628.484 1.236
06191500 2011 8 7 12 43200 0.038 323.984 0 21.744 8.162 612.259 1.203
06191500 2011 8 8 12 43200 1.086 322.775 0 19.593 6.226 770.725 1.117
06191500 2011 8 9 12 43200 0.014 326.427 0 20.858 7.674 554.154 1.159
06191500 2011 8 10 12 43200 0.000 320.978 0 21.445 6.488 515.492 1.223
06221400 2011 8 1 12 43200 16.070 193.391 0 16.780 10.884 1170.948 0.842
06221400 2011 8 2 12 43200 5.222 340.913 0 18.888 6.434 794.613 1.177
06221400 2011 8 3 12 43200 0.081 228.129 0 17.275 8.834 712.049 0.982
06221400 2011 8 4 12 43200 0.027 282.535 0 19.041 7.307 738.744 1.162
06221400 2011 8 5 12 43200 3.657 333.520 0 20.233 9.003 753.761 1.192
06221400 2011 8 6 12 43200 0.081 323.535 0 20.878 9.298 586.876 1.228
06221400 2011 8 7 12 43200 0.000 312.881 0 20.280 8.794 524.314 1.202
06221400 2011 8 8 12 43200 0.081 307.360 0 18.633 7.946 577.761 1.114
06221400 2011 8 9 12 43200 0.000 335.352 0 20.001 7.964 455.552 1.209
06221400 2011 8 10 12 43200 0.000 336.660 0 21.558 8.480 434.069 1.303
06224000 2011 8 1 12 43200 12.406 196.941 0 17.240 11.401 1158.926 0.859
06224000 2011 8 2 12 43200 4.795 340.369 0 19.186 6.748 792.285 1.199
06224000 2011 8 3 12 43200 0.001 246.158 0 17.410 9.133 697.228 0.988
06224000 2011 8 4 12 43200 0.070 280.927 0 19.246 7.410 740.716 1.184
06224000 2011 8 5 12 43200 4.518 336.611 0 20.386 9.204 755.451 1.207
06224000 2011 8 6 12 43200 0.273 332.017 0 21.319 9.273 592.884 1.272
06224000 2011 8 7 12 43200 0.000 324.212 0 20.878 9.029 513.143 1.248
06224000 2011 8 8 12 43200 0.001 305.543 0 18.832 8.217 569.714 1.128
06224000 2011 8 9 12 43200 0.000 335.323 0 20.259 8.020 463.511 1.236
06224000 2011 8 10 12 43200 0.000 337.965 0 21.620 8.753 413.169 1.310
06278300 2011 8 1 12 43200 5.119 132.627 0 19.765 14.514 1093.198 0.827
06278300 2011 8 2 12 43200 13.978 294.297 0 19.675 9.247 1115.863 1.073
06278300 2011 8 3 12 43200 -0.000 265.543 0 20.504 12.347 797.761 1.009
06278300 2011 8 4 12 43200 2.255 205.427 0 20.479 12.113 859.098 1.018
06278300 2011 8 5 12 43200 1.297 316.579 0 23.964 11.259 921.970 1.304
06278300 2011 8 6 12 43200 0.016 323.007 0 24.664 12.199 678.169 1.323
06278300 2011 8 7 12 43200 0.384 305.955 0 24.912 11.938 680.182 1.350
06278300 2011 8 8 12 43200 0.216 294.399 0 21.531 9.924 792.819 1.178
06278300 2011 8 9 12 43200 0.618 308.716 0 23.019 10.912 762.026 1.249
06278300 2011 8 10 12 43200 0.000 326.938 0 24.252 12.517 461.025 1.282
06289000 2011 8 1 12 43200 4.396 79.031 0 19.545 16.517 1256.664 0.627
06289000 2011 8 2 12 43200 6.126 302.612 0 23.775 11.183 1162.092 1.258
06289000 2011 8 3 12 43200 0.007 308.232 0 25.782 15.094 796.135 1.260
06289000 2011 8 4 12 43200 0.013 228.000 0 25.173 14.732 858.106 1.229
06289000 2011 8 5 12 43200 6.241 287.608 0 27.031 12.524 1056.326 1.441
06289000 2011 8 6 12 43200 0.000 312.768 0 27.726 14.733 788.469 1.419
06289000 2011 8 7 12 43200 0.876 282.313 0 28.601 15.331 792.169 1.462
06289000 2011 8 8 12 43200 0.257 290.232 0 24.675 12.750 932.837 1.269
06289000 2011 8 9 12 43200 1.366 303.239 0 26.144 14.085 928.893 1.326
06289000 2011 8 10 12 43200 0.000 320.221 0 28.091 15.448 556.800 1.420
06291500 2011 8 1 12 43200 4.811 51.217 0 19.319 17.175 1317.110 0.527
06291500 2011 8 2 12 43200 5.009 302.746 0 24.899 11.674 1180.928 1.311
06291500 2011 8 3 12 43200 0.009 308.386 0 26.907 15.844 802.559 1.305
06291500 2011 8 4 12 43200 0.018 229.916 0 26.481 14.995 867.507 1.308
06291500 2011 8 5 12 43200 6.160 285.656 0 28.030 12.392 1104.290 1.504
06291500 2011 8 6 12 43200 0.000 312.416 0 28.612 14.863 833.478 1.469
06291500 2011 8 7 12 43200 1.144 277.703 0 29.595 15.689 837.503 1.513
06291500 2011 8 8 12 43200 0.209 289.215 0 25.227 13.160 992.312 1.285
06291500 2011 8 9 12 43200 1.920 300.130 0 27.049 14.571 988.486 1.366
06291500 2011 8 10 12 43200 0.000 319.447 0 29.303 16.460 580.878 1.463
06311000 2011 8 1 12 43200 2.028 167.227 0 23.263 16.391 1133.688 1.049
06311000 2011 8 2 12 43200 14.154 282.908 0 22.143 12.590 1222.731 1.153
06311000 2011 8 3 12 43200 0.048 285.088 0 23.869 13.248 902.295 1.258
06311000 2011 8 4 12 43200 1.204 200.499 0 22.978 13.437 912.016 1.181
06311000 2011 8 5 12 43200 1.750 318.367 0 26.868 12.254 1009.623 1.518
06311000 2011 8 6 12 43200 0.000 326.395 0 27.643 12.502 721.079 1.567
06311000 2011 8 7 12 43200 1.321 310.411 0 27.451 13.203 752.883 1.531
06311000 2011 8 8 12 43200 0.152 298.156 0 23.812 10.979 833.081 1.338
06311000 2011 8 9 12 43200 1.324 317.524 0 25.945 11.985 835.083 1.459
06311000 2011 8 10 12 43200 0.000 331.530 0 27.023 12.993 483.017 1.506
06332515 2011 8 1 12 43200 3.640 127.916 0 29.151 21.084 2121.746 1.040
06332515 2011 8 2 12 43200 0.000 287.290 0 29.416 17.851 1259.808 1.201
06332515 2011 8 3 12 43200 0.000 268.709 0 32.101 18.516 1204.718 1.356
06332515 2011 8 4 12 43200 0.000 314.624 0 29.850 16.217 1287.643 1.284
06332515 2011 8 5 12 43200 5.035 174.185 0 28.917 17.849 1768.670 1.167
06332515 2011 8 6 12 43200 -0.000 304.247 0 28.116 16.337 1549.451 1.169
06332515 2011 8 7 12 43200 2.155 297.416 0 31.766 16.308 1717.318 1.402
06332515 2011 8 8 12 43200 24.353 268.589 0 28.751 16.408 1754.433 1.208
06332515 2011 8 9 12 43200 0.000 304.126 0 28.272 16.482 1467.846 1.174
06332515 2011 8 10 12 43200 0.199 300.294 0 32.587 16.135 1543.431 1.458
06339100 2011 8 1 12 43200 3.949 181.992 0 30.319 20.689 2015.844 1.189
06339100 2011 8 2 12 43200 0.001 280.322 0 29.392 19.262 1253.088 1.185
06339100 2011 8 3 12 43200 0.000 295.761 0 32.178 18.783 1193.089 1.402
06339100 2011 8 4 12 43200 0.000 316.234 0 30.137 16.669 1249.027 1.335
06339100 2011 8 5 12 43200 0.627 185.980 0 30.211 19.422 1682.478 1.238
06339100 2011 8 6 12 43200 0.710 301.786 0 28.594 15.993 1444.601 1.256
06339100 2011 8 7 12 43200 2.654 301.437 0 31.523 16.442 1688.070 1.434
06339100 2011 8 8 12 43200 13.288 268.026 0 29.175 16.452 1686.469 1.279
06339100 2011 8 9 12 43200 0.195 305.352 0 29.732 16.987 1414.379 1.298
06339100 2011 8 10 12 43200 0.128 294.804 0 33.513 17.000 1458.684 1.548
06339500 2011 8 1 12 43200 2.765 220.493 0 31.281 21.270 2179.489 1.242
06339500 2011 8 2 12 43200 0.483 240.611 0 29.170 19.341 1423.718 1.172
06339500 2011 8 3 12 43200 0.000 302.082 0 33.135 17.806 1207.948 1.507
06339500 2011 8 4 12 43200 0.000 315.225 0 30.330 17.089 1268.062 1.341
06339500 2011 8 5 12 43200 1.327 231.431 0 31.306 19.037 1741.220 1.339
06339500 2011 8 6 12 43200 13.337 299.037 0 28.422 15.968 1504.757 1.252
06339500 2011 8 7 12 43200 1.428 296.631 0 31.088 16.690 1713.760 1.405
06339500 2011 8 8 12 43200 7.543 258.545 0 29.645 16.668 1693.206 1.310
06339500 2011 8 9 12 43200 0.712 305.683 0 29.747 17.154 1475.560 1.300
06339500 2011 8 10 12 43200 0.193 297.854 0 33.140 16.861 1498.236 1.536
06344600 2011 8 1 12 43200 2.087 196.539 0 30.752 21.048 1910.580 1.221
06344600 2011 8 2 12 43200 0.021 256.832 0 28.264 19.779 1230.914 1.091
06344600 2011 8 3 12 43200 0.000 285.331 0 32.415 18.611 1176.857 1.443
06344600 2011 8 4 12 43200 0.000 316.268 0 30.895 16.802 1206.045 1.400
06344600 2011 8 5 12 43200 0.067 204.653 0 32.089 19.157 1608.024 1.401
06344600 2011 8 6 12 43200 0.475 298.586 0 29.018 16.046 1381.872 1.299
06344600 2011 8 7 12 43200 2.890 302.208 0 31.612 17.037 1662.647 1.441
06344600 2011 8 8 12 43200 10.912 274.031 0 29.479 16.698 1638.908 1.308
06344600 2011 8 9 12 43200 0.818 306.278 0 29.811 17.076 1399.380 1.317
06344600 2011 8 10 12 43200 1.325 289.645 0 33.972 17.455 1455.451 1.586
06350000 2011 8 1 12 43200 0.902 263.733 0 32.004 22.567 1864.236 1.292
06350000 2011 8 2 12 43200 0.247 84.048 0 25.314 19.257 1318.170 0.916
06350000 2011 8 3 12 43200 0.005 298.175 0 33.350 17.188 1140.935 1.612
06350000 2011 8 4 12 43200 -0.000 317.059 0 31.671 17.215 1150.282 1.494
06350000 2011 8 5 12 43200 11.064 251.222 0 32.367 18.329 1641.238 1.505
06350000 2011 8 6 12 43200 4.264 298.932 0 28.992 16.020 1427.288 1.348
06350000 2011 8 7 12 43200 4.123 305.999 0 30.473 17.381 1678.399 1.404
06350000 2011 8 8 12 43200 1.862 272.949 0 29.954 17.161 1562.086 1.375
06350000 2011 8 9 12 43200 5.063 302.530 0 29.769 17.344 1452.419 1.355
06350000 2011 8 10 12 43200 2.615 290.018 0 33.845 17.678 1489.136 1.631
06352000 2011 8 1 12 43200 1.230 290.859 0 32.877 23.532 1779.820 1.335
06352000 2011 8 2 12 43200 0.528 83.830 0 25.778 19.372 1348.941 0.965
06352000 2011 8 3 12 43200 0.028 300.625 0 33.764 17.044 1122.208 1.672
06352000 2011 8 4 12 43200 -0.000 317.755 0 32.330 17.398 1114.613 1.560
06352000 2011 8 5 12 43200 17.930 261.632 0 33.062 18.779 1638.694 1.565
06352000 2011 8 6 12 43200 2.476 300.589 0 29.045 16.407 1436.080 1.360
06352000 2011 8 7 12 43200 5.155 306.991 0 30.238 17.376 1687.880 1.410
06352000 2011 8 8 12 43200 4.210 273.037 0 29.770 18.079 1556.467 1.349
06352000 2011 8 9 12 43200 3.874 298.447 0 30.108 17.864 1449.763 1.382
06352000 2011 8 10 12 43200 2.781 293.742 0 33.867 17.888 1491.113 1.654
06353000 2011 8 1 12 43200 3.381 296.833 0 34.938 23.373 1934.417 1.523
06353000 2011 8 2 12 43200 0.866 102.325 0 26.815 19.467 1499.656 1.052
06353000 2011 8 3 12 43200 0.048 301.387 0 33.300 16.984 1159.720 1.648
06353000 2011 8 4 12 43200 -0.000 314.491 0 32.208 17.711 1169.250 1.546
06353000 2011 8 5 12 43200 13.503 280.737 0 32.283 19.117 1723.616 1.500
06353000 2011 8 6 12 43200 15.909 298.737 0 28.769 16.721 1511.037 1.334
06353000 2011 8 7 12 43200 3.477 306.576 0 29.991 17.563 1703.057 1.391
06353000 2011 8 8 12 43200 1.982 262.869 0 29.529 19.656 1617.980 1.265
06353000 2011 8 9 12 43200 2.270 298.351 0 30.798 18.285 1473.895 1.422
06353000 2011 8 10 12 43200 3.459 299.799 0 33.420 18.152 1518.290 1.619
06354000 2011 8 1 12 43200 2.338 291.384 0 34.655 23.150 1990.190 1.484
06354000 2011 8 2 12 43200 0.680 100.306 0 26.549 19.377 1521.989 1.017
06354000 2011 8 3 12 43200 0.021 303.022 0 33.003 16.866 1180.445 1.603
06354000 2011 8 4 12 43200 -0.000 313.015 0 31.677 17.605 1209.098 1.486
06354000 2011 8 5 12 43200 9.794 281.767 0 32.086 18.940 1755.008 1.467
06354000 2011 8 6 12 43200 22.506 298.655 0 28.527 16.531 1530.214 1.301
06354000 2011 8 7 12 43200 2.767 305.491 0 30.045 17.515 1711.142 1.372
06354000 2011 8 8 12 43200 2.486 254.391 0 29.408 19.010 1665.472 1.264
06354000 2011 8 9 12 43200 2.401 301.401 0 30.262 17.968 1500.487 1.371
06354000 2011 8 10 12 43200 2.539 299.248 0 33.227 17.786 1520.662 1.589
06360500 2011 8 1 12 43200 0.881 303.860 0 37.489 25.002 1657.946 1.740
06360500 2011 8 2 12 43200 3.713 166.477 0 28.898 22.530 1707.390 1.096
06360500 2011 8 3 12 43200 0.064 304.449 0 32.791 18.097 1243.967 1.655
06360500 2011 8 4 12 43200 0.044 308.924 0 32.534 20.077 1192.516 1.555
06360500 2011 8 5 12 43200 3.267 294.578 0 33.677 19.735 1749.321 1.661
06360500 2011 8 6 12 43200 14.601 305.480 0 29.706 18.801 1492.156 1.385
06360500 2011 8 7 12 43200 6.948 305.112 0 30.491 18.916 1692.512 1.443
06360500 2011 8 8 12 43200 13.636 298.477 0 29.214 18.815 1696.564 1.344
06360500 2011 8 9 12 43200 0.300 303.997 0 31.712 19.384 1457.056 1.520
06360500 2011 8 10 12 43200 0.172 303.002 0 33.762 19.119 1520.271 1.692
06404000 2011 8 1 12 43200 0.051 221.852 0 33.833 22.113 1186.314 1.694
06404000 2011 8 2 12 43200 8.166 142.485 0 25.567 16.811 1510.691 1.239
06404000 2011 8 3 12 43200 0.376 268.026 0 30.405 14.929 1334.518 1.712
06404000 2011 8 4 12 43200 10.790 268.755 0 27.928 17.027 1220.944 1.430
06404000 2011 8 5 12 43200 0.046 308.670 0 33.208 15.160 1364.685 1.921
06404000 2011 8 6 12 43200 1.470 305.924 0 30.085 17.675 1224.710 1.581
06404000 2011 8 7 12 43200 1.064 285.274 0 29.888 14.119 1403.501 1.698
06404000 2011 8 8 12 43200 0.043 304.203 0 26.166 15.931 1401.378 1.334
06404000 2011 8 9 12 43200 0.897 270.663 0 29.044 15.010 1258.423 1.603
06404000 2011 8 10 12 43200 0.024 292.623 0 32.349 15.066 1272.979 1.857
06406000 2011 8 1 12 43200 0.019 239.505 0 34.448 22.999 1211.761 1.707
06406000 2011 8 2 12 43200 7.778 166.025 0 26.887 18.156 1546.397 1.284
06406000 2011 8 3 12 43200 0.218 277.319 0 31.564 15.960 1361.144 1.771
06406000 2011 8 4 12 43200 13.642 258.933 0 28.530 17.489 1263.365 1.462
06406000 2011 8 5 12 43200 0.098 309.998 0 34.200 16.006 1439.895 1.977
06406000 2011 8 6 12 43200 1.024 308.790 0 30.448 18.778 1256.194 1.564
06406000 2011 8 7 12 43200 1.082 298.086 0 31.178 15.125 1452.961 1.769
06406000 2011 8 8 12 43200 0.036 302.660 0 26.568 16.876 1446.279 1.325
06406000 2011 8 9 12 43200 0.698 282.245 0 30.204 15.849 1286.008 1.668
06406000 2011 8 10 12 43200 0.182 297.054 0 33.372 15.710 1342.211 1.921
06408700 2011 8 1 12 43200 0.235 254.953 0 31.041 19.325 1109.980 1.563
06408700 2011 8 2 12 43200 10.632 133.886 0 21.900 13.957 1443.498 1.062
06408700 2011 8 3 12 43200 0.309 303.230 0 29.164 13.900 1247.887 1.627
06408700 2011 8 4 12 43200 0.443 290.644 0 27.829 16.327 1066.981 1.433
06408700 2011 8 5 12 43200 0.085 300.557 0 31.229 14.204 1190.157 1.772
06408700 2011 8 6 12 43200 0.434 299.015 0 29.929 15.413 1107.124 1.634
06408700 2011 8 7 12 43200 2.121 277.721 0 29.576 13.047 1202.423 1.683
06408700 2011 8 8 12 43200 0.450 303.132 0 25.628 13.496 1233.775 1.375
06408700 2011 8 9 12 43200 1.809 281.262 0 28.182 13.723 1173.715 1.559
06408700 2011 8 10 12 43200 0.000 317.746 0 30.497 15.061 1037.870 1.690
06409000 2011 8 1 12 43200 0.001 240.081 0 31.486 19.628 1100.150 1.598
06409000 2011 8 2 12 43200 9.710 120.693 0 21.836 14.053 1435.253 1.059
06409000 2011 8 3 12 43200 0.496 296.405 0 28.912 13.301 1243.381 1.638
06409000 2011 8 4 12 43200 1.231 284.117 0 27.333 16.505 1083.183 1.394
06409000 2011 8 5 12 43200 0.104 303.602 0 31.050 13.759 1204.355 1.783
06409000 2011 8 6 12 43200 0.732 303.659 0 29.906 15.529 1087.779 1.639
06409000 2011 8 7 12 43200 1.217 278.769 0 29.630 12.886 1179.613 1.703
06409000 2011 8 8 12 43200 0.710 301.794 0 25.779 13.478 1211.576 1.397
06409000 2011 8 9 12 43200 1.707 286.158 0 27.988 13.338 1177.368 1.568
06409000 2011 8 10 12 43200 -0.000 314.692 0 30.338 14.430 1056.344 1.710
06431500 2011 8 1 12 43200 0.497 255.034 0 30.954 19.592 1142.960 1.514
06431500 2011 8 2 12 43200 10.556 143.639 0 23.209 14.580 1463.142 1.117
06431500 2011 8 3 12 43200 0.157 297.173 0 29.679 14.795 1269.317 1.606
06431500 2011 8 4 12 43200 0.000 299.776 0 28.692 16.427 1072.613 1.470
06431500 2011 8 5 12 43200 0.000 297.130 0 31.995 15.086 1201.565 1.769
06431500 2011 8 6 12 43200 0.385 294.399 0 29.940 15.485 1165.394 1.602
06431500 2011 8 7 12 43200 3.014 272.150 0 29.435 13.414 1297.701 1.631
06431500 2011 8 8 12 43200 0.000 307.792 0 25.242 14.044 1329.087 1.299
06431500 2011 8 9 12 43200 1.782 264.355 0 28.535 14.509 1184.873 1.530
06431500 2011 8 10 12 43200 0.000 315.360 0 31.350 15.877 1067.193 1.696
06440200 2011 8 1 12 43200 0.000 321.074 0 39.266 28.985 1462.631 1.801
06440200 2011 8 2 12 43200 4.582 175.447 0 33.544 23.695 1911.350 1.567
06440200 2011 8 3 12 43200 0.000 312.043 0 35.109 19.737 1342.953 1.905
06440200 2011 8 4 12 43200 4.267 209.127 0 30.423 23.622 1643.202 1.256
06440200 2011 8 5 12 43200 5.159 310.233 0 36.978 19.879 1894.062 2.056
06440200 2011 8 6 12 43200 0.268 315.028 0 32.849 21.401 1477.060 1.633
06440200 2011 8 7 12 43200 6.938 302.837 0 32.282 20.139 1746.057 1.646
06440200 2011 8 8 12 43200 0.423 301.011 0 29.528 21.009 1907.665 1.348
06440200 2011 8 9 12 43200 2.811 288.699 0 33.406 20.313 1536.519 1.736
06440200 2011 8 10 12 43200 0.934 295.688 0 34.900 19.596 1691.811 1.893
06441500 2011 8 1 12 43200 0.000 317.486 0 40.410 29.104 1647.760 1.876
06441500 2011 8 2 12 43200 3.889 188.126 0 33.369 24.008 2033.166 1.501
06441500 2011 8 3 12 43200 0.000 315.548 0 34.629 19.176 1393.656 1.851
06441500 2011 8 4 12 43200 1.858 217.801 0 30.312 23.376 1695.340 1.238
06441500 2011 8 5 12 43200 1.651 308.052 0 35.541 20.283 1943.964 1.883
06441500 2011 8 6 12 43200 0.149 314.188 0 32.435 21.198 1595.133 1.575
06441500 2011 8 7 12 43200 7.644 305.211 0 31.451 20.164 1703.060 1.541
06441500 2011 8 8 12 43200 1.914 262.538 0 29.718 20.457 2076.121 1.372
06441500 2011 8 9 12 43200 0.883 296.667 0 33.825 20.789 1750.749 1.716
06441500 2011 8 10 12 43200 2.915 295.774 0 34.572 18.949 1657.563 1.855
06447000 2011 8 1 12 43200 0.000 310.491 0 38.435 26.930 1351.413 1.871
06447000 2011 8 2 12 43200 5.319 251.501 0 31.888 21.627 1761.912 1.551
06447000 2011 8 3 12 43200 0.000 287.383 0 34.138 18.792 1493.149 1.883
06447000 2011 8 4 12 43200 10.418 207.144 0 27.933 21.585 1714.402 1.163
06447000 2011 8 5 12 43200 15.988 311.300 0 35.452 18.944 1820.236 1.987
06447000 2011 8 6 12 43200 0.594 309.848 0 32.468 20.369 1472.927 1.670
06447000 2011 8 7 12 43200 5.935 307.710 0 33.404 19.102 1626.965 1.809
06447000 2011 8 8 12 43200 0.590 293.086 0 28.344 20.092 1628.296 1.308
06447000 2011 8 9 12 43200 0.655 304.325 0 33.063 18.832 1507.320 1.792
06447000 2011 8 10 12 43200 0.974 304.173 0 34.700 18.688 1590.134 1.934
06447500 2011 8 1 12 43200 0.000 311.831 0 38.152 27.646 1473.167 1.852
06447500 2011 8 2 12 43200 1.818 284.116 0 31.558 21.419 1846.613 1.580
06447500 2011 8 3 12 43200 -0.000 293.278 0 33.440 18.221 1538.265 1.905
06447500 2011 8 4 12 43200 8.954 160.279 0 26.796 21.050 1748.982 1.117
06447500 2011 8 5 12 43200 15.235 308.973 0 33.996 18.541 1932.191 1.940
06447500 2011 8 6 12 43200 0.056 317.220 0 31.298 20.302 1543.692 1.618
06447500 2011 8 7 12 43200 2.834 308.231 0 32.751 19.042 1780.006 1.811
06447500 2011 8 8 12 43200 1.550 285.715 0 27.741 19.258 1712.230 1.343
06447500 2011 8 9 12 43200 0.038 299.954 0 32.357 17.572 1576.702 1.839
06447500 2011 8 10 12 43200 1.741 302.711 0 32.826 18.702 1726.906 1.833
06450500 2011 8 1 12 43200 0.000 317.677 0 38.438 28.124 1688.181 1.808
06450500 2011 8 2 12 43200 0.661 284.060 0 31.366 23.195 2030.320 1.412
06450500 2011 8 3 12 43200 0.021 305.600 0 32.606 18.389 1566.255 1.786
06450500 2011 8 4 12 43200 11.354 164.629 0 26.627 21.748 1867.758 1.013
06450500 2011 8 5 12 43200 21.086 307.019 0 32.761 18.676 2027.295 1.787
06450500 2011 8 6 12 43200 0.307 313.183 0 31.187 20.585 1688.846 1.557
06450500 2011 8 7 12 43200 3.839 308.694 0 31.101 18.605 1837.336 1.648
06450500 2011 8 8 12 43200 7.687 286.157 0 28.417 19.376 1957.793 1.369
06450500 2011 8 9 12 43200 0.154 303.032 0 31.870 18.882 1860.131 1.702
06450500 2011 8 10 12 43200 19.410 297.586 0 32.116 17.707 1822.539 1.772
06452000 2011 8 1 12 43200 0.000 314.166 0 38.924 27.894 1575.682 1.860
06452000 2011 8 2 12 43200 2.984 263.538 0 31.858 22.872 1943.043 1.472
06452000 2011 8 3 12 43200 0.079 298.782 0 33.341 18.671 1528.193 1.822
06452000 2011 8 4 12 43200 10.979 182.707 0 26.844 21.739 1814.891 1.031
06452000 2011 8 5 12 43200 14.602 308.489 0 34.086 19.039 1944.477 1.870
06452000 2011 8 6 12 43200 0.356 311.041 0 32.199 20.602 1615.177 1.635
06452000 2011 8 7 12 43200 4.995 307.629 0 32.124 19.018 1722.068 1.704
06452000 2011 8 8 12 43200 3.869 279.718 0 28.563 20.124 1878.479 1.327
06452000 2011 8 9 12 43200 1.259 302.357 0 32.729 19.332 1732.211 1.742
06452000 2011 8 10 12 43200 7.643 300.375 0 33.587 18.456 1701.700 1.851
06453600 2011 8 1 12 43200 0.000 317.105 0 39.494 27.910 2139.158 2.014
06453600 2011 8 2 12 43200 0.031 247.754 0 31.052 24.366 2291.673 1.344
06453600 2011 8 3 12 43200 0.034 312.595 0 31.751 17.327 1622.230 1.831
06453600 2011 8 4 12 43200 4.688 226.829 0 32.882 21.271 1940.676 1.745
06453600 2011 8 5 12 43200 9.315 277.374 0 33.164 19.916 2187.067 1.841
06453600 2011 8 6 12 43200 0.069 306.527 0 33.852 24.456 2052.558 1.646
06453600 2011 8 7 12 43200 4.543 294.873 0 32.333 18.425 1984.153 1.835
06453600 2011 8 8 12 43200 11.492 277.523 0 32.735 21.874 2408.460 1.697
06453600 2011 8 9 12 43200 12.696 271.277 0 32.449 20.299 2233.977 1.756
06453600 2011 8 10 12 43200 4.732 301.989 0 32.874 17.499 1941.828 1.920
06464500 2011 8 1 12 43200 0.000 320.025 0 37.939 28.006 1965.024 1.817
06464500 2011 8 2 12 43200 1.824 297.212 0 30.486 23.976 2249.557 1.297
06464500 2011 8 3 12 43200 2.669 311.329 0 30.668 17.703 1700.862 1.702
06464500 2011 8 4 12 43200 11.142 209.773 0 27.726 20.775 2006.510 1.248
06464500 2011 8 5 12 43200 23.577 303.314 0 31.478 19.128 2132.093 1.707
06464500 2011 8 6 12 43200 0.090 310.620 0 31.231 21.885 1923.196 1.530
06464500 2011 8 7 12 43200 4.359 308.270 0 30.588 18.063 1911.237 1.678
06464500 2011 8 8 12 43200 7.995 268.710 0 30.222 20.738 2257.051 1.502
06464500 2011 8 9 12 43200 6.510 301.527 0 32.001 19.775 2083.058 1.722
06464500 2011 8 10 12 43200 22.995 301.060 0 31.690 17.117 1917.017 1.814
06468170 2011 8 1 12 43200 10.928 161.964 0 29.014 22.722 2698.584 0.950
06468170 2011 8 2 12 43200 0.293 274.373 0 26.808 18.974 1829.565 0.985
06468170 2011 8 3 12 43200 0.000 312.448 0 29.767 16.234 1456.331 1.298
06468170 2011 8 4 12 43200 2.273 290.953 0 27.094 16.213 1621.413 1.124
06468170 2011 8 5 12 43200 2.661 275.453 0 28.990 16.472 1810.091 1.240
06468170 2011 8 6 12 43200 55.365 249.460 0 23.784 16.625 1869.577 0.877
06468170 2011 8 7 12 43200 0.021 285.656 0 26.923 14.510 1773.145 1.171
06468170 2011 8 8 12 43200 6.891 235.439 0 27.166 17.282 2006.588 1.087
06468170 2011 8 9 12 43200 0.945 297.542 0 25.931 16.671 1830.293 1.027
06468170 2011 8 10 12 43200 0.000 299.680 0 29.006 15.162 1715.107 1.282
06468250 2011 8 1 12 43200 11.591 157.503 0 28.909 22.771 2701.780 0.947
06468250 2011 8 2 12 43200 0.613 275.335 0 26.714 19.008 1852.332 0.986
06468250 2011 8 3 12 43200 0.000 312.689 0 29.664 16.172 1465.861 1.306
06468250 2011 8 4 12 43200 2.404 291.760 0 27.034 16.141 1634.519 1.134
06468250 2011 8 5 12 43200 2.358 275.562 0 28.826 16.382 1802.854 1.245
06468250 2011 8 6 12 43200 52.357 247.122 0 23.783 16.575 1878.737 0.888
06468250 2011 8 7 12 43200 0.032 285.583 0 26.794 14.463 1774.493 1.176
06468250 2011 8 8 12 43200 6.354 234.847 0 27.077 17.204 2012.565 1.095
06468250 2011 8 9 12 43200 1.160 296.769 0 25.830 16.673 1847.102 1.031
06468250 2011 8 10 12 43200 0.000 299.562 0 28.913 15.134 1719.305 1.290
06470800 2011 8 1 12 43200 0.666 298.308 0 34.988 23.676 2876.069 1.500
06470800 2011 8 2 12 43200 5.779 233.238 0 27.374 21.107 2358.496 0.991
06470800 2011 8 3 12 43200 0.000 317.134 0 27.565 15.979 1625.514 1.265
06470800 2011 8 4 12 43200 0.106 309.916 0 28.331 17.544 1739.208 1.258
06470800 2011 8 5 12 43200 1.710 306.915 0 28.857 16.169 1926.997 1.350
06470800 2011 8 6 12 43200 17.218 307.519 0 24.963 20.298 2192.174 0.821
06470800 2011 8 7 12 43200 0.000 284.244 0 26.520 15.434 1877.276 1.212
06470800 2011 8 8 12 43200 0.098 198.496 0 25.331 16.882 2059.210 1.062
06470800 2011 8 9 12 43200 0.991 300.922 0 27.848 17.983 2034.782 1.202
06470800 2011 8 10 12 43200 0.000 301.881 0 29.012 15.889 1806.519 1.370
06477500 2011 8 1 12 43200 0.000 309.216 0 39.429 26.552 2422.256 1.990
06477500 2011 8 2 12 43200 0.015 219.977 0 30.897 24.522 2442.929 1.248
06477500 2011 8 3 12 43200 -0.000 318.483 0 29.014 16.328 1544.746 1.558
06477500 2011 8 4 12 43200 0.557 244.760 0 33.567 20.109 1812.901 1.777
06477500 2011 8 5 12 43200 4.994 292.056 0 31.354 19.890 2301.901 1.593
06477500 2011 8 6 12 43200 4.069 307.933 0 30.694 22.416 2184.983 1.384
06477500 2011 8 7 12 43200 1.885 291.908 0 30.147 18.050 1889.597 1.577
06477500 2011 8 8 12 43200 28.061 232.183 0 28.630 20.051 2440.696 1.336
06477500 2011 8 9 12 43200 7.197 300.162 0 31.907 19.708 2249.989 1.651
06477500 2011 8 10 12 43200 0.930 303.865 0 32.007 18.974 1983.302 1.694
06479215 2011 8 1 12 43200 0.000 303.894 0 33.976 21.420 2783.568 1.620
06479215 2011 8 2 12 43200 0.934 145.253 0 29.015 22.447 2470.393 1.119
06479215 2011 8 3 12 43200 -0.000 323.288 0 27.035 14.286 1509.894 1.370
06479215 2011 8 4 12 43200 0.000 297.005 0 28.844 17.764 1749.010 1.369
06479215 2011 8 5 12 43200 0.000 302.091 0 27.986 17.575 2197.498 1.309
06479215 2011 8 6 12 43200 17.257 311.848 0 26.092 20.677 2285.216 0.959
06479215 2011 8 7 12 43200 0.000 296.627 0 25.662 15.775 1892.347 1.209
06479215 2011 8 8 12 43200 1.542 188.624 0 24.965 16.339 2119.991 1.127
06479215 2011 8 9 12 43200 6.353 295.120 0 28.351 18.453 2198.986 1.297
06479215 2011 8 10 12 43200 3.315 303.856 0 28.249 17.305 1982.087 1.342
06479438 2011 8 1 12 43200 0.000 304.187 0 34.334 21.734 2755.165 1.652
06479438 2011 8 2 12 43200 0.751 157.995 0 29.066 22.912 2472.314 1.101
06479438 2011 8 3 12 43200 -0.000 323.217 0 27.174 14.182 1504.171 1.398
06479438 2011 8 4 12 43200 0.000 298.250 0 29.281 17.602 1748.486 1.424
06479438 2011 8 5 12 43200 0.000 300.694 0 28.108 17.708 2202.912 1.326
06479438 2011 8 6 12 43200 17.674 311.664 0 26.514 20.572 2277.748 1.019
06479438 2011 8 7 12 43200 0.000 295.318 0 26.065 15.901 1890.070 1.247
06479438 2011 8 8 12 43200 2.023 193.919 0 25.351 16.555 2118.278 1.159
06479438 2011 8 9 12 43200 5.470 294.696 0 28.816 18.443 2188.519 1.349
06479438 2011 8 10 12 43200 2.895 302.833 0 28.626 17.424 1986.179 1.380
06601000 2011 8 1 12 43200 0.000 305.881 0 35.499 22.350 2943.884 1.986
06601000 2011 8 2 12 43200 1.021 289.382 0 32.628 25.501 2727.985 1.467
06601000 2011 8 3 12 43200 5.271 312.049 0 28.909 19.360 2371.364 1.512
06601000 2011 8 4 12 43200 0.267 303.457 0 32.238 18.380 2191.075 1.874
06601000 2011 8 5 12 43200 13.489 296.133 0 31.715 18.640 2289.622 1.815
06601000 2011 8 6 12 43200 1.755 300.766 0 34.093 20.395 2498.638 1.951
06601000 2011 8 7 12 43200 9.104 258.878 0 31.601 21.848 2753.878 1.626
06601000 2011 8 8 12 43200 14.645 274.394 0 30.125 22.054 2819.147 1.457
06601000 2011 8 9 12 43200 16.347 295.311 0 29.588 19.892 2579.741 1.546
06601000 2011 8 10 12 43200 -0.000 302.197 0 31.271 19.791 2423.408 1.715
06614800 2011 8 1 12 43200 5.117 247.543 0 20.672 9.815 1096.274 1.374
06614800 2011 8 2 12 43200 3.873 325.456 0 22.224 8.518 994.557 1.550
06614800 2011 8 3 12 43200 0.868 303.513 0 22.077 8.955 890.217 1.523
06614800 2011 8 4 12 43200 0.915 166.449 0 19.687 8.892 860.726 1.329
06614800 2011 8 5 12 43200 1.317 251.364 0 20.464 8.253 917.821 1.417
06614800 2011 8 6 12 43200 0.885 224.380 0 20.550 8.701 889.575 1.408
06614800 2011 8 7 12 43200 -0.000 272.825 0 21.107 8.579 835.038 1.458
06614800 2011 8 8 12 43200 0.463 293.791 0 21.102 7.932 687.941 1.479
06614800 2011 8 9 12 43200 0.252 327.985 0 22.962 7.386 622.421 1.642
06614800 2011 8 10 12 43200 0.000 337.671 0 24.373 8.052 490.024 1.736
06622700 2011 8 1 12 43200 0.731 323.528 0 24.681 12.857 1167.973 1.529
06622700 2011 8 2 12 43200 0.015 323.177 0 23.044 9.619 1015.386 1.517
06622700 2011 8 3 12 43200 0.000 332.359 0 25.841 11.173 639.928 1.690
06622700 2011 8 4 12 43200 0.507 220.712 0 22.666 10.853 922.898 1.441
06622700 2011 8 5 12 43200 1.146 250.427 0 24.727 11.241 979.739 1.596
06622700 2011 8 6 12 43200 1.209 231.078 0 24.925 11.648 949.833 1.598
06622700 2011 8 7 12 43200 0.279 283.236 0 24.827 11.783 787.768 1.584
06622700 2011 8 8 12 43200 0.175 316.318 0 23.930 10.634 625.482 1.553
06622700 2011 8 9 12 43200 0.000 331.430 0 25.942 10.935 551.306 1.706
06622700 2011 8 10 12 43200 0.000 333.607 0 27.081 11.601 460.082 1.777
06623800 2011 8 1 12 43200 1.516 318.844 0 21.879 10.082 1182.081 1.430
06623800 2011 8 2 12 43200 0.714 338.759 0 22.479 7.250 976.200 1.569
06623800 2011 8 3 12 43200 0.000 326.485 0 24.192 8.546 664.660 1.666
06623800 2011 8 4 12 43200 0.899 247.761 0 22.172 8.449 963.357 1.511
06623800 2011 8 5 12 43200 4.992 265.577 0 22.351 8.572 1015.275 1.521
06623800 2011 8 6 12 43200 0.500 235.851 0 22.797 9.164 969.578 1.537
06623800 2011 8 7 12 43200 0.302 259.046 0 22.734 9.072 853.412 1.535
06623800 2011 8 8 12 43200 0.501 293.592 0 22.251 7.770 684.981 1.537
06623800 2011 8 9 12 43200 0.000 333.248 0 24.473 7.976 585.468 1.704
06623800 2011 8 10 12 43200 0.000 336.875 0 25.723 8.463 494.911 1.788
06746095 2011 8 1 12 43200 7.492 249.589 0 20.567 9.467 1123.399 1.377
06746095 2011 8 2 12 43200 4.224 329.896 0 21.702 8.204 991.926 1.515
06746095 2011 8 3 12 43200 0.554 310.129 0 22.251 8.791 879.278 1.540
06746095 2011 8 4 12 43200 0.741 177.723 0 19.722 8.648 864.933 1.339
06746095 2011 8 5 12 43200 1.804 255.716 0 20.360 8.044 931.802 1.413
06746095 2011 8 6 12 43200 1.059 226.861 0 20.550 8.353 909.456 1.418
06746095 2011 8 7 12 43200 -0.000 273.956 0 21.177 8.301 848.478 1.470
06746095 2011 8 8 12 43200 0.428 297.839 0 20.963 7.514 700.295 1.478
06746095 2011 8 9 12 43200 0.113 330.684 0 22.857 7.108 628.788 1.638
06746095 2011 8 10 12 43200 0.000 337.715 0 24.234 7.565 502.167 1.734
06784000 2011 8 1 12 43200 0.000 320.090 0 36.929 25.486 2070.663 2.072
06784000 2011 8 2 12 43200 1.042 301.138 0 31.390 23.829 2188.986 1.556
06784000 2011 8 3 12 43200 1.048 304.145 0 30.398 18.647 2092.616 1.802
06784000 2011 8 4 12 43200 0.014 297.069 0 32.752 19.640 2020.360 1.982
06784000 2011 8 5 12 43200 1.845 309.431 0 31.908 19.331 2078.007 1.915
06784000 2011 8 6 12 43200 2.192 308.864 0 36.678 22.535 2047.757 2.225
06784000 2011 8 7 12 43200 11.017 293.507 0 33.339 19.707 2138.726 2.037
06784000 2011 8 8 12 43200 8.694 307.259 0 31.800 18.691 2140.146 1.937
06784000 2011 8 9 12 43200 9.245 296.297 0 33.516 20.307 2162.345 2.023
06784000 2011 8 10 12 43200 16.257 294.826 0 32.740 17.702 2118.554 2.074
06803510 2011 8 1 12 43200 0.000 315.125 0 37.883 23.250 2690.343 2.327
06803510 2011 8 2 12 43200 0.000 312.000 0 35.178 26.495 2437.618 1.803
06803510 2011 8 3 12 43200 0.000 291.000 0 31.293 22.050 2451.101 1.694
06803510 2011 8 4 12 43200 0.000 313.875 0 34.173 20.558 2212.874 2.089
06803510 2011 8 5 12 43200 0.000 307.750 0 34.250 21.175 2139.877 2.064
06803510 2011 8 6 12 43200 0.300 294.875 0 36.450 22.477 2270.040 2.219
06803510 2011 8 7 12 43200 0.230 294.625 0 37.633 23.075 2517.705 2.310
06803510 2011 8 8 12 43200 18.900 256.625 0 32.750 22.275 2643.254 1.839
06803510 2011 8 9 12 43200 1.300 248.375 0 32.872 21.082 2447.436 1.927
06803510 2011 8 10 12 43200 4.200 295.125 0 33.921 20.669 2345.606 2.058
06803530 2011 8 1 12 43200 0.000 315.065 0 37.863 23.147 2710.318 2.317
06803530 2011 8 2 12 43200 0.000 311.959 0 35.317 26.429 2444.960 1.815
06803530 2011 8 3 12 43200 0.018 292.121 0 31.247 22.043 2455.343 1.680
06803530 2011 8 4 12 43200 0.000 313.674 0 34.259 20.475 2212.020 2.090
06803530 2011 8 5 12 43200 0.053 306.742 0 34.306 21.168 2144.127 2.058
06803530 2011 8 6 12 43200 0.553 294.619 0 36.478 22.150 2280.032 2.227
06803530 2011 8 7 12 43200 0.447 293.885 0 37.493 23.008 2531.444 2.286
06803530 2011 8 8 12 43200 18.049 253.620 0 32.633 22.219 2638.937 1.819
06803530 2011 8 9 12 43200 1.408 243.347 0 32.855 21.054 2440.328 1.916
06803530 2011 8 10 12 43200 3.838 295.580 0 34.076 20.642 2344.248 2.063
06814000 2011 8 1 12 43200 0.000 317.221 0 36.214 23.785 2888.343 2.211
06814000 2011 8 2 12 43200 0.000 315.270 0 37.628 26.574 2409.840 2.182
06814000 2011 8 3 12 43200 0.000 282.883 0 30.661 23.413 2641.690 1.579
06814000 2011 8 4 12 43200 0.000 312.830 0 31.837 20.976 2426.464 1.905
06814000 2011 8 5 12 43200 0.000 307.493 0 32.332 21.071 2325.577 1.953
06814000 2011 8 6 12 43200 0.000 298.889 0 34.474 21.479 2460.519 2.161
06814000 2011 8 7 12 43200 0.000 293.017 0 33.766 23.066 2801.374 1.981
06814000 2011 8 8 12 43200 13.401 253.304 0 30.357 22.464 2818.837 1.624
06814000 2011 8 9 12 43200 0.000 273.099 0 32.823 21.471 2588.354 1.982
06814000 2011 8 10 12 43200 6.973 300.642 0 32.191 21.122 2528.981 1.935
06847900 2011 8 1 12 43200 0.000 320.390 0 39.650 26.590 1546.456 2.441
06847900 2011 8 2 12 43200 3.503 303.280 0 35.798 26.951 1765.694 1.937
06847900 2011 8 3 12 43200 1.394 184.090 0 29.081 21.201 2130.094 1.587
06847900 2011 8 4 12 43200 0.005 268.966 0 31.907 21.618 1917.198 1.885
06847900 2011 8 5 12 43200 0.000 306.325 0 35.089 19.033 1938.587 2.371
06847900 2011 8 6 12 43200 0.036 312.251 0 37.247 23.951 1721.281 2.336
06847900 2011 8 7 12 43200 1.025 312.437 0 37.053 20.661 1812.054 2.496
06847900 2011 8 8 12 43200 11.777 306.135 0 36.656 20.525 1915.577 2.461
06847900 2011 8 9 12 43200 6.363 304.985 0 36.042 19.708 1708.158 2.437
06847900 2011 8 10 12 43200 0.000 311.705 0 38.971 20.879 1572.402 2.685
06853800 2011 8 1 12 43200 0.608 318.006 0 39.781 25.765 2099.251 2.497
06853800 2011 8 2 12 43200 1.524 312.935 0 34.769 24.060 2059.676 2.031
06853800 2011 8 3 12 43200 0.000 302.143 0 31.525 21.931 2419.313 1.808
06853800 2011 8 4 12 43200 0.000 306.929 0 34.036 21.002 2077.877 2.146
06853800 2011 8 5 12 43200 0.000 301.373 0 33.958 19.690 1995.355 2.210
06853800 2011 8 6 12 43200 0.090 299.470 0 37.116 24.066 2168.700 2.300
06853800 2011 8 7 12 43200 0.000 304.827 0 37.260 23.133 2440.896 2.373
06853800 2011 8 8 12 43200 35.263 292.437 0 33.930 21.916 2426.513 2.080
06853800 2011 8 9 12 43200 6.413 290.218 0 34.429 21.887 2480.074 2.137
06853800 2011 8 10 12 43200 2.140 297.198 0 36.768 21.031 2357.332 2.434
06876700 2011 8 1 12 43200 0.672 316.426 0 40.820 26.112 1968.730 2.682
06876700 2011 8 2 12 43200 0.006 310.639 0 39.672 28.028 1796.547 2.405
06876700 2011 8 3 12 43200 0.433 248.705 0 31.559 24.243 2588.256 1.677
06876700 2011 8 4 12 43200 0.339 262.560 0 34.150 22.526 2145.191 2.135
06876700 2011 8 5 12 43200 0.091 277.404 0 34.395 21.168 2032.623 2.249
06876700 2011 8 6 12 43200 1.604 286.931 0 39.353 23.421 2177.914 2.673
06876700 2011 8 7 12 43200 0.002 304.584 0 39.540 24.726 2290.374 2.619
06876700 2011 8 8 12 43200 12.510 266.770 0 37.321 23.935 2339.415 2.410
06876700 2011 8 9 12 43200 7.842 288.259 0 37.103 23.404 2462.197 2.419
06876700 2011 8 10 12 43200 2.151 301.564 0 39.080 22.689 2318.942 2.682
06878000 2011 8 1 12 43200 0.000 307.418 0 41.270 27.546 2117.309 2.653
06878000 2011 8 2 12 43200 0.000 318.389 0 42.584 28.568 1704.323 2.744
06878000 2011 8 3 12 43200 0.000 259.139 0 31.343 24.444 2672.733 1.636
06878000 2011 8 4 12 43200 0.000 287.263 0 35.140 22.077 2183.586 2.288
06878000 2011 8 5 12 43200 1.051 227.716 0 34.090 22.050 2125.360 2.170
06878000 2011 8 6 12 43200 0.006 294.292 0 40.020 23.142 2112.203 2.775
06878000 2011 8 7 12 43200 0.000 303.284 0 39.932 24.184 2312.919 2.708
06878000 2011 8 8 12 43200 1.207 263.485 0 38.735 25.223 2460.970 2.504
06878000 2011 8 9 12 43200 4.366 286.092 0 37.555 22.923 2500.816 2.511
06878000 2011 8 10 12 43200 6.376 299.906 0 37.825 22.415 2252.267 2.570
06879650 2011 8 1 12 43200 0.000 296.500 0 40.683 26.084 2287.736 2.672
06879650 2011 8 2 12 43200 0.000 318.500 0 42.978 28.350 1587.391 2.800
06879650 2011 8 3 12 43200 0.000 258.875 0 32.293 24.650 2733.127 1.739
06879650 2011 8 4 12 43200 0.000 302.125 0 33.873 21.450 2311.315 2.177
06879650 2011 8 5 12 43200 14.000 291.250 0 33.750 22.575 2348.344 2.089
06879650 2011 8 6 12 43200 0.000 302.500 0 38.650 22.477 2265.337 2.650
06879650 2011 8 7 12 43200 0.400 285.750 0 37.233 24.808 2402.640 2.346
06879650 2011 8 8 12 43200 0.000 270.875 0 36.450 24.675 2461.895 2.261
06879650 2011 8 9 12 43200 5.500 262.250 0 36.172 22.482 2594.590 2.373
06879650 2011 8 10 12 43200 4.400 306.250 0 35.521 22.269 2342.099 2.312
06885500 2011 8 1 12 43200 0.000 317.135 0 37.228 24.191 2803.377 2.327
06885500 2011 8 2 12 43200 0.000 315.598 0 39.686 26.825 2238.605 2.439
06885500 2011 8 3 12 43200 0.016 283.044 0 30.776 23.649 2693.463 1.591
06885500 2011 8 4 12 43200 0.000 309.483 0 31.881 21.307 2445.253 1.910
06885500 2011 8 5 12 43200 0.000 307.901 0 32.921 21.423 2329.988 2.019
06885500 2011 8 6 12 43200 0.000 298.471 0 35.156 21.461 2419.682 2.262
06885500 2011 8 7 12 43200 0.000 289.333 0 34.269 23.375 2767.507 2.041
06885500 2011 8 8 12 43200 10.436 258.040 0 31.181 23.150 2822.602 1.687
06885500 2011 8 9 12 43200 1.983 280.257 0 32.998 21.875 2626.302 1.998
06885500 2011 8 10 12 43200 7.773 303.597 0 32.722 21.285 2523.165 2.006
06888500 2011 8 1 12 43200 0.000 291.280 0 40.122 25.631 2370.666 2.639
06888500 2011 8 2 12 43200 0.000 319.363 0 42.506 27.915 1636.834 2.776
06888500 2011 8 3 12 43200 0.000 251.933 0 31.872 24.580 2758.881 1.692
06888500 2011 8 4 12 43200 0.000 306.281 0 33.901 21.451 2343.439 2.184
06888500 2011 8 5 12 43200 13.353 290.042 0 33.393 22.882 2363.516 2.028
06888500 2011 8 6 12 43200 0.000 302.794 0 38.242 22.104 2308.415 2.629
06888500 2011 8 7 12 43200 0.222 280.565 0 36.905 24.595 2437.866 2.325
06888500 2011 8 8 12 43200 0.285 265.358 0 36.168 24.415 2465.741 2.250
06888500 2011 8 9 12 43200 6.399 260.157 0 35.455 22.374 2626.287 2.302
06888500 2011 8 10 12 43200 3.080 305.323 0 35.073 22.126 2368.822 2.274
06889200 2011 8 1 12 43200 0.000 317.863 0 37.603 24.132 2772.574 2.420
06889200 2011 8 2 12 43200 0.000 319.171 0 41.331 26.605 2104.525 2.700
06889200 2011 8 3 12 43200 0.052 295.963 0 31.241 24.299 2763.436 1.622
06889200 2011 8 4 12 43200 0.000 306.748 0 32.269 21.372 2479.576 1.988
06889200 2011 8 5 12 43200 0.459 307.586 0 33.177 22.058 2320.654 2.046
06889200 2011 8 6 12 43200 0.000 301.476 0 35.877 21.486 2426.367 2.384
06889200 2011 8 7 12 43200 0.000 260.905 0 34.953 23.863 2660.877 2.127
06889200 2011 8 8 12 43200 9.134 254.550 0 32.719 23.540 2759.783 1.880
06889200 2011 8 9 12 43200 2.307 267.484 0 33.468 22.203 2681.412 2.069
06889200 2011 8 10 12 43200 4.228 303.986 0 33.104 21.525 2516.265 2.073
06889500 2011 8 1 12 43200 0.000 317.418 0 37.859 24.269 2753.687 2.456
06889500 2011 8 2 12 43200 0.000 319.179 0 41.395 26.609 2074.843 2.723
06889500 2011 8 3 12 43200 0.027 298.931 0 31.476 24.417 2772.253 1.652
06889500 2011 8 4 12 43200 0.000 307.941 0 32.560 21.366 2481.719 2.034
06889500 2011 8 5 12 43200 0.793 302.506 0 33.213 22.360 2325.825 2.041
06889500 2011 8 6 12 43200 0.000 301.526 0 36.036 21.569 2428.513 2.411
06889500 2011 8 7 12 43200 0.000 247.091 0 35.268 24.161 2635.565 2.156
06889500 2011 8 8 12 43200 8.864 249.080 0 33.115 23.231 2738.939 1.965
06889500 2011 8 9 12 43200 2.234 262.924 0 33.684 22.313 2692.678 2.099
06889500 2011 8 10 12 43200 3.300 304.434 0 33.220 21.645 2509.487 2.091
06892000 2011 8 1 12 43200 0.000 319.005 0 36.338 24.180 2860.907 2.281
06892000 2011 8 2 12 43200 0.000 313.662 0 40.153 25.677 2295.407 2.634
06892000 2011 8 3 12 43200 0.000 306.822 0 30.796 24.404 2733.279 1.559
06892000 2011 8 4 12 43200 0.000 309.416 0 32.011 21.157 2542.692 1.983
06892000 2011 8 5 12 43200 0.184 291.107 0 32.365 21.659 2310.669 1.990
06892000 2011 8 6 12 43200 0.000 306.713 0 35.509 21.585 2449.279 2.350
06892000 2011 8 7 12 43200 0.032 207.722 0 34.047 23.733 2689.850 2.039
06892000 2011 8 8 12 43200 15.979 231.325 0 31.648 22.763 2791.190 1.821
06892000 2011 8 9 12 43200 1.058 244.908 0 32.052 22.508 2754.190 1.890
06892000 2011 8 10 12 43200 1.191 303.401 0 31.786 21.663 2564.357 1.922
06903400 2011 8 1 12 43200 0.000 318.941 0 32.559 21.976 2901.124 1.833
06903400 2011 8 2 12 43200 0.000 309.348 0 33.595 24.188 2791.801 1.793
06903400 2011 8 3 12 43200 0.048 194.389 0 27.332 22.560 2739.658 1.165
06903400 2011 8 4 12 43200 -0.000 312.951 0 29.572 19.582 2330.070 1.670
06903400 2011 8 5 12 43200 0.000 310.459 0 30.667 18.953 2125.405 1.819
06903400 2011 8 6 12 43200 0.000 309.312 0 31.107 20.243 2481.276 1.788
06903400 2011 8 7 12 43200 0.000 302.366 0 32.304 20.799 2558.421 1.879
06903400 2011 8 8 12 43200 24.754 132.311 0 26.245 21.531 2620.137 1.128
06903400 2011 8 9 12 43200 10.022 154.228 0 27.302 19.690 2522.746 1.419
06903400 2011 8 10 12 43200 -0.000 303.543 0 29.889 19.294 2406.898 1.720
06906800 2011 8 1 12 43200 0.000 320.960 0 36.068 23.998 2718.171 2.302
06906800 2011 8 2 12 43200 0.000 311.544 0 37.785 25.845 2546.572 2.379
06906800 2011 8 3 12 43200 0.111 294.079 0 31.891 26.767 2617.578 1.477
06906800 2011 8 4 12 43200 0.001 301.978 0 32.470 22.187 2724.972 1.999
06906800 2011 8 5 12 43200 4.324 161.271 0 28.870 21.473 2614.474 1.611
06906800 2011 8 6 12 43200 1.214 293.329 0 33.947 21.464 2617.683 2.222
06906800 2011 8 7 12 43200 0.000 303.447 0 36.410 23.697 2715.786 2.364
06906800 2011 8 8 12 43200 12.660 199.248 0 35.054 24.119 2910.246 2.170
06906800 2011 8 9 12 43200 11.986 237.817 0 30.780 22.226 2790.045 1.789
06906800 2011 8 10 12 43200 0.001 296.122 0 29.919 20.962 2529.494 1.785
06910800 2011 8 1 12 43200 0.000 272.127 0 39.869 25.913 2324.268 2.646
06910800 2011 8 2 12 43200 0.000 320.869 0 42.460 27.530 1608.089 2.856
06910800 2011 8 3 12 43200 0.000 258.869 0 32.428 24.689 2721.007 1.794
06910800 2011 8 4 12 43200 0.000 306.416 0 35.038 22.163 2315.515 2.316
06910800 2011 8 5 12 43200 9.580 250.609 0 33.362 23.169 2346.325 2.045
06910800 2011 8 6 12 43200 0.036 301.167 0 39.197 21.865 2267.620 2.805
06910800 2011 8 7 12 43200 0.000 257.352 0 37.972 24.246 2414.563 2.527
06910800 2011 8 8 12 43200 0.522 231.597 0 37.443 24.500 2354.205 2.447
06910800 2011 8 9 12 43200 12.001 257.428 0 35.493 23.075 2628.737 2.310
06910800 2011 8 10 12 43200 1.428 306.250 0 35.425 22.039 2361.619 2.369
06911900 2011 8 1 12 43200 0.000 283.701 0 39.745 25.658 2380.375 2.632
06911900 2011 8 2 12 43200 0.000 320.668 0 42.449 27.666 1654.954 2.828
06911900 2011 8 3 12 43200 0.000 271.610 0 32.242 24.655 2727.593 1.761
06911900 2011 8 4 12 43200 0.000 308.347 0 34.825 21.924 2336.744 2.293
06911900 2011 8 5 12 43200 10.467 264.480 0 33.381 22.932 2344.181 2.053
06911900 2011 8 6 12 43200 0.008 301.837 0 38.854 21.774 2314.723 2.754
06911900 2011 8 7 12 43200 0.000 248.906 0 37.272 24.408 2464.737 2.418
06911900 2011 8 8 12 43200 0.952 234.718 0 37.206 24.456 2409.872 2.407
06911900 2011 8 9 12 43200 12.430 256.949 0 35.270 22.968 2661.172 2.277
06911900 2011 8 10 12 43200 1.252 306.174 0 35.241 21.964 2375.631 2.338
06917000 2011 8 1 12 43200 0.000 274.862 0 38.487 26.651 2416.873 2.476
06917000 2011 8 2 12 43200 0.000 300.900 0 41.173 26.329 1950.451 2.841
06917000 2011 8 3 12 43200 0.000 306.052 0 35.841 25.088 2376.801 2.257
06917000 2011 8 4 12 43200 0.114 299.070 0 35.623 22.469 2562.843 2.419
06917000 2011 8 5 12 43200 16.272 213.912 0 31.395 23.323 2543.884 1.824
06917000 2011 8 6 12 43200 0.486 292.866 0 38.895 22.614 2421.932 2.794
06917000 2011 8 7 12 43200 0.000 306.687 0 41.387 24.032 2294.299 3.007
06917000 2011 8 8 12 43200 3.888 252.415 0 39.868 23.910 2352.721 2.834
06917000 2011 8 9 12 43200 6.822 285.563 0 36.943 23.675 2422.869 2.498
06917000 2011 8 10 12 43200 0.000 305.255 0 34.061 21.949 2447.997 2.268
06918460 2011 8 1 12 43200 0.659 251.642 0 33.846 25.554 2641.646 1.998
06918460 2011 8 2 12 43200 0.000 315.644 0 38.186 25.655 2318.892 2.577
06918460 2011 8 3 12 43200 0.000 312.426 0 35.713 28.432 2294.723 1.971
06918460 2011 8 4 12 43200 0.377 291.228 0 34.827 24.148 2865.308 2.257
06918460 2011 8 5 12 43200 4.044 202.988 0 34.217 22.954 2534.593 2.272
06918460 2011 8 6 12 43200 9.041 262.134 0 35.839 22.670 2559.001 2.494
06918460 2011 8 7 12 43200 0.000 306.752 0 38.903 24.374 2527.743 2.759
06918460 2011 8 8 12 43200 2.459 274.715 0 39.668 24.209 2519.320 2.863
06918460 2011 8 9 12 43200 9.554 253.845 0 34.433 24.841 2535.368 2.146
06918460 2011 8 10 12 43200 1.076 307.333 0 33.038 21.615 2482.098 2.223
06919500 2011 8 1 12 43200 0.128 248.687 0 35.475 25.961 2646.633 2.151
06919500 2011 8 2 12 43200 0.000 313.732 0 38.871 26.314 2298.089 2.571
06919500 2011 8 3 12 43200 0.000 309.146 0 35.446 28.269 2370.208 1.914
06919500 2011 8 4 12 43200 0.000 305.629 0 35.634 23.676 2742.280 2.356
06919500 2011 8 5 12 43200 5.338 193.341 0 33.791 23.254 2588.092 2.156
06919500 2011 8 6 12 43200 3.456 281.458 0 37.136 22.598 2547.470 2.610
06919500 2011 8 7 12 43200 0.000 306.574 0 39.598 24.801 2502.374 2.768
06919500 2011 8 8 12 43200 7.760 258.703 0 39.976 23.349 2484.275 2.901
06919500 2011 8 9 12 43200 10.908 283.453 0 35.999 24.056 2510.537 2.374
06919500 2011 8 10 12 43200 0.004 303.547 0 33.390 21.510 2478.807 2.234
06921070 2011 8 1 12 43200 2.567 313.829 0 33.913 24.775 2745.879 2.058
06921070 2011 8 2 12 43200 0.000 314.886 0 36.902 25.136 2483.710 2.422
06921070 2011 8 3 12 43200 0.000 311.368 0 34.710 27.324 2420.436 1.919
06921070 2011 8 4 12 43200 0.209 305.006 0 34.164 23.482 2795.560 2.199
06921070 2011 8 5 12 43200 6.448 210.650 0 32.756 22.881 2545.369 2.067
06921070 2011 8 6 12 43200 6.885 233.493 0 33.465 22.386 2651.247 2.195
06921070 2011 8 7 12 43200 0.000 303.913 0 37.013 23.859 2667.048 2.529
06921070 2011 8 8 12 43200 1.204 269.947 0 36.280 24.563 2702.052 2.386
06921070 2011 8 9 12 43200 18.758 247.692 0 31.556 22.388 2633.400 1.953
06921070 2011 8 10 12 43200 0.095 304.747 0 31.325 21.262 2506.413 2.014
06921200 2011 8 1 12 43200 1.808 314.343 0 34.307 24.611 2771.920 2.119
06921200 2011 8 2 12 43200 0.000 315.620 0 37.327 25.710 2477.161 2.426
06921200 2011 8 3 12 43200 0.000 310.024 0 34.901 27.842 2439.341 1.885
06921200 2011 8 4 12 43200 0.000 307.391 0 34.840 23.255 2709.092 2.296
06921200 2011 8 5 12 43200 7.809 202.947 0 32.234 22.794 2585.468 2.001
06921200 2011 8 6 12 43200 10.054 271.801 0 34.398 22.399 2644.522 2.302
06921200 2011 8 7 12 43200 0.000 303.572 0 37.333 24.291 2668.999 2.532
06921200 2011 8 8 12 43200 1.398 267.608 0 36.744 24.886 2695.322 2.414
06921200 2011 8 9 12 43200 15.260 256.367 0 32.881 22.387 2619.065 2.116
06921200 2011 8 10 12 43200 0.009 300.743 0 31.646 21.178 2481.208 2.054
06934000 2011 8 1 12 43200 0.356 316.216 0 35.015 23.798 2627.686 2.218
06934000 2011 8 2 12 43200 0.000 313.202 0 36.376 24.155 2562.049 2.359
06934000 2011 8 3 12 43200 0.004 310.106 0 34.445 26.427 2557.183 1.918
06934000 2011 8 4 12 43200 0.253 301.371 0 34.357 23.014 2750.254 2.195
06934000 2011 8 5 12 43200 2.302 264.274 0 33.657 22.481 2575.092 2.148
06934000 2011 8 6 12 43200 11.554 198.307 0 32.314 21.659 2630.979 2.046
06934000 2011 8 7 12 43200 0.097 300.956 0 37.257 23.033 2651.156 2.538
06934000 2011 8 8 12 43200 1.990 278.953 0 36.405 23.877 2755.168 2.382
06934000 2011 8 9 12 43200 42.821 240.755 0 32.150 22.191 2769.300 1.986
06934000 2011 8 10 12 43200 0.526 291.597 0 29.971 21.086 2533.172 1.805
07014500 2011 8 1 12 43200 0.003 318.480 0 36.637 23.435 2524.179 2.463
07014500 2011 8 2 12 43200 0.000 313.354 0 35.895 22.746 2516.911 2.420
07014500 2011 8 3 12 43200 0.000 309.843 0 34.938 26.101 2619.417 2.037
07014500 2011 8 4 12 43200 0.246 287.073 0 34.937 22.555 2694.381 2.318
07014500 2011 8 5 12 43200 0.800 302.913 0 34.739 21.811 2438.337 2.344
07014500 2011 8 6 12 43200 3.598 253.754 0 33.881 21.280 2467.357 2.278
07014500 2011 8 7 12 43200 0.003 301.549 0 37.645 22.670 2482.505 2.630
07014500 2011 8 8 12 43200 0.705 278.802 0 36.509 23.011 2455.576 2.476
07014500 2011 8 9 12 43200 59.573 206.279 0 32.084 21.913 2772.840 2.019
07014500 2011 8 10 12 43200 0.638 256.635 0 29.533 21.162 2543.131 1.761
07056000 2011 8 1 12 43200 5.220 220.508 0 35.122 24.414 2618.346 2.404
07056000 2011 8 2 12 43200 -0.000 301.879 0 36.486 23.464 2446.507 2.663
07056000 2011 8 3 12 43200 0.000 315.858 0 36.877 24.826 2324.966 2.611
07056000 2011 8 4 12 43200 1.058 299.464 0 38.586 23.508 2444.387 2.933
07056000 2011 8 5 12 43200 28.594 225.635 0 33.585 21.942 2740.244 2.396
07056000 2011 8 6 12 43200 15.401 237.648 0 32.461 23.039 2697.777 2.155
07056000 2011 8 7 12 43200 1.473 293.225 0 37.897 21.928 2548.752 2.945
07056000 2011 8 8 12 43200 0.084 229.926 0 35.781 23.872 2635.714 2.538
07056000 2011 8 9 12 43200 15.933 219.889 0 34.058 23.049 2723.691 2.372
07056000 2011 8 10 12 43200 19.221 306.689 0 32.184 20.519 2443.946 2.321
07057500 2011 8 1 12 43200 1.398 309.992 0 34.498 23.762 2658.625 2.316
07057500 2011 8 2 12 43200 0.000 308.835 0 36.742 23.446 2617.924 2.632
07057500 2011 8 3 12 43200 0.000 313.199 0 36.039 25.266 2557.714 2.398
07057500 2011 8 4 12 43200 1.364 279.884 0 35.469 24.201 2901.623 2.409
07057500 2011 8 5 12 43200 3.569 230.916 0 33.881 23.003 2722.366 2.295
07057500 2011 8 6 12 43200 33.071 114.012 0 29.103 22.248 2792.830 1.708
07057500 2011 8 7 12 43200 0.049 298.831 0 36.732 22.869 2714.817 2.671
07057500 2011 8 8 12 43200 1.366 292.935 0 36.172 23.615 2872.109 2.547
07057500 2011 8 9 12 43200 22.844 259.477 0 31.719 22.346 2793.657 2.063
07057500 2011 8 10 12 43200 1.233 307.972 0 30.790 22.197 2567.286 1.950
07060710 2011 8 1 12 43200 0.300 191.250 0 36.983 24.684 2685.028 2.635
07060710 2011 8 2 12 43200 0.000 253.625 0 36.950 24.195 2618.720 2.669
07060710 2011 8 3 12 43200 0.000 313.125 0 38.593 25.250 2468.189 2.809
07060710 2011 8 4 12 43200 1.400 262.250 0 39.250 25.050 2845.434 2.912
07060710 2011 8 5 12 43200 7.100 199.250 0 35.950 23.850 2901.671 2.561
07060710 2011 8 6 12 43200 33.600 146.500 0 30.597 23.970 3059.383 1.787
07060710 2011 8 7 12 43200 4.430 247.000 0 39.650 22.775 2792.132 3.112
07060710 2011 8 8 12 43200 1.200 279.875 0 37.350 24.275 2772.437 2.716
07060710 2011 8 9 12 43200 17.900 252.500 0 35.572 23.181 2932.403 2.562
07060710 2011 8 10 12 43200 8.200 303.875 0 33.121 21.769 2630.145 2.348
07066000 2011 8 1 12 43200 0.722 314.389 0 35.734 23.490 2651.332 2.448
07066000 2011 8 2 12 43200 0.000 311.040 0 35.743 22.701 2597.011 2.505
07066000 2011 8 3 12 43200 0.000 313.772 0 35.556 24.829 2606.769 2.320
07066000 2011 8 4 12 43200 0.042 299.206 0 35.758 23.757 2791.623 2.431
07066000 2011 8 5 12 43200 2.513 264.787 0 34.402 22.530 2666.673 2.349
07066000 2011 8 6 12 43200 25.677 148.361 0 30.344 21.771 2724.216 1.888
07066000 2011 8 7 12 43200 0.089 282.821 0 36.374 22.539 2706.931 2.593
07066000 2011 8 8 12 43200 2.026 283.503 0 35.525 22.765 2696.520 2.473
07066000 2011 8 9 12 43200 28.687 248.614 0 32.400 22.504 2783.302 2.096
07066000 2011 8 10 12 43200 1.478 307.097 0 30.393 21.902 2537.356 1.883
07067000 2011 8 1 12 43200 0.272 315.821 0 36.325 23.507 2633.026 2.538
07067000 2011 8 2 12 43200 0.000 312.271 0 35.568 22.355 2566.925 2.523
07067000 2011 8 3 12 43200 0.000 313.141 0 35.858 24.862 2615.106 2.373
07067000 2011 8 4 12 43200 0.015 302.756 0 35.839 23.518 2762.506 2.475
07067000 2011 8 5 12 43200 2.247 273.919 0 34.859 22.340 2619.013 2.436
07067000 2011 8 6 12 43200 22.539 180.729 0 31.039 21.684 2689.115 1.999
07067000 2011 8 7 12 43200 0.052 284.959 0 36.745 22.472 2671.431 2.660
07067000 2011 8 8 12 43200 1.256 284.801 0 36.128 22.731 2585.559 2.567
07067000 2011 8 9 12 43200 25.504 240.443 0 32.798 22.557 2767.658 2.157
07067000 2011 8 10 12 43200 1.873 298.592 0 30.215 21.712 2544.652 1.888
07068000 2011 8 1 12 43200 0.226 315.330 0 36.168 23.632 2657.909 2.545
07068000 2011 8 2 12 43200 0.000 312.681 0 35.394 22.288 2563.964 2.542
07068000 2011 8 3 12 43200 0.000 312.937 0 36.237 24.872 2621.004 2.458
07068000 2011 8 4 12 43200 0.017 300.156 0 36.195 23.774 2784.263 2.538
07068000 2011 8 5 12 43200 3.265 272.331 0 35.028 22.475 2655.690 2.483
07068000 2011 8 6 12 43200 24.775 180.584 0 30.917 21.744 2704.370 2.007
07068000 2011 8 7 12 43200 0.042 281.016 0 36.395 22.503 2681.142 2.653
07068000 2011 8 8 12 43200 1.030 287.434 0 36.048 22.797 2583.101 2.589
07068000 2011 8 9 12 43200 23.894 239.746 0 32.963 22.652 2771.688 2.203
07068000 2011 8 10 12 43200 2.964 300.118 0 30.319 21.869 2564.752 1.916
07071500 2011 8 1 12 43200 0.817 312.321 0 34.912 23.770 2714.515 2.368
07071500 2011 8 2 12 43200 0.000 309.854 0 35.367 22.781 2623.514 2.501
07071500 2011 8 3 12 43200 0.000 313.559 0 36.774 24.549 2638.501 2.553
07071500 2011 8 4 12 43200 0.079 280.033 0 36.521 24.431 2867.486 2.528
07071500 2011 8 5 12 43200 6.997 253.641 0 34.163 22.946 2775.606 2.334
07071500 2011 8 6 12 43200 28.754 132.770 0 29.348 22.029 2751.293 1.764
07071500 2011 8 7 12 43200 0.057 276.760 0 35.094 22.718 2754.392 2.471
07071500 2011 8 8 12 43200 1.278 287.398 0 35.113 23.016 2728.645 2.452
07071500 2011 8 9 12 43200 28.314 237.794 0 33.214 22.875 2796.015 2.215
07071500 2011 8 10 12 43200 3.684 308.312 0 30.711 22.395 2581.590 1.919
07083000 2011 8 1 12 43200 7.906 263.349 0 17.644 6.531 1002.668 1.330
07083000 2011 8 2 12 43200 1.753 246.290 0 19.396 6.212 922.321 1.484
07083000 2011 8 3 12 43200 8.843 228.870 0 16.569 8.135 947.158 1.169
07083000 2011 8 4 12 43200 3.518 230.554 0 19.117 6.443 836.163 1.454
07083000 2011 8 5 12 43200 17.698 207.965 0 16.612 6.796 944.132 1.233
07083000 2011 8 6 12 43200 3.999 259.078 0 18.327 6.486 834.382 1.388
07083000 2011 8 7 12 43200 2.125 263.253 0 17.379 6.236 800.791 1.319
07083000 2011 8 8 12 43200 3.560 318.390 0 18.227 5.490 689.373 1.412
07083000 2011 8 9 12 43200 0.000 338.952 0 20.011 5.635 487.642 1.550
07083000 2011 8 10 12 43200 0.000 341.202 0 21.997 5.884 427.970 1.703
07142300 2011 8 1 12 43200 0.019 323.909 0 40.609 27.853 1440.714 2.676
07142300 2011 8 2 12 43200 0.000 304.205 0 41.877 26.638 1120.481 2.926
07142300 2011 8 3 12 43200 0.156 230.427 0 34.881 24.224 2304.544 2.216
07142300 2011 8 4 12 43200 13.428 206.251 0 34.774 22.347 2198.423 2.340
07142300 2011 8 5 12 43200 28.508 141.922 0 29.836 20.864 2376.454 1.845
07142300 2011 8 6 12 43200 0.666 304.809 0 37.944 22.636 2047.364 2.699
07142300 2011 8 7 12 43200 0.092 300.906 0 39.778 25.424 1774.571 2.745
07142300 2011 8 8 12 43200 0.302 273.800 0 39.035 25.619 1944.453 2.639
07142300 2011 8 9 12 43200 2.750 300.497 0 38.511 21.421 1871.584 2.831
07142300 2011 8 10 12 43200 0.000 309.527 0 40.341 23.551 1835.884 2.928
07145700 2011 8 1 12 43200 0.000 312.667 0 41.002 29.239 1744.610 2.682
07145700 2011 8 2 12 43200 0.000 322.470 0 42.720 27.660 1406.835 3.039
07145700 2011 8 3 12 43200 0.866 287.365 0 38.926 26.807 2200.747 2.601
07145700 2011 8 4 12 43200 3.555 292.866 0 39.067 24.949 2470.438 2.757
07145700 2011 8 5 12 43200 42.211 143.977 0 31.170 23.391 2489.542 1.844
07145700 2011 8 6 12 43200 0.000 265.697 0 39.734 25.444 2070.021 2.808
07145700 2011 8 7 12 43200 0.003 310.317 0 41.695 26.917 1659.830 2.958
07145700 2011 8 8 12 43200 0.000 251.201 0 39.558 28.069 1968.017 2.582
07145700 2011 8 9 12 43200 1.001 285.577 0 40.587 24.706 2125.055 2.964
07145700 2011 8 10 12 43200 0.178 302.740 0 39.681 24.841 2165.636 2.842
07148400 2011 8 1 12 43200 0.020 317.257 0 41.230 29.748 1493.554 2.716
07148400 2011 8 2 12 43200 0.000 314.366 0 42.960 27.604 1159.935 3.128
07148400 2011 8 3 12 43200 0.117 262.616 0 36.698 25.978 2135.263 2.410
07148400 2011 8 4 12 43200 6.235 268.060 0 38.952 24.650 2320.997 2.811
07148400 2011 8 5 12 43200 5.232 114.861 0 31.034 22.700 2337.394 1.923
07148400 2011 8 6 12 43200 0.034 298.087 0 41.735 23.774 1890.103 3.214
07148400 2011 8 7 12 43200 0.416 305.778 0 42.306 26.632 1635.906 3.109
07148400 2011 8 8 12 43200 0.155 285.125 0 41.439 27.974 1872.266 2.895
07148400 2011 8 9 12 43200 1.645 302.453 0 41.162 24.031 1861.290 3.128
07148400 2011 8 10 12 43200 0.000 304.969 0 41.752 25.145 1743.455 3.135
07149000 2011 8 1 12 43200 0.000 320.717 0 40.759 28.542 1530.954 2.731
07149000 2011 8 2 12 43200 0.000 313.667 0 42.608 27.326 1181.341 3.073
07149000 2011 8 3 12 43200 0.000 250.193 0 36.344 25.531 2239.978 2.378
07149000 2011 8 4 12 43200 13.934 267.782 0 37.224 24.077 2338.565 2.606
07149000 2011 8 5 12 43200 24.582 89.348 0 28.618 22.090 2436.970 1.627
07149000 2011 8 6 12 43200 0.093 300.818 0 39.809 23.293 1984.965 2.978
07149000 2011 8 7 12 43200 0.166 310.484 0 40.616 26.552 1755.398 2.867
07149000 2011 8 8 12 43200 0.000 278.809 0 39.644 27.759 2018.277 2.642
07149000 2011 8 9 12 43200 2.657 306.856 0 39.278 23.246 2021.058 2.916
07149000 2011 8 10 12 43200 0.000 307.958 0 40.465 24.929 1904.235 2.959
07151500 2011 8 1 12 43200 0.000 315.423 0 40.619 28.850 1685.193 2.675
07151500 2011 8 2 12 43200 0.000 320.147 0 42.570 28.032 1333.522 3.007
07151500 2011 8 3 12 43200 0.672 279.387 0 37.584 26.522 2240.667 2.455
07151500 2011 8 4 12 43200 6.576 291.826 0 38.196 24.741 2425.902 2.674
07151500 2011 8 5 12 43200 40.567 104.834 0 28.877 23.173 2486.007 1.540
07151500 2011 8 6 12 43200 0.000 289.106 0 39.485 24.451 2047.518 2.857
07151500 2011 8 7 12 43200 0.108 311.752 0 40.915 27.262 1720.419 2.844
07151500 2011 8 8 12 43200 0.000 261.946 0 39.063 28.102 2087.382 2.522
07151500 2011 8 9 12 43200 1.921 305.233 0 39.815 24.269 2136.796 2.909
07151500 2011 8 10 12 43200 0.008 307.416 0 39.312 25.386 2102.509 2.771
07167500 2011 8 1 12 43200 0.000 275.756 0 39.712 27.786 1871.985 2.579
07167500 2011 8 2 12 43200 0.000 320.778 0 42.750 27.150 1521.350 3.022
07167500 2011 8 3 12 43200 0.005 270.939 0 37.223 25.129 2395.457 2.461
07167500 2011 8 4 12 43200 1.549 299.927 0 37.037 23.810 2401.009 2.533
07167500 2011 8 5 12 43200 10.198 237.477 0 34.832 23.107 2420.180 2.309
07167500 2011 8 6 12 43200 0.000 305.369 0 41.072 23.361 2096.311 3.045
07167500 2011 8 7 12 43200 0.000 304.360 0 42.370 23.653 1945.754 3.183
07167500 2011 8 8 12 43200 0.220 200.091 0 40.210 26.581 1931.998 2.737
07167500 2011 8 9 12 43200 7.104 246.084 0 38.206 21.872 2218.872 2.791
07167500 2011 8 10 12 43200 1.709 304.431 0 36.763 22.841 2331.402 2.563
07180500 2011 8 1 12 43200 0.044 260.249 0 40.503 28.686 1824.504 2.560
07180500 2011 8 2 12 43200 0.000 321.129 0 43.091 27.163 1433.641 3.004
07180500 2011 8 3 12 43200 0.000 286.096 0 36.373 25.165 2535.693 2.302
07180500 2011 8 4 12 43200 3.267 259.801 0 34.939 23.668 2267.203 2.236
07180500 2011 8 5 12 43200 7.211 206.660 0 35.004 22.566 2310.941 2.322
07180500 2011 8 6 12 43200 0.000 294.197 0 40.874 23.031 2070.083 2.979
07180500 2011 8 7 12 43200 0.101 289.007 0 43.076 24.283 1799.919 3.169
07180500 2011 8 8 12 43200 0.000 187.961 0 38.875 25.700 2051.662 2.578
07180500 2011 8 9 12 43200 3.568 201.267 0 36.914 23.449 2257.253 2.492
07180500 2011 8 10 12 43200 4.477 300.645 0 37.772 22.830 2253.811 2.632
07184000 2011 8 1 12 43200 0.000 270.146 0 39.762 28.144 2166.573 2.601
07184000 2011 8 2 12 43200 0.000 306.080 0 41.896 26.096 1886.402 3.035
07184000 2011 8 3 12 43200 0.000 309.108 0 38.116 26.696 2159.824 2.498
07184000 2011 8 4 12 43200 0.308 301.117 0 38.031 24.387 2657.844 2.662
07184000 2011 8 5 12 43200 13.635 219.392 0 35.557 23.816 2486.358 2.389
07184000 2011 8 6 12 43200 0.328 269.341 0 40.309 23.653 2326.976 2.989
07184000 2011 8 7 12 43200 0.000 305.256 0 42.157 24.720 2189.226 3.153
07184000 2011 8 8 12 43200 1.347 282.006 0 41.294 25.107 2264.659 3.023
07184000 2011 8 9 12 43200 1.793 243.727 0 37.873 24.411 2395.514 2.640
07184000 2011 8 10 12 43200 0.214 302.054 0 35.810 22.658 2398.273 2.503
07195800 2011 8 1 12 43200 4.120 252.695 0 37.138 24.395 2426.522 2.652
07195800 2011 8 2 12 43200 0.000 316.755 0 39.554 24.798 2107.790 2.941
07195800 2011 8 3 12 43200 0.000 317.112 0 41.721 26.329 1918.474 3.120
07195800 2011 8 4 12 43200 2.431 279.207 0 40.000 24.029 2400.387 3.049
07195800 2011 8 5 12 43200 11.248 167.666 0 36.757 24.044 2581.735 2.628
07195800 2011 8 6 12 43200 2.096 240.203 0 36.550 23.699 2460.910 2.627
07195800 2011 8 7 12 43200 0.000 283.060 0 39.871 24.357 2356.167 3.011
07195800 2011 8 8 12 43200 4.945 174.400 0 35.205 26.882 2357.481 2.156
07195800 2011 8 9 12 43200 11.691 263.350 0 39.131 23.469 2508.760 2.974
07195800 2011 8 10 12 43200 6.855 304.237 0 35.059 21.548 2310.387 2.586
07196900 2011 8 1 12 43200 4.421 163.128 0 34.970 23.772 2612.749 2.446
07196900 2011 8 2 12 43200 0.000 314.877 0 38.674 24.110 2223.105 2.915
07196900 2011 8 3 12 43200 0.000 316.664 0 40.735 25.174 2008.372 3.113
07196900 2011 8 4 12 43200 0.396 296.841 0 41.713 24.547 2089.220 3.282
07196900 2011 8 5 12 43200 4.493 205.342 0 38.019 25.780 2560.718 2.701
07196900 2011 8 6 12 43200 7.538 188.718 0 33.774 23.129 2590.551 2.336
07196900 2011 8 7 12 43200 0.000 271.184 0 38.290 24.100 2476.424 2.865
07196900 2011 8 8 12 43200 0.717 121.078 0 34.008 25.683 2385.411 2.131
07196900 2011 8 9 12 43200 7.400 277.902 0 40.011 24.017 2454.560 3.095
07196900 2011 8 10 12 43200 7.148 304.068 0 35.463 21.156 2292.845 2.700
07197000 2011 8 1 12 43200 3.633 181.609 0 35.774 23.920 2567.645 2.539
07197000 2011 8 2 12 43200 0.000 315.847 0 39.312 24.401 2179.204 2.974
07197000 2011 8 3 12 43200 0.000 316.814 0 41.363 25.432 1964.362 3.174
07197000 2011 8 4 12 43200 0.409 297.154 0 41.920 24.833 2089.259 3.286
07197000 2011 8 5 12 43200 7.993 207.251 0 38.308 25.940 2572.894 2.724
07197000 2011 8 6 12 43200 6.227 181.287 0 34.103 23.325 2577.793 2.361
07197000 2011 8 7 12 43200 0.000 279.210 0 39.186 24.375 2454.496 2.959
07197000 2011 8 8 12 43200 0.342 112.166 0 34.574 26.217 2364.641 2.158
07197000 2011 8 9 12 43200 5.547 278.161 0 40.481 24.390 2436.571 3.127
07197000 2011 8 10 12 43200 6.278 303.641 0 35.928 21.544 2276.967 2.729
07208500 2011 8 1 12 43200 16.102 283.823 0 22.356 12.512 1319.213 1.662
07208500 2011 8 2 12 43200 3.795 202.597 0 24.071 12.923 1248.845 1.824
07208500 2011 8 3 12 43200 9.752 189.992 0 23.825 12.445 1258.097 1.824
07208500 2011 8 4 12 43200 2.504 232.602 0 24.240 11.983 1211.985 1.891
07208500 2011 8 5 12 43200 2.543 207.233 0 24.654 12.641 1192.940 1.901
07208500 2011 8 6 12 43200 6.788 217.162 0 24.850 12.138 1181.843 1.947
07208500 2011 8 7 12 43200 0.703 192.590 0 23.937 12.861 1050.410 1.813
07208500 2011 8 8 12 43200 0.095 323.599 0 26.340 12.559 971.604 2.083
07208500 2011 8 9 12 43200 0.000 334.525 0 27.653 11.885 659.442 2.248
07208500 2011 8 10 12 43200 0.000 340.132 0 29.004 12.905 514.281 2.346
07226500 2011 8 1 12 43200 0.645 319.954 0 32.303 21.119 1407.746 2.339
07226500 2011 8 2 12 43200 0.080 322.516 0 32.806 20.815 1252.914 2.428
07226500 2011 8 3 12 43200 4.653 253.346 0 29.417 19.713 1595.449 2.069
07226500 2011 8 4 12 43200 8.100 290.001 0 30.969 19.741 1611.318 2.269
07226500 2011 8 5 12 43200 6.169 280.860 0 32.177 20.300 1501.201 2.384
07226500 2011 8 6 12 43200 2.153 306.597 0 32.766 19.930 1355.321 2.485
07226500 2011 8 7 12 43200 1.746 290.752 0 33.395 20.487 1238.960 2.527
07226500 2011 8 8 12 43200 0.503 272.850 0 33.913 20.794 1119.310 2.571
07226500 2011 8 9 12 43200 0.033 318.643 0 34.341 19.880 943.606 2.685
07226500 2011 8 10 12 43200 0.000 329.353 0 36.441 20.653 728.419 2.899
07261000 2011 8 1 12 43200 4.516 147.082 0 32.806 24.825 2865.458 2.084
07261000 2011 8 2 12 43200 0.066 294.546 0 35.872 24.807 2743.758 2.538
07261000 2011 8 3 12 43200 0.000 313.027 0 37.799 24.762 2638.065 2.812
07261000 2011 8 4 12 43200 0.210 291.715 0 40.253 25.096 2533.326 3.122
07261000 2011 8 5 12 43200 2.186 114.750 0 30.668 24.978 3095.147 1.721
07261000 2011 8 6 12 43200 31.023 213.303 0 30.454 24.188 3018.500 1.785
07261000 2011 8 7 12 43200 6.899 241.287 0 35.445 23.007 2877.072 2.626
07261000 2011 8 8 12 43200 3.225 260.029 0 37.222 23.770 2813.312 2.808
07261000 2011 8 9 12 43200 13.712 178.073 0 35.563 24.606 2882.459 2.512
07261000 2011 8 10 12 43200 11.496 306.399 0 33.710 22.068 2655.208 2.465
07263295 2011 8 1 12 43200 12.547 245.928 0 37.860 24.512 2972.431 2.883
07263295 2011 8 2 12 43200 0.000 261.073 0 38.247 25.499 2751.098 2.859
07263295 2011 8 3 12 43200 0.000 313.204 0 38.935 25.484 2567.217 2.958
07263295 2011 8 4 12 43200 0.000 302.068 0 41.513 25.184 2317.544 3.337
07263295 2011 8 5 12 43200 0.559 266.591 0 37.356 25.850 2640.550 2.701
07263295 2011 8 6 12 43200 20.217 140.239 0 28.644 24.327 2905.627 1.476
07263295 2011 8 7 12 43200 0.000 300.518 0 37.286 22.945 2765.075 2.920
07263295 2011 8 8 12 43200 0.207 253.949 0 37.957 24.254 2632.346 2.916
07263295 2011 8 9 12 43200 12.606 237.151 0 37.565 24.666 2759.172 2.830
07263295 2011 8 10 12 43200 32.044 306.800 0 35.638 20.842 2533.183 2.845
07290650 2011 8 1 12 43200 15.982 301.446 0 33.883 23.686 3071.839 2.638
07290650 2011 8 2 12 43200 0.238 316.643 0 34.315 24.773 2877.044 2.595
07290650 2011 8 3 12 43200 0.000 320.609 0 35.595 24.176 2817.884 2.860
07290650 2011 8 4 12 43200 0.000 317.206 0 36.003 24.153 2778.858 2.926
07290650 2011 8 5 12 43200 0.124 257.337 0 36.532 24.245 2753.532 3.000
07290650 2011 8 6 12 43200 30.991 165.298 0 29.283 23.233 2899.518 1.917
07290650 2011 8 7 12 43200 26.970 250.430 0 32.762 20.907 2757.756 2.720
07290650 2011 8 8 12 43200 14.475 148.721 0 29.367 23.242 3001.688 1.931
07290650 2011 8 9 12 43200 0.000 310.343 0 33.137 23.170 2934.062 2.571
07290650 2011 8 10 12 43200 0.001 311.334 0 32.496 22.981 2932.591 2.488
07291000 2011 8 1 12 43200 9.390 290.286 0 33.923 23.352 2998.411 2.722
07291000 2011 8 2 12 43200 0.942 305.170 0 34.647 24.575 2899.420 2.715
07291000 2011 8 3 12 43200 0.000 315.981 0 36.322 24.286 2807.163 3.013
07291000 2011 8 4 12 43200 0.035 316.911 0 36.154 24.130 2751.298 3.001
07291000 2011 8 5 12 43200 0.000 275.727 0 36.646 24.297 2734.677 3.063
07291000 2011 8 6 12 43200 29.071 141.971 0 29.447 23.506 2957.100 1.941
07291000 2011 8 7 12 43200 36.756 232.375 0 32.522 21.136 2772.011 2.710
07291000 2011 8 8 12 43200 6.619 124.623 0 28.751 22.907 2943.985 1.896
07291000 2011 8 9 12 43200 0.000 311.401 0 33.124 23.132 2905.951 2.616
07291000 2011 8 10 12 43200 0.000 311.560 0 32.323 22.565 2901.091 2.545
07292500 2011 8 1 12 43200 6.535 288.590 0 33.858 23.231 2951.746 2.739
07292500 2011 8 2 12 43200 1.019 281.963 0 34.945 24.498 2932.527 2.788
07292500 2011 8 3 12 43200 0.044 312.911 0 36.335 24.392 2837.610 3.023
07292500 2011 8 4 12 43200 0.058 305.992 0 35.950 24.224 2762.792 2.977
07292500 2011 8 5 12 43200 0.020 280.631 0 36.466 24.231 2742.808 3.058
07292500 2011 8 6 12 43200 27.944 131.347 0 29.366 23.818 2989.316 1.892
07292500 2011 8 7 12 43200 35.832 213.678 0 32.047 21.460 2788.059 2.623
07292500 2011 8 8 12 43200 3.219 138.366 0 29.777 22.882 2923.068 2.096
07292500 2011 8 9 12 43200 0.000 307.150 0 32.987 23.143 2900.670 2.607
07292500 2011 8 10 12 43200 0.004 311.848 0 32.287 22.386 2892.809 2.572
07295000 2011 8 1 12 43200 5.363 294.715 0 34.325 23.582 2940.158 2.788
07295000 2011 8 2 12 43200 1.181 242.482 0 36.023 24.737 3006.270 2.948
07295000 2011 8 3 12 43200 0.301 308.490 0 36.317 24.659 2966.276 3.004
07295000 2011 8 4 12 43200 0.200 262.481 0 35.499 24.330 2864.353 2.904
07295000 2011 8 5 12 43200 0.541 288.569 0 36.462 23.958 2785.311 3.092
07295000 2011 8 6 12 43200 23.199 110.985 0 28.346 24.532 3054.164 1.568
07295000 2011 8 7 12 43200 13.777 162.640 0 30.410 22.217 2848.429 2.291
07295000 2011 8 8 12 43200 0.468 186.518 0 31.673 23.422 2957.902 2.366
07295000 2011 8 9 12 43200 0.000 293.423 0 32.530 23.215 2936.084 2.533
07295000 2011 8 10 12 43200 0.000 311.984 0 32.378 22.339 2916.452 2.599
07299670 2011 8 1 12 43200 0.000 321.812 0 39.615 27.229 1508.983 2.966
07299670 2011 8 2 12 43200 0.000 326.643 0 40.503 26.071 1281.140 3.192
07299670 2011 8 3 12 43200 0.000 324.082 0 41.652 25.716 1247.862 3.382
07299670 2011 8 4 12 43200 0.000 275.370 0 41.239 27.026 1409.261 3.223
07299670 2011 8 5 12 43200 0.000 307.025 0 43.031 26.652 1261.346 3.510
07299670 2011 8 6 12 43200 0.000 212.690 0 43.496 28.657 1236.202 3.423
07299670 2011 8 7 12 43200 0.159 190.207 0 44.168 30.031 1154.446 3.408
07299670 2011 8 8 12 43200 0.543 261.534 0 44.777 26.819 1290.235 3.745
07299670 2011 8 9 12 43200 0.169 289.250 0 44.487 24.509 1520.120 3.850
07299670 2011 8 10 12 43200 0.000 305.723 0 44.812 26.992 1547.977 3.738
07301410 2011 8 1 12 43200 0.000 324.656 0 38.149 25.640 1381.356 2.772
07301410 2011 8 2 12 43200 0.000 328.675 0 38.950 24.056 1177.816 3.000
07301410 2011 8 3 12 43200 0.000 328.177 0 39.414 23.536 1027.631 3.096
07301410 2011 8 4 12 43200 0.000 276.840 0 39.436 22.751 1573.449 3.148
07301410 2011 8 5 12 43200 0.007 269.723 0 39.766 21.039 1586.614 3.285
07301410 2011 8 6 12 43200 0.000 262.901 0 40.588 21.194 1350.110 3.379
07301410 2011 8 7 12 43200 0.524 184.872 0 41.227 27.555 1190.811 3.051
07301410 2011 8 8 12 43200 0.575 238.254 0 41.134 23.994 1409.353 3.291
07301410 2011 8 9 12 43200 4.541 267.141 0 41.170 24.388 1464.076 3.271
07301410 2011 8 10 12 43200 0.000 262.019 0 41.546 23.332 1348.491 3.384
07301500 2011 8 1 12 43200 0.024 323.380 0 38.099 25.386 1376.163 2.817
07301500 2011 8 2 12 43200 0.000 328.218 0 38.851 24.358 1171.052 2.999
07301500 2011 8 3 12 43200 0.000 326.206 0 39.549 23.697 1004.701 3.138
07301500 2011 8 4 12 43200 0.021 272.361 0 38.973 22.454 1462.232 3.142
07301500 2011 8 5 12 43200 0.059 267.265 0 39.809 21.672 1522.727 3.294
07301500 2011 8 6 12 43200 0.000 254.328 0 40.436 23.065 1345.234 3.294
07301500 2011 8 7 12 43200 0.490 184.159 0 41.157 26.865 1178.025 3.131
07301500 2011 8 8 12 43200 0.686 248.126 0 41.137 24.276 1382.085 3.311
07301500 2011 8 9 12 43200 2.104 274.712 0 41.228 24.202 1400.122 3.327
07301500 2011 8 10 12 43200 0.000 269.125 0 41.696 23.111 1341.872 3.454
07315200 2011 8 1 12 43200 0.110 314.842 0 38.931 27.622 1737.183 2.880
07315200 2011 8 2 12 43200 0.000 318.161 0 41.172 27.358 1547.489 3.247
07315200 2011 8 3 12 43200 0.000 315.585 0 41.914 27.890 1709.678 3.314
07315200 2011 8 4 12 43200 0.000 297.011 0 43.183 27.731 1601.894 3.517
07315200 2011 8 5 12 43200 0.000 313.702 0 43.901 26.672 1573.690 3.701
07315200 2011 8 6 12 43200 0.038 284.903 0 44.024 29.538 1636.787 3.495
07315200 2011 8 7 12 43200 1.133 193.452 0 44.867 29.256 1338.242 3.648
07315200 2011 8 8 12 43200 0.054 179.607 0 44.946 30.875 1548.565 3.519
07315200 2011 8 9 12 43200 0.221 263.519 0 44.776 25.659 1673.048 3.894
07315200 2011 8 10 12 43200 0.319 305.827 0 43.329 26.115 1931.601 3.659
07315700 2011 8 1 12 43200 0.361 314.097 0 39.546 27.790 1806.222 2.940
07315700 2011 8 2 12 43200 0.000 318.494 0 41.546 26.997 1550.360 3.311
07315700 2011 8 3 12 43200 0.000 315.863 0 42.228 28.136 1681.577 3.318
07315700 2011 8 4 12 43200 0.000 284.534 0 43.424 29.421 1619.236 3.390
07315700 2011 8 5 12 43200 0.000 295.278 0 43.629 26.027 1635.845 3.683
07315700 2011 8 6 12 43200 0.000 290.498 0 44.543 30.333 1658.370 3.482
07315700 2011 8 7 12 43200 1.133 185.547 0 45.799 28.710 1437.371 3.805
07315700 2011 8 8 12 43200 0.769 191.268 0 44.603 31.104 1553.153 3.420
07315700 2011 8 9 12 43200 0.496 266.536 0 43.583 26.070 1708.555 3.673
07315700 2011 8 10 12 43200 1.237 302.682 0 42.881 25.874 1942.519 3.587
07335700 2011 8 1 12 43200 3.147 246.152 0 38.493 23.613 2603.696 3.062
07335700 2011 8 2 12 43200 0.000 319.857 0 38.264 24.722 2319.577 2.949
07335700 2011 8 3 12 43200 0.000 319.536 0 38.108 24.508 2271.592 2.943
07335700 2011 8 4 12 43200 0.000 284.414 0 39.886 24.022 2122.904 3.223
07335700 2011 8 5 12 43200 1.259 266.990 0 40.124 25.350 2309.285 3.161
07335700 2011 8 6 12 43200 41.286 111.854 0 30.276 23.364 2707.490 1.898
07335700 2011 8 7 12 43200 -0.000 237.704 0 36.763 22.937 2573.066 2.875
07335700 2011 8 8 12 43200 1.729 180.839 0 36.136 22.776 2497.276 2.802
07335700 2011 8 9 12 43200 0.242 274.622 0 37.901 25.537 2399.059 2.831
07335700 2011 8 10 12 43200 3.073 307.839 0 35.407 21.035 2353.321 2.827
07340300 2011 8 1 12 43200 3.353 207.614 0 36.213 23.574 2719.255 2.777
07340300 2011 8 2 12 43200 0.000 314.227 0 37.684 24.261 2382.908 2.930
07340300 2011 8 3 12 43200 0.000 320.660 0 36.904 24.084 2359.143 2.834
07340300 2011 8 4 12 43200 0.000 300.779 0 39.684 23.788 2179.261 3.241
07340300 2011 8 5 12 43200 1.039 257.927 0 38.815 25.152 2384.953 3.020
07340300 2011 8 6 12 43200 24.382 104.833 0 31.133 23.479 2768.712 2.039
07340300 2011 8 7 12 43200 0.000 199.873 0 35.640 22.681 2601.439 2.767
07340300 2011 8 8 12 43200 0.276 212.922 0 34.894 24.055 2509.636 2.548
07340300 2011 8 9 12 43200 0.205 266.791 0 36.448 25.393 2468.218 2.656
07340300 2011 8 10 12 43200 1.213 308.121 0 35.192 21.965 2394.835 2.759
07346045 2011 8 1 12 43200 3.930 283.317 0 36.313 24.829 2641.176 2.839
07346045 2011 8 2 12 43200 -0.000 318.526 0 38.990 26.042 2496.001 3.142
07346045 2011 8 3 12 43200 0.000 316.559 0 38.169 25.880 2505.012 3.030
07346045 2011 8 4 12 43200 0.000 317.763 0 39.233 25.026 2443.782 3.265
07346045 2011 8 5 12 43200 0.000 310.922 0 39.397 25.409 2492.505 3.258
07346045 2011 8 6 12 43200 1.538 175.740 0 35.072 25.454 2678.025 2.581
07346045 2011 8 7 12 43200 1.153 136.068 0 35.109 26.658 2646.268 2.452
07346045 2011 8 8 12 43200 0.109 264.466 0 39.572 25.223 2601.652 3.300
07346045 2011 8 9 12 43200 0.095 292.503 0 38.433 26.097 2574.328 3.051
07346045 2011 8 10 12 43200 0.246 309.396 0 39.214 24.811 2588.328 3.279
07359610 2011 8 1 12 43200 1.841 141.495 0 34.721 24.150 2845.021 2.514
07359610 2011 8 2 12 43200 0.000 314.289 0 37.960 24.245 2485.609 2.970
07359610 2011 8 3 12 43200 0.000 318.707 0 36.933 24.511 2469.072 2.803
07359610 2011 8 4 12 43200 0.000 302.035 0 40.104 23.891 2251.567 3.291
07359610 2011 8 5 12 43200 0.879 264.234 0 38.684 25.357 2463.089 2.985
07359610 2011 8 6 12 43200 19.292 95.028 0 27.759 23.597 2820.076 1.447
07359610 2011 8 7 12 43200 0.000 229.724 0 35.799 22.650 2669.295 2.791
07359610 2011 8 8 12 43200 0.000 234.969 0 36.224 24.720 2561.496 2.683
07359610 2011 8 9 12 43200 0.451 256.253 0 35.695 25.542 2591.276 2.529
07359610 2011 8 10 12 43200 2.968 309.312 0 35.107 21.688 2457.376 2.768
07362100 2011 8 1 12 43200 0.468 276.009 0 36.808 25.911 2931.131 2.757
07362100 2011 8 2 12 43200 0.000 263.402 0 38.044 25.925 2863.033 2.946
07362100 2011 8 3 12 43200 0.000 317.132 0 36.376 25.354 2712.592 2.743
07362100 2011 8 4 12 43200 0.000 315.169 0 39.171 24.816 2570.749 3.207
07362100 2011 8 5 12 43200 0.499 274.167 0 39.247 25.331 2762.998 3.177
07362100 2011 8 6 12 43200 33.006 143.745 0 30.888 24.721 3022.378 1.917
07362100 2011 8 7 12 43200 2.213 254.836 0 35.944 24.294 2840.050 2.775
07362100 2011 8 8 12 43200 0.000 272.244 0 37.396 24.493 2777.297 2.973
07362100 2011 8 9 12 43200 0.457 189.280 0 32.991 25.815 2857.957 2.144
07362100 2011 8 10 12 43200 0.107 308.235 0 35.964 24.108 2749.001 2.795
07362587 2011 8 1 12 43200 13.870 262.000 0 37.150 24.150 2924.873 2.821
07362587 2011 8 2 12 43200 0.000 270.875 0 37.250 25.250 2743.328 2.745
07362587 2011 8 3 12 43200 0.000 318.875 0 37.693 24.950 2564.217 2.833
07362587 2011 8 4 12 43200 0.000 297.625 0 40.873 24.650 2318.825 3.295
07362587 2011 8 5 12 43200 2.200 274.250 0 37.350 24.375 2544.223 2.831
07362587 2011 8 6 12 43200 66.100 84.125 0 28.250 23.397 2871.957 1.545
07362587 2011 8 7 12 43200 0.000 296.375 0 35.933 22.575 2782.673 2.773
07362587 2011 8 8 12 43200 0.000 266.625 0 36.550 23.975 2642.394 2.751
07362587 2011 8 9 12 43200 18.400 268.375 0 36.972 24.181 2739.259 2.794
07362587 2011 8 10 12 43200 11.800 312.125 0 34.582 20.726 2500.898 2.724
07373000 2011 8 1 12 43200 0.093 299.720 0 36.383 25.484 2990.355 2.904
07373000 2011 8 2 12 43200 0.093 289.147 0 35.750 25.743 2836.437 2.771
07373000 2011 8 3 12 43200 0.193 311.117 0 36.386 25.637 2925.115 2.889
07373000 2011 8 4 12 43200 0.000 262.175 0 36.770 25.237 2917.894 2.991
07373000 2011 8 5 12 43200 0.000 292.743 0 37.981 24.975 2813.862 3.209
07373000 2011 8 6 12 43200 5.035 190.054 0 33.577 24.864 2964.533 2.501
07373000 2011 8 7 12 43200 19.739 229.860 0 34.846 23.008 2880.680 2.896
07373000 2011 8 8 12 43200 1.121 307.507 0 37.443 24.181 2987.493 3.195
07373000 2011 8 9 12 43200 0.000 293.355 0 34.879 23.482 2905.708 2.858
07373000 2011 8 10 12 43200 0.000 308.984 0 34.534 23.282 2859.792 2.822
07375000 2011 8 1 12 43200 31.693 257.669 0 32.591 23.348 3056.316 2.578
07375000 2011 8 2 12 43200 5.917 281.959 0 33.873 24.298 3100.505 2.691
07375000 2011 8 3 12 43200 0.186 306.865 0 35.076 24.535 2953.704 2.868
07375000 2011 8 4 12 43200 0.000 314.942 0 35.150 24.540 2796.129 2.880
07375000 2011 8 5 12 43200 0.000 300.419 0 35.853 24.241 2797.498 3.026
07375000 2011 8 6 12 43200 25.304 194.871 0 33.695 24.381 2983.995 2.651
07375000 2011 8 7 12 43200 25.963 214.564 0 30.686 23.048 2974.392 2.284
07375000 2011 8 8 12 43200 13.965 119.204 0 29.276 23.755 2962.502 1.926
07375000 2011 8 9 12 43200 0.000 202.444 0 31.928 23.691 2951.231 2.425
07375000 2011 8 10 12 43200 0.001 314.367 0 32.123 22.555 2940.446 2.585
07376000 2011 8 1 12 43200 8.751 253.789 0 33.071 23.204 2949.612 2.683
07376000 2011 8 2 12 43200 5.261 276.075 0 34.559 24.380 3011.140 2.808
07376000 2011 8 3 12 43200 0.042 306.489 0 36.290 24.382 2920.792 3.095
07376000 2011 8 4 12 43200 0.237 266.523 0 34.892 24.548 2822.077 2.846
07376000 2011 8 5 12 43200 0.000 305.651 0 35.746 24.109 2729.769 3.032
07376000 2011 8 6 12 43200 21.112 181.882 0 32.358 24.468 2972.983 2.414
07376000 2011 8 7 12 43200 18.298 244.914 0 30.879 22.858 2891.634 2.349
07376000 2011 8 8 12 43200 6.833 183.831 0 31.799 23.646 2919.065 2.416
07376000 2011 8 9 12 43200 -0.000 216.182 0 32.085 23.562 2908.457 2.476
07376000 2011 8 10 12 43200 0.000 314.451 0 32.416 22.344 2884.339 2.664
08013000 2011 8 1 12 43200 1.920 312.289 0 34.993 24.517 2943.643 2.823
08013000 2011 8 2 12 43200 0.119 262.463 0 35.136 25.656 2897.209 2.723
08013000 2011 8 3 12 43200 0.323 262.142 0 37.157 25.385 2951.029 3.092
08013000 2011 8 4 12 43200 0.193 244.077 0 37.000 24.869 2879.550 3.116
08013000 2011 8 5 12 43200 0.000 276.937 0 37.837 24.515 2806.794 3.283
08013000 2011 8 6 12 43200 8.731 226.520 0 32.590 24.989 2870.741 2.353
08013000 2011 8 7 12 43200 9.866 181.289 0 34.254 22.982 2874.237 2.855
08013000 2011 8 8 12 43200 0.184 302.033 0 36.873 23.801 2905.567 3.193
08013000 2011 8 9 12 43200 -0.000 291.720 0 34.533 23.643 2881.210 2.836
08013000 2011 8 10 12 43200 0.000 311.285 0 34.341 23.198 2791.752 2.848
08014500 2011 8 1 12 43200 8.661 310.075 0 35.370 24.055 2950.721 2.958
08014500 2011 8 2 12 43200 0.471 247.180 0 35.293 25.228 2915.339 2.824
08014500 2011 8 3 12 43200 0.541 268.907 0 36.825 25.226 2981.102 3.082
08014500 2011 8 4 12 43200 0.349 229.565 0 37.162 24.683 2885.440 3.189
08014500 2011 8 5 12 43200 0.000 285.878 0 37.291 24.223 2813.238 3.252
08014500 2011 8 6 12 43200 7.209 192.420 0 31.454 24.756 2887.214 2.195
08014500 2011 8 7 12 43200 7.067 174.196 0 34.171 23.101 2893.209 2.857
08014500 2011 8 8 12 43200 0.043 297.198 0 35.625 23.948 2939.880 3.010
08014500 2011 8 9 12 43200 -0.000 281.840 0 33.910 23.717 2904.451 2.752
08014500 2011 8 10 12 43200 0.000 311.437 0 34.050 23.199 2808.080 2.828
08023080 2011 8 1 12 43200 2.595 307.736 0 34.656 24.532 2763.989 2.680
08023080 2011 8 2 12 43200 0.097 317.210 0 37.014 25.398 2786.148 2.972
08023080 2011 8 3 12 43200 0.000 316.166 0 36.270 24.960 2737.087 2.896
08023080 2011 8 4 12 43200 0.000 315.347 0 37.633 24.298 2692.538 3.168
08023080 2011 8 5 12 43200 0.000 312.874 0 37.642 24.683 2806.751 3.137
08023080 2011 8 6 12 43200 0.806 247.392 0 36.606 24.418 2793.488 3.000
08023080 2011 8 7 12 43200 15.333 224.287 0 34.499 24.224 2824.285 2.686
08023080 2011 8 8 12 43200 0.000 303.661 0 37.669 24.452 2825.132 3.161
08023080 2011 8 9 12 43200 0.000 237.274 0 34.777 24.408 2814.309 2.712
08023080 2011 8 10 12 43200 0.000 309.403 0 35.021 23.743 2794.704 2.815
08025500 2011 8 1 12 43200 1.207 310.327 0 35.189 24.367 2774.237 2.842
08025500 2011 8 2 12 43200 0.037 310.965 0 35.826 25.588 2819.369 2.821
08025500 2011 8 3 12 43200 0.037 295.239 0 37.800 25.232 2899.432 3.180
08025500 2011 8 4 12 43200 0.000 314.009 0 37.904 24.569 2746.402 3.256
08025500 2011 8 5 12 43200 0.000 297.033 0 38.384 24.620 2779.849 3.327
08025500 2011 8 6 12 43200 0.076 199.756 0 36.897 24.852 2783.881 3.071
08025500 2011 8 7 12 43200 5.379 175.215 0 34.985 24.303 2852.534 2.816
08025500 2011 8 8 12 43200 0.000 309.927 0 38.009 23.820 2778.980 3.336
08025500 2011 8 9 12 43200 0.000 302.956 0 36.150 23.825 2822.336 3.047
08025500 2011 8 10 12 43200 0.000 311.009 0 34.646 23.676 2766.892 2.823
08029500 2011 8 1 12 43200 6.980 290.432 0 35.182 23.566 2785.190 2.964
08029500 2011 8 2 12 43200 0.200 303.348 0 36.225 25.142 2707.407 2.979
08029500 2011 8 3 12 43200 0.000 248.998 0 37.583 25.091 2865.751 3.207
08029500 2011 8 4 12 43200 0.000 297.477 0 37.740 24.472 2715.594 3.289
08029500 2011 8 5 12 43200 0.000 306.870 0 37.988 24.006 2748.113 3.369
08029500 2011 8 6 12 43200 0.000 220.346 0 37.087 24.450 2726.240 3.187
08029500 2011 8 7 12 43200 2.327 118.276 0 29.526 23.943 2859.486 1.935
08029500 2011 8 8 12 43200 0.000 301.489 0 37.299 23.844 2817.810 3.275
08029500 2011 8 9 12 43200 0.000 297.509 0 35.671 23.911 2833.700 3.010
08029500 2011 8 10 12 43200 0.000 309.927 0 34.876 23.610 2754.816 2.910
08050800 2011 8 1 12 43200 0.854 315.294 0 38.920 27.703 1866.062 2.896
08050800 2011 8 2 12 43200 0.000 315.574 0 40.535 27.431 1725.211 3.173
08050800 2011 8 3 12 43200 0.000 315.199 0 40.868 28.672 1914.167 3.110
08050800 2011 8 4 12 43200 0.000 284.986 0 42.191 28.125 1750.435 3.366
08050800 2011 8 5 12 43200 0.000 292.823 0 42.147 28.394 1844.711 3.336
08050800 2011 8 6 12 43200 0.359 176.070 0 40.312 28.830 1961.331 3.006
08050800 2011 8 7 12 43200 0.229 198.506 0 44.639 31.131 1782.684 3.478
08050800 2011 8 8 12 43200 -0.000 251.553 0 45.685 31.756 1808.114 3.587
08050800 2011 8 9 12 43200 0.303 291.081 0 43.367 27.663 1938.093 3.582
08050800 2011 8 10 12 43200 6.708 307.598 0 41.167 26.191 2264.560 3.371
08066200 2011 8 1 12 43200 6.230 294.249 0 36.099 23.541 2711.462 3.122
08066200 2011 8 2 12 43200 0.000 315.458 0 36.878 25.319 2583.750 3.080
08066200 2011 8 3 12 43200 0.000 307.535 0 38.236 25.198 2704.421 3.314
08066200 2011 8 4 12 43200 0.000 296.618 0 37.182 24.386 2662.911 3.218
08066200 2011 8 5 12 43200 0.000 315.125 0 36.707 24.007 2634.443 3.177
08066200 2011 8 6 12 43200 0.000 290.537 0 38.911 24.449 2630.413 3.487
08066200 2011 8 7 12 43200 0.286 163.046 0 35.936 24.013 2689.810 3.052
08066200 2011 8 8 12 43200 0.000 300.588 0 38.392 24.210 2780.952 3.426
08066200 2011 8 9 12 43200 0.000 287.753 0 35.900 24.169 2689.732 3.032
08066200 2011 8 10 12 43200 0.000 307.330 0 36.046 23.949 2693.810 3.076
08066300 2011 8 1 12 43200 6.173 288.593 0 35.730 23.347 2722.382 3.104
08066300 2011 8 2 12 43200 0.000 303.596 0 36.669 25.212 2611.289 3.078
08066300 2011 8 3 12 43200 0.000 284.567 0 37.713 25.169 2758.115 3.255
08066300 2011 8 4 12 43200 0.000 286.990 0 36.835 24.524 2700.183 3.173
08066300 2011 8 5 12 43200 0.000 318.085 0 37.114 23.975 2668.828 3.268
08066300 2011 8 6 12 43200 0.000 289.920 0 38.734 24.642 2663.489 3.468
08066300 2011 8 7 12 43200 1.822 158.927 0 33.756 24.029 2805.705 2.711
08066300 2011 8 8 12 43200 0.000 302.475 0 38.023 24.349 2833.322 3.380
08066300 2011 8 9 12 43200 0.000 295.526 0 35.680 24.491 2749.318 2.986
08066300 2011 8 10 12 43200 0.000 310.014 0 35.921 23.929 2749.383 3.080
08070000 2011 8 1 12 43200 2.373 300.012 0 36.990 24.280 2578.864 3.235
08070000 2011 8 2 12 43200 0.000 311.349 0 37.421 26.181 2415.574 3.119
08070000 2011 8 3 12 43200 0.000 302.689 0 39.301 25.806 2572.693 3.472
08070000 2011 8 4 12 43200 0.000 286.745 0 37.785 25.016 2571.732 3.296
08070000 2011 8 5 12 43200 0.000 306.973 0 37.541 24.609 2478.861 3.294
08070000 2011 8 6 12 43200 0.000 291.419 0 39.796 24.898 2501.933 3.632
08070000 2011 8 7 12 43200 0.466 170.844 0 35.420 25.013 2595.191 2.901
08070000 2011 8 8 12 43200 0.000 298.906 0 39.794 25.248 2696.833 3.602
08070000 2011 8 9 12 43200 0.000 283.107 0 37.529 25.340 2576.161 3.223
08070000 2011 8 10 12 43200 0.000 303.890 0 37.386 24.830 2612.909 3.248
08070200 2011 8 1 12 43200 2.181 300.172 0 36.893 24.490 2580.804 3.218
08070200 2011 8 2 12 43200 0.000 311.691 0 37.334 26.298 2425.578 3.110
08070200 2011 8 3 12 43200 0.000 301.523 0 39.127 25.959 2586.913 3.449
08070200 2011 8 4 12 43200 0.000 287.184 0 37.714 25.150 2584.331 3.291
08070200 2011 8 5 12 43200 0.000 308.140 0 37.509 24.782 2492.152 3.292
08070200 2011 8 6 12 43200 0.000 292.254 0 39.679 25.080 2512.404 3.619
08070200 2011 8 7 12 43200 0.674 168.024 0 34.691 25.149 2620.178 2.776
08070200 2011 8 8 12 43200 0.000 298.945 0 39.648 25.373 2708.678 3.588
08070200 2011 8 9 12 43200 0.000 283.695 0 37.433 25.463 2589.188 3.213
08070200 2011 8 10 12 43200 0.000 304.361 0 37.302 24.950 2630.182 3.242
08079600 2011 8 1 12 43200 0.000 328.006 0 34.947 22.974 1330.750 2.774
08079600 2011 8 2 12 43200 0.000 330.516 0 35.833 22.637 1178.325 2.930
08079600 2011 8 3 12 43200 0.000 323.417 0 36.837 22.089 1145.304 3.113
08079600 2011 8 4 12 43200 0.000 311.903 0 38.103 24.245 1371.654 3.132
08079600 2011 8 5 12 43200 0.000 314.695 0 39.395 24.508 1215.372 3.301
08079600 2011 8 6 12 43200 0.000 263.283 0 37.892 25.110 1267.070 3.029
08079600 2011 8 7 12 43200 0.000 236.282 0 40.527 26.856 1036.043 3.279
08079600 2011 8 8 12 43200 0.000 237.335 0 42.368 27.075 1038.956 3.541
08079600 2011 8 9 12 43200 0.000 242.356 0 40.531 24.411 1142.504 3.472
08079600 2011 8 10 12 43200 0.000 265.597 0 41.070 24.558 1310.843 3.539
08082700 2011 8 1 12 43200 0.000 320.474 0 38.231 26.084 1600.062 2.965
08082700 2011 8 2 12 43200 0.000 322.567 0 39.876 25.873 1416.138 3.231
08082700 2011 8 3 12 43200 0.000 318.503 0 40.690 27.424 1511.133 3.222
08082700 2011 8 4 12 43200 0.000 306.532 0 42.770 27.573 1522.646 3.527
08082700 2011 8 5 12 43200 0.000 317.157 0 43.222 27.500 1361.700 3.601
08082700 2011 8 6 12 43200 0.000 272.345 0 41.924 28.919 1409.929 3.279
08082700 2011 8 7 12 43200 0.074 247.040 0 45.328 29.098 1206.654 3.793
08082700 2011 8 8 12 43200 0.077 214.049 0 46.322 32.277 1240.372 3.669
08082700 2011 8 9 12 43200 0.051 294.330 0 45.447 27.381 1501.995 3.940
08082700 2011 8 10 12 43200 0.000 303.084 0 44.618 26.792 1727.450 3.860
08086212 2011 8 1 12 43200 0.000 319.468 0 37.104 25.568 1552.047 2.897
08086212 2011 8 2 12 43200 0.000 320.101 0 39.171 25.520 1478.804 3.220
08086212 2011 8 3 12 43200 0.000 318.184 0 40.352 26.398 1596.423 3.326
08086212 2011 8 4 12 43200 0.000 305.129 0 41.382 26.647 1543.346 3.462
08086212 2011 8 5 12 43200 0.000 320.009 0 42.714 26.855 1396.304 3.648
08086212 2011 8 6 12 43200 0.000 272.108 0 41.527 28.431 1407.107 3.328
08086212 2011 8 7 12 43200 0.290 209.874 0 43.223 29.627 1265.657 3.489
08086212 2011 8 8 12 43200 0.853 158.554 0 44.007 29.708 1459.063 3.608
08086212 2011 8 9 12 43200 0.012 278.830 0 45.597 26.330 1535.341 4.116
08086212 2011 8 10 12 43200 0.303 308.721 0 43.473 26.389 1822.087 3.797
08086290 2011 8 1 12 43200 0.000 318.041 0 37.242 25.373 1563.441 2.946
08086290 2011 8 2 12 43200 0.000 318.085 0 39.259 25.451 1514.969 3.248
08086290 2011 8 3 12 43200 0.000 318.501 0 40.298 26.120 1617.435 3.350
08086290 2011 8 4 12 43200 0.000 294.848 0 40.911 26.225 1562.743 3.435
08086290 2011 8 5 12 43200 0.000 319.226 0 42.660 26.585 1416.814 3.671
08086290 2011 8 6 12 43200 0.000 292.531 0 42.209 27.217 1420.065 3.552
08086290 2011 8 7 12 43200 0.440 196.034 0 43.429 29.097 1291.254 3.581
08086290 2011 8 8 12 43200 0.891 166.077 0 43.097 29.269 1579.181 3.512
08086290 2011 8 9 12 43200 0.000 278.735 0 45.485 25.220 1595.438 4.182
08086290 2011 8 10 12 43200 0.249 307.433 0 42.889 25.731 1882.503 3.769
08101000 2011 8 1 12 43200 0.000 316.268 0 36.747 26.163 1804.237 2.917
08101000 2011 8 2 12 43200 0.000 315.609 0 38.560 26.720 1624.739 3.163
08101000 2011 8 3 12 43200 0.000 316.230 0 38.500 26.604 1841.355 3.165
08101000 2011 8 4 12 43200 0.000 289.696 0 40.153 26.193 1785.737 3.472
08101000 2011 8 5 12 43200 0.000 310.390 0 40.885 26.014 1741.255 3.604
08101000 2011 8 6 12 43200 0.000 312.203 0 41.134 26.184 1779.964 3.630
08101000 2011 8 7 12 43200 0.104 223.314 0 42.067 26.505 1647.396 3.750
08101000 2011 8 8 12 43200 0.407 207.326 0 42.485 28.951 1801.710 3.599
08101000 2011 8 9 12 43200 0.175 300.948 0 43.370 25.568 1974.916 4.026
08101000 2011 8 10 12 43200 4.995 300.404 0 39.440 26.056 2214.717 3.370
08103900 2011 8 1 12 43200 0.000 315.949 0 36.800 25.319 1892.374 3.048
08103900 2011 8 2 12 43200 0.000 314.745 0 38.441 26.598 1664.409 3.193
08103900 2011 8 3 12 43200 0.000 314.973 0 37.830 26.235 1917.203 3.127
08103900 2011 8 4 12 43200 0.000 278.402 0 39.518 25.893 1935.517 3.438
08103900 2011 8 5 12 43200 0.000 307.994 0 40.354 25.379 1811.593 3.616
08103900 2011 8 6 12 43200 0.000 310.181 0 40.959 25.220 1829.533 3.724
08103900 2011 8 7 12 43200 0.000 231.893 0 42.253 25.792 1767.224 3.882
08103900 2011 8 8 12 43200 1.000 227.360 0 43.059 27.558 1883.733 3.866
08103900 2011 8 9 12 43200 0.696 296.461 0 42.616 24.916 2075.468 4.005
08103900 2011 8 10 12 43200 1.918 299.989 0 38.295 25.806 2178.482 3.247
08104900 2011 8 1 12 43200 0.000 315.384 0 36.758 25.301 1967.031 3.070
08104900 2011 8 2 12 43200 0.000 314.420 0 38.722 26.578 1726.408 3.271
08104900 2011 8 3 12 43200 0.000 314.147 0 37.757 26.387 1974.522 3.127
08104900 2011 8 4 12 43200 0.000 273.811 0 39.309 26.080 2021.100 3.417
08104900 2011 8 5 12 43200 0.000 309.105 0 40.194 25.352 1866.293 3.625
08104900 2011 8 6 12 43200 0.000 312.416 0 40.832 24.919 1868.505 3.762
08104900 2011 8 7 12 43200 0.001 237.644 0 41.781 25.690 1870.652 3.850
08104900 2011 8 8 12 43200 0.054 266.648 0 43.493 26.942 1950.037 4.023
08104900 2011 8 9 12 43200 0.471 293.105 0 41.967 24.943 2130.645 3.937
08104900 2011 8 10 12 43200 0.040 307.489 0 37.684 25.460 2150.819 3.208
08109700 2011 8 1 12 43200 0.000 312.877 0 38.186 24.480 2200.467 3.410
08109700 2011 8 2 12 43200 0.000 295.877 0 39.092 26.843 1943.166 3.336
08109700 2011 8 3 12 43200 0.000 309.593 0 37.817 25.471 2143.147 3.258
08109700 2011 8 4 12 43200 0.000 267.922 0 39.751 25.015 2224.401 3.615
08109700 2011 8 5 12 43200 0.000 309.151 0 40.581 23.473 2069.576 3.866
08109700 2011 8 6 12 43200 0.000 305.432 0 41.478 23.768 2099.009 3.983
08109700 2011 8 7 12 43200 0.000 233.341 0 41.753 24.156 2120.158 3.997
08109700 2011 8 8 12 43200 0.000 298.811 0 44.873 25.425 2174.295 4.393
08109700 2011 8 9 12 43200 0.000 306.328 0 42.655 23.698 2281.976 4.168
08109700 2011 8 10 12 43200 0.000 307.231 0 37.162 23.857 2324.016 3.301
08150800 2011 8 1 12 43200 0.000 324.231 0 35.634 22.920 1763.953 3.111
08150800 2011 8 2 12 43200 0.000 316.598 0 37.721 23.474 1548.603 3.390
08150800 2011 8 3 12 43200 0.000 300.322 0 37.175 24.318 1843.478 3.231
08150800 2011 8 4 12 43200 0.000 278.956 0 38.420 23.568 1889.915 3.491
08150800 2011 8 5 12 43200 0.000 315.865 0 39.751 24.019 1687.336 3.662
08150800 2011 8 6 12 43200 0.000 310.892 0 40.113 23.865 1753.233 3.729
08150800 2011 8 7 12 43200 0.041 204.545 0 40.372 24.198 1676.436 3.744
08150800 2011 8 8 12 43200 10.225 180.160 0 41.617 25.368 1855.939 3.848
08150800 2011 8 9 12 43200 1.324 284.405 0 41.788 23.442 2016.817 4.015
08150800 2011 8 10 12 43200 2.055 307.097 0 37.753 24.288 2124.784 3.326
08155200 2011 8 1 12 43200 0.000 316.133 0 36.733 24.696 2006.925 3.157
08155200 2011 8 2 12 43200 0.000 307.567 0 38.909 26.042 1777.184 3.389
08155200 2011 8 3 12 43200 0.000 312.375 0 37.663 25.862 2003.937 3.197
08155200 2011 8 4 12 43200 0.000 276.484 0 39.253 25.762 2064.539 3.472
08155200 2011 8 5 12 43200 0.000 307.765 0 39.950 25.016 1892.173 3.651
08155200 2011 8 6 12 43200 0.000 308.699 0 40.360 24.201 1916.242 3.782
08155200 2011 8 7 12 43200 0.000 241.559 0 42.174 24.635 1944.589 4.033
08155200 2011 8 8 12 43200 0.010 281.033 0 43.642 25.706 2010.813 4.185
08155200 2011 8 9 12 43200 2.663 300.941 0 41.682 24.342 2198.087 3.978
08155200 2011 8 10 12 43200 0.020 308.637 0 36.921 24.600 2153.816 3.198
08158700 2011 8 1 12 43200 0.000 318.562 0 36.551 24.143 1997.663 3.201
08158700 2011 8 2 12 43200 0.000 303.748 0 38.636 25.467 1772.550 3.420
08158700 2011 8 3 12 43200 0.000 312.690 0 37.515 25.369 2003.212 3.242
08158700 2011 8 4 12 43200 0.000 276.241 0 39.101 25.230 2058.301 3.519
08158700 2011 8 5 12 43200 0.000 306.243 0 39.892 24.582 1883.995 3.702
08158700 2011 8 6 12 43200 0.000 308.460 0 40.330 23.733 1925.372 3.838
08158700 2011 8 7 12 43200 0.000 240.027 0 42.075 24.186 1945.697 4.077
08158700 2011 8 8 12 43200 0.055 273.886 0 43.322 25.127 2011.446 4.204
08158700 2011 8 9 12 43200 2.554 301.505 0 41.682 23.993 2191.685 4.029
08158700 2011 8 10 12 43200 0.074 309.469 0 36.722 24.111 2154.874 3.232
08158810 2011 8 1 12 43200 0.000 315.875 0 36.783 24.784 2012.527 3.171
08158810 2011 8 2 12 43200 0.000 308.500 0 38.978 26.150 1781.260 3.404
08158810 2011 8 3 12 43200 0.000 312.375 0 37.693 25.950 2007.283 3.207
08158810 2011 8 4 12 43200 0.000 277.000 0 39.273 25.850 2069.381 3.482
08158810 2011 8 5 12 43200 0.000 307.875 0 39.950 25.075 1896.774 3.662
08158810 2011 8 6 12 43200 0.000 308.625 0 40.350 24.270 1920.984 3.791
08158810 2011 8 7 12 43200 0.000 242.750 0 42.233 24.675 1950.219 4.057
08158810 2011 8 8 12 43200 0.000 283.500 0 43.750 25.775 2013.940 4.215
08158810 2011 8 9 12 43200 2.800 301.125 0 41.672 24.381 2203.430 3.991
08158810 2011 8 10 12 43200 0.000 308.625 0 36.921 24.669 2156.221 3.205
08164000 2011 8 1 12 43200 0.000 319.598 0 36.887 23.329 2463.990 3.442
08164000 2011 8 2 12 43200 0.000 299.156 0 38.615 24.877 2153.253 3.589
08164000 2011 8 3 12 43200 0.000 308.571 0 37.158 24.668 2411.786 3.362
08164000 2011 8 4 12 43200 0.000 297.804 0 40.088 23.965 2333.584 3.911
08164000 2011 8 5 12 43200 0.000 304.600 0 39.918 23.620 2343.642 3.911
08164000 2011 8 6 12 43200 0.000 302.771 0 40.804 23.929 2428.570 4.030
08164000 2011 8 7 12 43200 0.000 253.626 0 42.576 23.957 2417.212 4.313
08164000 2011 8 8 12 43200 0.000 300.210 0 42.782 24.337 2461.813 4.318
08164000 2011 8 9 12 43200 0.282 294.306 0 39.400 23.787 2545.015 3.814
08164000 2011 8 10 12 43200 0.000 311.165 0 36.738 23.966 2532.831 3.359
08164300 2011 8 1 12 43200 0.000 317.956 0 37.556 23.511 2418.803 3.483
08164300 2011 8 2 12 43200 0.000 299.629 0 38.953 25.363 2066.544 3.547
08164300 2011 8 3 12 43200 0.000 315.593 0 37.221 24.975 2326.328 3.292
08164300 2011 8 4 12 43200 0.000 293.957 0 39.994 24.095 2321.785 3.828
08164300 2011 8 5 12 43200 0.000 308.254 0 40.208 23.703 2224.151 3.893
08164300 2011 8 6 12 43200 0.000 312.257 0 41.186 23.835 2324.377 4.038
08164300 2011 8 7 12 43200 0.000 245.306 0 41.576 23.813 2361.507 4.101
08164300 2011 8 8 12 43200 0.000 299.547 0 43.651 24.385 2394.771 4.389
08164300 2011 8 9 12 43200 0.019 296.881 0 40.733 23.667 2479.225 3.979
08164300 2011 8 10 12 43200 0.000 311.277 0 36.679 23.782 2475.609 3.316
08164600 2011 8 1 12 43200 0.000 320.029 0 36.248 23.228 2516.275 3.352
08164600 2011 8 2 12 43200 0.000 274.301 0 37.528 24.316 2275.636 3.465
08164600 2011 8 3 12 43200 0.000 307.626 0 37.370 24.343 2500.359 3.436
08164600 2011 8 4 12 43200 0.000 304.434 0 40.303 23.819 2383.458 3.965
08164600 2011 8 5 12 43200 0.000 304.677 0 39.640 23.475 2472.697 3.885
08164600 2011 8 6 12 43200 0.000 302.846 0 40.588 24.029 2527.293 3.995
08164600 2011 8 7 12 43200 0.000 261.319 0 42.606 24.149 2482.157 4.312
08164600 2011 8 8 12 43200 0.000 307.213 0 40.740 24.456 2578.596 3.986
08164600 2011 8 9 12 43200 0.000 291.225 0 38.947 24.056 2624.632 3.725
08164600 2011 8 10 12 43200 0.000 311.854 0 36.860 24.346 2624.016 3.349
08165300 2011 8 1 12 43200 0.000 328.463 0 34.881 21.546 1748.022 3.167
08165300 2011 8 2 12 43200 0.000 321.161 0 36.704 21.910 1511.542 3.418
08165300 2011 8 3 12 43200 0.000 286.506 0 35.642 23.140 1843.241 3.148
08165300 2011 8 4 12 43200 0.000 287.374 0 37.386 22.225 1865.219 3.499
08165300 2011 8 5 12 43200 0.000 316.693 0 38.496 22.692 1661.664 3.634
08165300 2011 8 6 12 43200 0.000 317.983 0 39.068 22.609 1730.774 3.728
08165300 2011 8 7 12 43200 0.000 234.216 0 39.843 22.512 1677.051 3.854
08165300 2011 8 8 12 43200 7.944 180.765 0 40.124 23.440 1898.246 3.830
08165300 2011 8 9 12 43200 9.046 300.265 0 40.045 22.270 2048.920 3.901
08165300 2011 8 10 12 43200 0.758 311.763 0 36.943 23.251 2062.138 3.346
08171300 2011 8 1 12 43200 0.000 322.511 0 36.118 23.357 1969.250 3.213
08171300 2011 8 2 12 43200 0.000 301.125 0 37.999 24.595 1755.265 3.407
08171300 2011 8 3 12 43200 0.000 313.478 0 37.071 24.777 2000.344 3.237
08171300 2011 8 4 12 43200 0.000 275.547 0 38.464 24.429 2041.061 3.497
08171300 2011 8 5 12 43200 0.000 306.576 0 39.514 24.102 1858.353 3.693
08171300 2011 8 6 12 43200 0.000 309.416 0 39.922 23.147 1933.938 3.830
08171300 2011 8 7 12 43200 0.000 243.254 0 41.726 23.493 1933.791 4.084
08171300 2011 8 8 12 43200 0.535 265.529 0 42.799 24.193 2020.447 4.202
08171300 2011 8 9 12 43200 2.773 305.109 0 41.215 23.507 2180.288 4.004
08171300 2011 8 10 12 43200 0.017 310.963 0 36.220 23.565 2142.522 3.211
08175000 2011 8 1 12 43200 0.000 322.757 0 36.930 22.832 2314.172 3.466
08175000 2011 8 2 12 43200 0.000 281.513 0 38.111 24.589 2054.327 3.504
08175000 2011 8 3 12 43200 0.000 310.921 0 37.559 24.266 2268.883 3.442
08175000 2011 8 4 12 43200 0.000 297.695 0 40.105 23.586 2223.976 3.914
08175000 2011 8 5 12 43200 0.000 306.479 0 39.955 23.197 2209.300 3.920
08175000 2011 8 6 12 43200 0.000 298.470 0 40.250 23.185 2277.515 3.968
08175000 2011 8 7 12 43200 0.000 261.320 0 43.229 22.980 2337.880 4.449
08175000 2011 8 8 12 43200 0.067 299.701 0 44.546 23.400 2271.716 4.628
08175000 2011 8 9 12 43200 2.468 305.121 0 41.696 23.260 2440.539 4.190
08175000 2011 8 10 12 43200 0.000 312.052 0 36.611 23.264 2417.633 3.377
08176900 2011 8 1 12 43200 0.000 322.848 0 36.898 22.829 2418.246 3.498
08176900 2011 8 2 12 43200 0.000 261.104 0 37.636 24.387 2194.436 3.480
08176900 2011 8 3 12 43200 0.000 312.808 0 37.636 24.094 2383.465 3.507
08176900 2011 8 4 12 43200 0.000 302.928 0 40.251 23.373 2293.720 3.995
08176900 2011 8 5 12 43200 0.000 305.716 0 40.056 23.000 2375.936 3.992
08176900 2011 8 6 12 43200 0.000 306.907 0 40.633 23.399 2420.033 4.054
08176900 2011 8 7 12 43200 0.000 266.691 0 43.242 23.463 2413.280 4.466
08176900 2011 8 8 12 43200 0.000 294.430 0 42.058 23.529 2411.115 4.273
08176900 2011 8 9 12 43200 0.362 301.273 0 40.012 23.505 2542.130 3.946
08176900 2011 8 10 12 43200 0.000 313.374 0 36.885 23.679 2527.794 3.420
08178880 2011 8 1 12 43200 0.000 329.597 0 35.358 21.962 1840.520 3.239
08178880 2011 8 2 12 43200 0.000 321.558 0 37.093 22.328 1587.283 3.481
08178880 2011 8 3 12 43200 0.000 312.508 0 36.397 23.516 1918.176 3.269
08178880 2011 8 4 12 43200 0.000 296.411 0 37.851 22.798 1909.946 3.562
08178880 2011 8 5 12 43200 0.000 319.273 0 38.707 23.007 1737.779 3.680
08178880 2011 8 6 12 43200 0.000 318.970 0 39.267 22.780 1822.115 3.785
08178880 2011 8 7 12 43200 0.000 251.393 0 40.535 22.710 1805.833 3.986
08178880 2011 8 8 12 43200 4.456 213.156 0 40.070 23.115 1966.928 3.885
08178880 2011 8 9 12 43200 11.207 302.888 0 40.783 22.328 2114.278 4.050
08178880 2011 8 10 12 43200 0.139 313.015 0 36.774 23.205 2065.568 3.358
08189500 2011 8 1 12 43200 0.000 322.380 0 37.031 23.172 2409.269 3.547
08189500 2011 8 2 12 43200 0.000 295.877 0 38.610 24.731 2242.018 3.672
08189500 2011 8 3 12 43200 0.000 314.095 0 36.676 24.779 2447.169 3.332
08189500 2011 8 4 12 43200 0.000 306.211 0 39.652 23.678 2353.076 3.939
08189500 2011 8 5 12 43200 0.000 301.104 0 38.190 23.723 2428.890 3.692
08189500 2011 8 6 12 43200 0.000 315.509 0 38.982 23.808 2460.777 3.817
08189500 2011 8 7 12 43200 0.000 293.022 0 41.563 23.717 2460.410 4.249
08189500 2011 8 8 12 43200 0.000 312.605 0 40.309 24.047 2453.358 4.017
08189500 2011 8 9 12 43200 0.022 301.607 0 38.550 23.989 2646.753 3.729
08189500 2011 8 10 12 43200 0.000 313.802 0 36.740 24.044 2622.246 3.417
08190000 2011 8 1 12 43200 0.000 327.755 0 34.826 22.215 1789.769 3.161
08190000 2011 8 2 12 43200 0.000 322.708 0 36.916 21.995 1490.987 3.511
08190000 2011 8 3 12 43200 0.000 287.039 0 35.705 23.828 1878.868 3.154
08190000 2011 8 4 12 43200 0.000 301.837 0 37.366 23.110 1828.626 3.491
08190000 2011 8 5 12 43200 0.000 316.666 0 38.458 23.780 1685.775 3.610
08190000 2011 8 6 12 43200 0.000 319.360 0 38.686 23.643 1682.810 3.659
08190000 2011 8 7 12 43200 0.000 278.838 0 41.356 23.139 1578.238 4.119
08190000 2011 8 8 12 43200 15.214 200.959 0 40.138 23.378 1910.527 3.911
08190000 2011 8 9 12 43200 20.082 300.518 0 39.477 23.092 2114.331 3.828
08190000 2011 8 10 12 43200 4.609 311.277 0 36.088 24.176 2152.316 3.184
08190500 2011 8 1 12 43200 0.000 325.655 0 34.728 23.076 1814.228 3.060
08190500 2011 8 2 12 43200 0.000 321.627 0 36.860 22.434 1508.674 3.462
08190500 2011 8 3 12 43200 0.000 287.268 0 35.556 24.597 1835.127 3.046
08190500 2011 8 4 12 43200 0.000 305.812 0 37.386 24.009 1794.649 3.411
08190500 2011 8 5 12 43200 0.000 315.566 0 38.298 24.572 1713.296 3.510
08190500 2011 8 6 12 43200 0.000 318.700 0 38.532 24.305 1646.078 3.573
08190500 2011 8 7 12 43200 0.000 277.760 0 41.051 23.943 1547.935 4.008
08190500 2011 8 8 12 43200 12.560 204.034 0 40.122 23.923 1874.905 3.861
08190500 2011 8 9 12 43200 13.586 288.964 0 39.699 24.156 2057.878 3.774
08190500 2011 8 10 12 43200 5.644 308.434 0 35.998 25.041 2141.294 3.075
08194200 2011 8 1 12 43200 0.000 321.956 0 34.525 25.482 2319.484 2.886
08194200 2011 8 2 12 43200 0.000 310.612 0 37.501 25.728 2100.928 3.409
08194200 2011 8 3 12 43200 0.000 316.397 0 36.970 26.669 2204.557 3.203
08194200 2011 8 4 12 43200 0.000 315.606 0 38.636 26.391 2067.704 3.543
08194200 2011 8 5 12 43200 0.000 311.092 0 38.222 25.991 2116.135 3.511
08194200 2011 8 6 12 43200 0.000 320.607 0 38.147 25.806 2061.558 3.517
08194200 2011 8 7 12 43200 0.000 305.619 0 41.822 26.163 2155.077 4.131
08194200 2011 8 8 12 43200 0.000 306.397 0 43.711 26.403 2086.940 4.436
08194200 2011 8 9 12 43200 1.481 312.354 0 40.690 26.639 2356.720 3.887
08194200 2011 8 10 12 43200 0.000 315.194 0 37.112 25.836 2289.480 3.326
08195000 2011 8 1 12 43200 0.000 330.209 0 34.887 21.681 1800.888 3.211
08195000 2011 8 2 12 43200 0.000 323.484 0 36.882 21.791 1520.754 3.515
08195000 2011 8 3 12 43200 0.000 300.467 0 36.017 23.236 1905.554 3.256
08195000 2011 8 4 12 43200 0.000 303.966 0 37.470 22.509 1874.626 3.551
08195000 2011 8 5 12 43200 0.000 319.715 0 38.492 23.049 1694.893 3.669
08195000 2011 8 6 12 43200 0.000 321.100 0 38.820 23.040 1746.883 3.722
08195000 2011 8 7 12 43200 0.000 274.244 0 41.129 22.566 1673.348 4.116
08195000 2011 8 8 12 43200 11.371 214.830 0 39.771 23.380 1935.226 3.846
08195000 2011 8 9 12 43200 15.142 304.550 0 40.223 22.557 2113.671 3.977
08195000 2011 8 10 12 43200 1.524 313.165 0 36.597 23.562 2096.002 3.321
08196000 2011 8 1 12 43200 0.000 329.259 0 35.031 22.314 1860.647 3.178
08196000 2011 8 2 12 43200 0.000 323.278 0 37.184 22.221 1548.150 3.527
08196000 2011 8 3 12 43200 0.000 311.124 0 36.636 23.910 1954.257 3.293
08196000 2011 8 4 12 43200 0.000 313.801 0 37.999 23.371 1881.943 3.562
08196000 2011 8 5 12 43200 0.000 320.027 0 38.682 23.815 1736.009 3.635
08196000 2011 8 6 12 43200 0.000 321.226 0 38.913 23.784 1769.637 3.675
08196000 2011 8 7 12 43200 0.000 287.156 0 41.642 23.181 1700.853 4.152
08196000 2011 8 8 12 43200 10.489 234.876 0 41.100 23.880 1958.497 4.016
08196000 2011 8 9 12 43200 19.117 303.639 0 40.764 23.060 2143.803 4.023
08196000 2011 8 10 12 43200 1.593 312.900 0 36.636 24.114 2100.700 3.274
08198500 2011 8 1 12 43200 0.000 330.230 0 35.376 22.205 1863.596 3.261
08198500 2011 8 2 12 43200 0.000 322.523 0 37.210 22.366 1591.515 3.539
08198500 2011 8 3 12 43200 0.000 313.653 0 36.658 23.678 1954.154 3.337
08198500 2011 8 4 12 43200 0.000 309.209 0 37.979 23.091 1906.424 3.603
08198500 2011 8 5 12 43200 0.000 319.873 0 38.737 23.375 1751.437 3.701
08198500 2011 8 6 12 43200 0.000 320.587 0 39.152 23.279 1822.886 3.775
08198500 2011 8 7 12 43200 0.000 268.978 0 41.133 22.890 1799.534 4.116
08198500 2011 8 8 12 43200 5.162 231.683 0 41.074 23.424 1977.252 4.069
08198500 2011 8 9 12 43200 12.723 303.598 0 41.066 22.665 2140.787 4.121
08198500 2011 8 10 12 43200 0.275 313.059 0 36.983 23.623 2064.694 3.396
08200000 2011 8 1 12 43200 0.000 329.379 0 35.695 22.229 1888.963 3.285
08200000 2011 8 2 12 43200 0.000 321.208 0 37.444 22.557 1631.089 3.534
08200000 2011 8 3 12 43200 0.000 315.727 0 36.791 23.762 1957.582 3.326
08200000 2011 8 4 12 43200 0.000 301.632 0 38.314 23.143 1927.409 3.624
08200000 2011 8 5 12 43200 0.000 319.190 0 38.989 23.203 1772.967 3.727
08200000 2011 8 6 12 43200 0.000 319.644 0 39.530 22.936 1859.032 3.832
08200000 2011 8 7 12 43200 0.000 255.644 0 41.001 22.844 1853.928 4.067
08200000 2011 8 8 12 43200 2.508 230.134 0 41.368 23.066 2005.544 4.109
08200000 2011 8 9 12 43200 8.828 304.125 0 41.287 22.537 2138.186 4.132
08200000 2011 8 10 12 43200 0.011 312.440 0 36.785 23.287 2086.536 3.368
08202700 2011 8 1 12 43200 0.000 328.957 0 35.805 22.584 1920.948 3.291
08202700 2011 8 2 12 43200 0.000 320.820 0 37.700 22.804 1653.677 3.576
08202700 2011 8 3 12 43200 0.000 315.188 0 37.145 24.051 1995.028 3.378
08202700 2011 8 4 12 43200 0.000 312.311 0 38.664 23.597 1931.779 3.665
08202700 2011 8 5 12 43200 0.000 318.739 0 39.188 23.591 1794.134 3.750
08202700 2011 8 6 12 43200 0.000 320.263 0 39.576 23.432 1869.808 3.824
08202700 2011 8 7 12 43200 0.000 263.985 0 41.529 23.077 1863.366 4.158
08202700 2011 8 8 12 43200 2.178 247.917 0 42.168 23.408 2024.363 4.235
08202700 2011 8 9 12 43200 7.310 303.895 0 41.699 22.923 2158.277 4.195
08202700 2011 8 10 12 43200 0.094 311.617 0 36.981 23.654 2096.891 3.387
08267500 2011 8 1 12 43200 22.793 283.888 0 19.810 11.548 1336.961 1.435
08267500 2011 8 2 12 43200 3.723 214.910 0 23.247 10.949 1254.100 1.827
08267500 2011 8 3 12 43200 1.826 254.137 0 23.885 12.493 1204.308 1.816
08267500 2011 8 4 12 43200 2.936 291.284 0 23.669 10.948 1193.843 1.870
08267500 2011 8 5 12 43200 2.699 258.659 0 23.742 11.469 1147.307 1.853
08267500 2011 8 6 12 43200 5.190 265.256 0 23.548 10.871 1166.346 1.861
08267500 2011 8 7 12 43200 0.684 256.907 0 23.047 11.870 1039.682 1.761
08267500 2011 8 8 12 43200 0.198 321.972 0 24.947 10.972 971.147 1.998
08267500 2011 8 9 12 43200 0.000 336.375 0 25.766 10.178 612.143 2.111
08267500 2011 8 10 12 43200 0.000 341.503 0 27.512 10.971 501.741 2.254
08269000 2011 8 1 12 43200 19.907 282.500 0 19.740 11.428 1322.715 1.441
08269000 2011 8 2 12 43200 4.430 206.478 0 23.104 11.047 1249.994 1.815
08269000 2011 8 3 12 43200 2.408 240.148 0 23.387 12.273 1201.194 1.782
08269000 2011 8 4 12 43200 2.827 281.563 0 23.308 10.950 1187.250 1.841
08269000 2011 8 5 12 43200 2.408 248.843 0 23.288 11.450 1143.500 1.814
08269000 2011 8 6 12 43200 5.346 250.017 0 23.039 10.992 1160.547 1.811
08269000 2011 8 7 12 43200 0.750 251.538 0 23.001 11.777 1034.978 1.768
08269000 2011 8 8 12 43200 0.151 323.611 0 24.877 10.975 967.242 1.998
08269000 2011 8 9 12 43200 0.000 336.284 0 25.797 10.206 616.038 2.121
08269000 2011 8 10 12 43200 0.000 341.470 0 27.472 11.066 502.271 2.255
08271000 2011 8 1 12 43200 22.840 283.625 0 19.813 11.550 1337.413 1.437
08271000 2011 8 2 12 43200 3.700 214.625 0 23.250 10.950 1254.473 1.830
08271000 2011 8 3 12 43200 1.800 254.375 0 23.893 12.492 1204.455 1.819
08271000 2011 8 4 12 43200 2.900 291.625 0 23.673 10.950 1193.897 1.873
08271000 2011 8 5 12 43200 2.700 258.875 0 23.750 11.475 1147.618 1.856
08271000 2011 8 6 12 43200 5.200 265.125 0 23.550 10.870 1166.874 1.864
08271000 2011 8 7 12 43200 0.670 257.375 0 23.050 11.875 1039.666 1.763
08271000 2011 8 8 12 43200 0.200 322.000 0 24.950 10.975 971.649 2.000
08271000 2011 8 9 12 43200 0.000 336.375 0 25.772 10.181 612.067 2.114
08271000 2011 8 10 12 43200 0.000 341.500 0 27.521 10.969 501.742 2.258
08324000 2011 8 1 12 43200 37.479 232.097 0 22.498 15.633 1489.301 1.494
08324000 2011 8 2 12 43200 0.000 305.660 0 28.837 15.497 1178.643 2.265
08324000 2011 8 3 12 43200 4.358 238.012 0 26.667 16.008 1285.598 1.981
08324000 2011 8 4 12 43200 10.312 266.942 0 27.268 14.982 1237.602 2.115
08324000 2011 8 5 12 43200 3.982 213.226 0 25.666 16.468 1171.862 1.827
08324000 2011 8 6 12 43200 13.908 275.448 0 26.637 14.244 1233.717 2.085
08324000 2011 8 7 12 43200 0.456 191.104 0 24.866 17.084 1141.140 1.676
08324000 2011 8 8 12 43200 0.255 318.817 0 28.063 16.732 971.297 2.100
08324000 2011 8 9 12 43200 0.000 336.905 0 29.580 14.992 494.582 2.376
08324000 2011 8 10 12 43200 0.000 338.691 0 30.855 16.819 471.872 2.424
08377900 2011 8 1 12 43200 33.486 289.224 0 22.406 12.873 1337.969 1.683
08377900 2011 8 2 12 43200 3.149 202.774 0 25.360 13.045 1226.016 2.000
08377900 2011 8 3 12 43200 8.931 143.309 0 24.330 13.104 1277.273 1.884
08377900 2011 8 4 12 43200 20.929 256.182 0 24.086 12.920 1184.718 1.867
08377900 2011 8 5 12 43200 21.769 211.028 0 21.936 13.379 1261.759 1.595
08377900 2011 8 6 12 43200 7.557 289.325 0 24.208 12.331 1138.202 1.913
08377900 2011 8 7 12 43200 0.175 227.559 0 23.737 13.956 1028.988 1.765
08377900 2011 8 8 12 43200 0.000 322.286 0 25.883 12.802 956.651 2.070
08377900 2011 8 9 12 43200 0.000 334.695 0 26.740 12.625 586.477 2.170
08377900 2011 8 10 12 43200 0.000 339.994 0 27.839 13.976 486.947 2.224
08378500 2011 8 1 12 43200 36.580 288.915 0 22.390 13.024 1353.689 1.676
08378500 2011 8 2 12 43200 2.587 208.040 0 25.112 13.413 1227.190 1.958
08378500 2011 8 3 12 43200 8.919 173.592 0 24.414 13.534 1269.518 1.873
08378500 2011 8 4 12 43200 18.675 266.734 0 24.379 13.410 1192.762 1.876
08378500 2011 8 5 12 43200 18.841 207.222 0 22.279 13.712 1246.873 1.616
08378500 2011 8 6 12 43200 9.355 298.361 0 24.439 12.301 1143.792 1.945
08378500 2011 8 7 12 43200 0.403 239.769 0 23.357 14.387 1045.824 1.696
08378500 2011 8 8 12 43200 0.020 321.128 0 26.073 13.058 967.265 2.083
08378500 2011 8 9 12 43200 0.000 335.351 0 26.667 13.214 572.868 2.139
08378500 2011 8 10 12 43200 0.000 339.800 0 27.972 14.208 483.404 2.232
08380500 2011 8 1 12 43200 34.915 302.244 0 23.911 14.021 1368.550 1.789
08380500 2011 8 2 12 43200 1.525 219.888 0 26.161 14.194 1241.025 2.035
08380500 2011 8 3 12 43200 9.057 141.562 0 24.529 14.010 1323.389 1.861
08380500 2011 8 4 12 43200 24.865 244.025 0 24.874 13.783 1219.320 1.914
08380500 2011 8 5 12 43200 17.791 227.781 0 23.769 14.152 1286.896 1.764
08380500 2011 8 6 12 43200 4.796 283.740 0 25.436 13.869 1161.085 1.972
08380500 2011 8 7 12 43200 0.081 215.284 0 24.898 15.134 1050.232 1.830
08380500 2011 8 8 12 43200 0.021 314.989 0 27.015 14.019 975.571 2.141
08380500 2011 8 9 12 43200 0.000 331.909 0 28.017 13.841 617.808 2.261
08380500 2011 8 10 12 43200 0.000 338.762 0 29.070 15.371 504.662 2.299
09034900 2011 8 1 12 43200 13.700 314.750 0 18.583 7.584 1074.583 1.333
09034900 2011 8 2 12 43200 2.800 241.375 0 19.850 6.750 980.525 1.466
09034900 2011 8 3 12 43200 2.800 270.875 0 20.293 8.150 915.348 1.454
09034900 2011 8 4 12 43200 4.400 162.125 0 17.850 6.450 860.026 1.315
09034900 2011 8 5 12 43200 6.300 180.625 0 18.075 7.075 921.951 1.311
09034900 2011 8 6 12 43200 2.700 264.875 0 19.297 6.470 853.274 1.430
09034900 2011 8 7 12 43200 0.200 244.875 0 18.333 7.075 775.193 1.332
09034900 2011 8 8 12 43200 1.200 256.375 0 18.350 5.875 730.208 1.374
09034900 2011 8 9 12 43200 0.000 338.250 0 20.772 5.781 566.320 1.567
09034900 2011 8 10 12 43200 0.000 342.125 0 22.321 6.569 430.951 1.668
09035800 2011 8 1 12 43200 13.700 314.750 0 18.583 7.584 1074.583 1.331
09035800 2011 8 2 12 43200 2.800 241.375 0 19.850 6.750 980.525 1.463
09035800 2011 8 3 12 43200 2.800 270.875 0 20.293 8.150 915.348 1.452
09035800 2011 8 4 12 43200 4.400 162.125 0 17.850 6.450 860.026 1.313
09035800 2011 8 5 12 43200 6.300 180.625 0 18.075 7.075 921.951 1.308
09035800 2011 8 6 12 43200 2.700 264.875 0 19.297 6.470 853.274 1.428
09035800 2011 8 7 12 43200 0.200 244.875 0 18.333 7.075 775.193 1.330
09035800 2011 8 8 12 43200 1.200 256.375 0 18.350 5.875 730.208 1.372
09035800 2011 8 9 12 43200 0.000 338.250 0 20.772 5.781 566.320 1.564
09035800 2011 8 10 12 43200 0.000 342.125 0 22.321 6.569 430.951 1.665
09035900 2011 8 1 12 43200 13.700 314.750 0 18.583 7.584 1074.583 1.331
09035900 2011 8 2 12 43200 2.800 241.375 0 19.850 6.750 980.525 1.463
09035900 2011 8 3 12 43200 2.800 270.875 0 20.293 8.150 915.348 1.452
09035900 2011 8 4 12 43200 4.400 162.125 0 17.850 6.450 860.026 1.313
09035900 2011 8 5 12 43200 6.300 180.625 0 18.075 7.075 921.951 1.309
09035900 2011 8 6 12 43200 2.700 264.875 0 19.297 6.470 853.274 1.428
09035900 2011 8 7 12 43200 0.200 244.875 0 18.333 7.075 775.193 1.330
09035900 2011 8 8 12 43200 1.200 256.375 0 18.350 5.875 730.208 1.372
09035900 2011 8 9 12 43200 0.000 338.250 0 20.772 5.781 566.320 1.564
09035900 2011 8 10 12 43200 0.000 342.125 0 22.321 6.569 430.951 1.666
09047700 2011 8 1 12 43200 10.500 286.875 0 17.850 6.784 1025.288 1.313
09047700 2011 8 2 12 43200 2.300 241.375 0 20.650 6.250 930.865 1.556
09047700 2011 8 3 12 43200 5.700 213.625 0 17.500 8.450 930.120 1.214
09047700 2011 8 4 12 43200 5.900 172.500 0 16.350 6.250 867.539 1.211
09047700 2011 8 5 12 43200 13.800 189.375 0 15.575 6.175 935.552 1.150
09047700 2011 8 6 12 43200 3.800 252.875 0 18.297 5.670 833.484 1.386
09047700 2011 8 7 12 43200 0.800 236.000 0 17.433 5.675 772.877 1.318
09047700 2011 8 8 12 43200 0.500 270.625 0 17.750 5.375 685.838 1.353
09047700 2011 8 9 12 43200 -0.000 340.000 0 20.272 4.982 526.419 1.560
09047700 2011 8 10 12 43200 0.000 342.250 0 21.921 5.369 422.850 1.679
09065500 2011 8 1 12 43200 12.709 307.938 0 18.569 7.700 1097.262 1.336
09065500 2011 8 2 12 43200 1.829 258.610 0 20.182 6.930 986.046 1.496
09065500 2011 8 3 12 43200 2.504 268.908 0 20.057 8.156 931.781 1.443
09065500 2011 8 4 12 43200 1.542 198.956 0 18.169 6.795 854.298 1.337
09065500 2011 8 5 12 43200 8.563 216.887 0 18.603 7.287 958.199 1.354
09065500 2011 8 6 12 43200 3.349 277.732 0 19.913 6.751 881.199 1.479
09065500 2011 8 7 12 43200 0.555 247.430 0 19.158 7.297 815.660 1.400
09065500 2011 8 8 12 43200 2.000 259.951 0 18.556 6.087 750.811 1.392
09065500 2011 8 9 12 43200 -0.000 338.436 0 21.317 6.297 558.593 1.605
09065500 2011 8 10 12 43200 0.000 341.867 0 22.798 6.688 454.375 1.713
09066000 2011 8 1 12 43200 12.100 301.250 0 17.283 6.684 1067.765 1.270
09066000 2011 8 2 12 43200 2.100 248.875 0 20.250 6.050 942.551 1.529
09066000 2011 8 3 12 43200 4.400 245.375 0 18.093 7.750 928.894 1.295
09066000 2011 8 4 12 43200 3.100 199.125 0 18.373 6.050 851.632 1.380
09066000 2011 8 5 12 43200 15.200 202.750 0 16.775 6.475 962.880 1.237
09066000 2011 8 6 12 43200 4.500 257.500 0 18.897 5.870 847.041 1.428
09066000 2011 8 7 12 43200 1.300 230.500 0 17.533 5.875 804.726 1.319
09066000 2011 8 8 12 43200 2.000 284.500 0 18.150 5.275 701.909 1.387
09066000 2011 8 9 12 43200 -0.000 339.875 0 20.572 5.281 519.601 1.575
09066000 2011 8 10 12 43200 0.000 342.375 0 22.121 5.469 435.104 1.692
09066200 2011 8 1 12 43200 13.000 311.125 0 19.183 8.184 1111.451 1.367
09066200 2011 8 2 12 43200 1.700 263.250 0 20.150 7.350 1007.102 1.478
09066200 2011 8 3 12 43200 1.600 280.125 0 20.993 8.350 932.994 1.513
09066200 2011 8 4 12 43200 0.800 198.875 0 18.250 7.150 855.419 1.329
09066200 2011 8 5 12 43200 5.400 223.625 0 19.475 7.675 955.709 1.411
09066200 2011 8 6 12 43200 2.800 287.375 0 20.397 7.170 897.712 1.504
09066200 2011 8 7 12 43200 0.200 255.500 0 19.933 7.975 820.835 1.438
09066200 2011 8 8 12 43200 2.000 248.250 0 18.850 6.475 774.558 1.401
09066200 2011 8 9 12 43200 0.000 337.750 0 21.672 6.781 577.537 1.619
09066200 2011 8 10 12 43200 0.000 341.625 0 23.121 7.269 463.701 1.722
09066300 2011 8 1 12 43200 12.053 307.748 0 19.498 8.342 1118.374 1.387
09066300 2011 8 2 12 43200 1.665 268.820 0 20.238 7.613 1017.529 1.476
09066300 2011 8 3 12 43200 1.319 281.528 0 21.133 8.490 937.262 1.520
09066300 2011 8 4 12 43200 0.765 203.480 0 18.388 7.325 865.705 1.334
09066300 2011 8 5 12 43200 4.751 231.694 0 19.703 7.850 963.612 1.423
09066300 2011 8 6 12 43200 2.695 287.901 0 20.590 7.346 909.877 1.514
09066300 2011 8 7 12 43200 0.165 257.605 0 20.249 8.150 831.899 1.458
09066300 2011 8 8 12 43200 2.158 252.679 0 19.078 6.650 783.287 1.414
09066300 2011 8 9 12 43200 0.000 337.377 0 21.918 6.974 581.426 1.633
09066300 2011 8 10 12 43200 0.000 341.011 0 23.331 7.427 472.193 1.735
09081600 2011 8 1 12 43200 7.442 319.197 0 18.925 8.657 1142.500 1.350
09081600 2011 8 2 12 43200 0.258 292.836 0 21.120 8.482 1025.941 1.547
09081600 2011 8 3 12 43200 3.930 207.276 0 19.455 9.258 1042.943 1.370
09081600 2011 8 4 12 43200 8.170 231.611 0 19.174 8.206 1029.632 1.390
09081600 2011 8 5 12 43200 25.481 260.582 0 18.932 8.316 1115.825 1.365
09081600 2011 8 6 12 43200 3.572 267.653 0 20.072 8.347 1034.244 1.462
09081600 2011 8 7 12 43200 2.524 306.497 0 20.297 8.908 941.461 1.459
09081600 2011 8 8 12 43200 2.525 327.687 0 20.569 7.266 829.154 1.542
09081600 2011 8 9 12 43200 0.000 337.967 0 21.868 7.606 580.496 1.640
09081600 2011 8 10 12 43200 0.000 339.518 0 22.925 8.346 540.032 1.705
09107000 2011 8 1 12 43200 4.750 286.383 0 18.252 6.847 957.237 1.387
09107000 2011 8 2 12 43200 0.505 256.388 0 18.453 6.501 897.067 1.416
09107000 2011 8 3 12 43200 13.863 223.787 0 16.216 7.838 999.610 1.168
09107000 2011 8 4 12 43200 10.367 264.299 0 16.127 6.892 900.363 1.204
09107000 2011 8 5 12 43200 29.361 258.500 0 14.707 7.098 954.558 1.070
09107000 2011 8 6 12 43200 1.688 293.058 0 17.939 6.729 834.305 1.365
09107000 2011 8 7 12 43200 0.362 266.939 0 17.691 6.573 780.070 1.350
09107000 2011 8 8 12 43200 1.732 317.556 0 17.931 5.638 690.119 1.402
09107000 2011 8 9 12 43200 0.000 339.230 0 19.722 5.368 483.230 1.556
09107000 2011 8 10 12 43200 0.000 341.480 0 21.355 5.956 422.850 1.672
09223000 2011 8 1 12 43200 14.605 284.379 0 18.834 12.710 1398.037 0.972
09223000 2011 8 2 12 43200 0.000 338.185 0 23.314 8.386 932.052 1.521
09223000 2011 8 3 12 43200 0.000 225.181 0 22.408 11.298 829.511 1.352
09223000 2011 8 4 12 43200 0.000 307.060 0 24.017 9.290 948.129 1.547
09223000 2011 8 5 12 43200 0.096 335.109 0 25.198 11.519 864.820 1.568
09223000 2011 8 6 12 43200 0.008 334.365 0 25.090 11.894 670.967 1.546
09223000 2011 8 7 12 43200 0.000 326.636 0 24.685 11.103 559.662 1.542
09223000 2011 8 8 12 43200 0.000 330.650 0 23.502 10.979 613.943 1.452
09223000 2011 8 9 12 43200 0.000 333.375 0 24.529 10.877 530.039 1.537
09223000 2011 8 10 12 43200 0.000 334.070 0 26.785 10.073 458.072 1.736
09306242 2011 8 1 12 43200 0.153 299.979 0 26.661 15.763 1246.260 1.678
09306242 2011 8 2 12 43200 0.023 303.091 0 26.552 15.276 1096.110 1.693
09306242 2011 8 3 12 43200 0.000 259.776 0 27.925 15.052 764.041 1.837
09306242 2011 8 4 12 43200 4.700 279.318 0 27.445 13.486 1152.180 1.861
09306242 2011 8 5 12 43200 0.523 188.219 0 26.697 14.524 1151.847 1.745
09306242 2011 8 6 12 43200 0.477 279.522 0 28.052 16.955 1065.345 1.751
09306242 2011 8 7 12 43200 2.871 326.697 0 28.782 15.894 901.879 1.879
09306242 2011 8 8 12 43200 1.647 327.043 0 28.629 14.660 831.023 1.921
09306242 2011 8 9 12 43200 0.000 332.170 0 29.828 15.060 565.378 2.017
09306242 2011 8 10 12 43200 0.000 333.359 0 31.100 15.748 470.793 2.109
09312600 2011 8 1 12 43200 27.367 292.738 0 19.656 11.498 1386.201 1.238
09312600 2011 8 2 12 43200 0.203 327.232 0 23.000 9.974 955.605 1.608
09312600 2011 8 3 12 43200 0.987 166.397 0 23.669 11.993 938.107 1.584
09312600 2011 8 4 12 43200 3.257 233.001 0 22.387 9.985 1099.000 1.555
09312600 2011 8 5 12 43200 0.892 258.116 0 23.983 12.287 1045.822 1.599
09312600 2011 8 6 12 43200 0.009 324.434 0 24.167 12.983 861.571 1.584
09312600 2011 8 7 12 43200 0.000 335.081 0 23.854 11.797 680.468 1.609
09312600 2011 8 8 12 43200 0.000 333.586 0 24.367 10.808 614.951 1.695
09312600 2011 8 9 12 43200 0.000 333.602 0 25.691 11.814 580.490 1.773
09312600 2011 8 10 12 43200 0.000 334.859 0 26.936 12.686 496.574 1.851
09352900 2011 8 1 12 43200 9.915 325.438 0 17.932 7.243 1125.174 1.424
09352900 2011 8 2 12 43200 1.214 263.022 0 22.039 6.900 945.515 1.802
09352900 2011 8 3 12 43200 12.765 236.094 0 17.285 8.370 1038.077 1.311
09352900 2011 8 4 12 43200 17.389 315.523 0 17.879 7.314 1038.521 1.416
09352900 2011 8 5 12 43200 19.012 283.002 0 17.456 7.308 1040.642 1.377
09352900 2011 8 6 12 43200 4.183 279.265 0 20.617 6.764 911.459 1.681
09352900 2011 8 7 12 43200 8.891 273.893 0 16.188 8.085 941.721 1.220
09352900 2011 8 8 12 43200 0.374 333.392 0 20.639 6.459 720.714 1.693
09352900 2011 8 9 12 43200 0.000 340.438 0 21.897 6.987 498.836 1.787
09352900 2011 8 10 12 43200 0.000 342.725 0 23.545 7.284 455.693 1.924
09378170 2011 8 1 12 43200 0.000 313.022 0 26.397 17.208 1298.617 1.710
09378170 2011 8 2 12 43200 0.000 263.981 0 27.504 17.364 1185.180 1.826
09378170 2011 8 3 12 43200 0.002 206.834 0 27.312 19.385 939.711 1.652
09378170 2011 8 4 12 43200 4.124 235.032 0 26.898 16.964 1204.453 1.784
09378170 2011 8 5 12 43200 1.691 238.060 0 27.872 19.552 1110.672 1.708
09378170 2011 8 6 12 43200 0.200 236.144 0 27.064 17.787 1144.371 1.746
09378170 2011 8 7 12 43200 1.781 312.976 0 28.840 17.686 992.949 1.956
09378170 2011 8 8 12 43200 0.000 335.497 0 28.574 18.091 577.228 1.899
09378170 2011 8 9 12 43200 0.000 340.298 0 29.662 17.565 412.521 2.055
09378170 2011 8 10 12 43200 0.000 334.131 0 30.925 17.848 386.002 2.178
09378630 2011 8 1 12 43200 0.000 312.875 0 26.383 17.184 1298.869 1.716
09378630 2011 8 2 12 43200 0.000 263.250 0 27.478 17.350 1185.072 1.830
09378630 2011 8 3 12 43200 0.000 206.625 0 27.293 19.350 938.761 1.659
09378630 2011 8 4 12 43200 4.100 234.375 0 26.873 16.950 1203.946 1.788
09378630 2011 8 5 12 43200 1.700 237.500 0 27.865 19.550 1109.775 1.714
09378630 2011 8 6 12 43200 0.200 235.625 0 27.050 17.770 1143.664 1.752
09378630 2011 8 7 12 43200 1.800 313.000 0 28.833 17.675 992.053 1.963
09378630 2011 8 8 12 43200 0.000 335.500 0 28.550 18.075 576.447 1.905
09378630 2011 8 9 12 43200 0.000 340.375 0 29.650 17.582 411.398 2.060
09378630 2011 8 10 12 43200 0.000 334.125 0 30.921 17.869 385.458 2.184
09386900 2011 8 1 12 43200 21.446 257.220 0 24.823 15.109 1403.498 1.848
09386900 2011 8 2 12 43200 0.092 174.809 0 25.020 15.705 1272.084 1.830
09386900 2011 8 3 12 43200 2.880 205.423 0 27.272 17.201 1235.373 1.999
09386900 2011 8 4 12 43200 0.192 227.700 0 26.653 16.298 1173.638 1.987
09386900 2011 8 5 12 43200 3.271 181.526 0 25.494 16.606 1200.638 1.821
09386900 2011 8 6 12 43200 2.701 235.081 0 26.081 17.090 1230.353 1.857
09386900 2011 8 7 12 43200 0.722 194.207 0 26.518 17.162 1152.806 1.907
09386900 2011 8 8 12 43200 0.699 320.481 0 29.184 17.021 1034.570 2.247
09386900 2011 8 9 12 43200 0.000 333.774 0 29.776 16.195 675.691 2.367
09386900 2011 8 10 12 43200 0.000 333.028 0 30.932 17.055 527.567 2.454
09404450 2011 8 1 12 43200 1.245 255.240 0 23.401 12.285 1357.846 1.721
09404450 2011 8 2 12 43200 -0.000 322.588 0 26.123 14.466 1076.092 1.888
09404450 2011 8 3 12 43200 0.000 275.707 0 26.264 15.842 878.528 1.822
09404450 2011 8 4 12 43200 2.659 194.719 0 25.340 15.131 1041.518 1.764
09404450 2011 8 5 12 43200 -0.000 307.687 0 27.496 14.917 999.419 2.010
09404450 2011 8 6 12 43200 0.000 327.859 0 26.084 15.267 907.611 1.837
09404450 2011 8 7 12 43200 0.000 289.054 0 26.509 14.443 898.749 1.930
09404450 2011 8 8 12 43200 0.000 337.563 0 27.171 12.369 432.837 2.097
09404450 2011 8 9 12 43200 0.000 339.791 0 27.600 12.686 383.967 2.127
09404450 2011 8 10 12 43200 0.000 329.460 0 28.705 13.786 434.293 2.191
09430500 2011 8 1 12 43200 13.658 290.149 0 25.816 15.898 1430.529 2.069
09430500 2011 8 2 12 43200 0.001 298.816 0 28.467 15.967 1174.016 2.408
09430500 2011 8 3 12 43200 0.045 169.985 0 27.772 17.248 1179.849 2.226
09430500 2011 8 4 12 43200 0.664 196.631 0 26.544 17.282 1131.858 2.057
09430500 2011 8 5 12 43200 7.118 168.377 0 25.947 16.361 1241.155 2.051
09430500 2011 8 6 12 43200 0.109 163.685 0 26.631 16.813 1147.488 2.107
09430500 2011 8 7 12 43200 0.022 151.946 0 26.599 17.485 1068.844 2.047
09430500 2011 8 8 12 43200 0.100 245.430 0 28.675 16.738 1096.891 2.383
09430500 2011 8 9 12 43200 0.000 281.967 0 29.995 17.483 961.532 2.504
09430500 2011 8 10 12 43200 0.000 326.971 0 32.072 18.691 693.713 2.697
09430600 2011 8 1 12 43200 19.071 231.255 0 26.056 16.591 1525.952 2.040
09430600 2011 8 2 12 43200 0.000 306.880 0 29.711 17.031 1247.959 2.489
09430600 2011 8 3 12 43200 0.000 201.620 0 28.882 18.205 1235.538 2.294
09430600 2011 8 4 12 43200 0.633 218.062 0 27.701 18.342 1148.020 2.120
09430600 2011 8 5 12 43200 6.176 179.907 0 27.082 16.927 1300.094 2.151
09430600 2011 8 6 12 43200 0.100 165.412 0 27.393 17.795 1183.155 2.123
09430600 2011 8 7 12 43200 0.000 179.519 0 28.188 18.218 1102.253 2.198
09430600 2011 8 8 12 43200 0.200 270.256 0 29.972 18.166 1156.154 2.444
09430600 2011 8 9 12 43200 0.000 279.748 0 31.153 18.836 1025.944 2.554
09430600 2011 8 10 12 43200 0.000 326.949 0 33.816 19.950 734.451 2.835
09447800 2011 8 1 12 43200 11.503 191.324 0 28.248 21.722 1852.540 1.872
09447800 2011 8 2 12 43200 0.577 305.958 0 31.656 20.352 1736.625 2.525
09447800 2011 8 3 12 43200 0.005 293.366 0 33.510 23.266 1402.775 2.540
09447800 2011 8 4 12 43200 0.489 278.937 0 32.967 23.411 1286.055 2.442
09447800 2011 8 5 12 43200 1.613 271.832 0 33.133 22.410 1401.112 2.563
09447800 2011 8 6 12 43200 3.238 236.467 0 32.944 22.630 1401.326 2.514
09447800 2011 8 7 12 43200 0.000 249.053 0 33.823 23.245 1342.524 2.590
09447800 2011 8 8 12 43200 0.000 304.042 0 35.282 23.527 1325.592 2.784
09447800 2011 8 9 12 43200 0.000 322.359 0 36.715 24.426 1003.766 2.920
09447800 2011 8 10 12 43200 0.000 324.623 0 37.576 24.293 663.570 3.060
09480000 2011 8 1 12 43200 85.122 227.208 0 26.306 17.879 1937.052 2.084
09480000 2011 8 2 12 43200 0.146 315.429 0 30.417 19.558 1709.303 2.545
09480000 2011 8 3 12 43200 0.000 231.009 0 31.884 21.951 1551.657 2.548
09480000 2011 8 4 12 43200 0.000 165.564 0 31.643 22.549 1533.764 2.449
09480000 2011 8 5 12 43200 3.401 268.286 0 32.629 21.803 1620.021 2.679
09480000 2011 8 6 12 43200 0.000 270.768 0 31.034 21.212 1643.624 2.487
09480000 2011 8 7 12 43200 0.082 182.950 0 29.854 21.901 1660.969 2.225
09480000 2011 8 8 12 43200 0.097 255.974 0 32.766 22.481 1666.748 2.636
09480000 2011 8 9 12 43200 0.012 298.516 0 34.895 23.493 1367.806 2.876
09480000 2011 8 10 12 43200 0.000 326.256 0 35.487 23.899 958.553 2.931
09484000 2011 8 1 12 43200 13.813 168.762 0 30.135 21.654 1984.841 2.228
09484000 2011 8 2 12 43200 1.045 308.636 0 34.050 22.518 1822.917 2.747
09484000 2011 8 3 12 43200 0.000 303.447 0 36.663 26.928 1556.391 2.725
09484000 2011 8 4 12 43200 0.522 239.905 0 36.021 27.628 1468.420 2.532
09484000 2011 8 5 12 43200 0.689 268.552 0 35.750 26.883 1596.171 2.575
09484000 2011 8 6 12 43200 0.381 245.202 0 34.399 26.468 1631.848 2.389
09484000 2011 8 7 12 43200 0.000 291.517 0 36.174 25.642 1616.502 2.781
09484000 2011 8 8 12 43200 0.000 275.223 0 37.661 26.742 1600.931 2.911
09484000 2011 8 9 12 43200 0.000 311.520 0 39.343 26.668 1142.417 3.189
09484000 2011 8 10 12 43200 0.000 327.588 0 39.715 26.856 799.182 3.231
09484600 2011 8 1 12 43200 65.689 127.151 0 26.941 19.186 2019.061 2.006
09484600 2011 8 2 12 43200 1.050 323.938 0 31.660 20.642 1797.891 2.579
09484600 2011 8 3 12 43200 0.000 276.248 0 33.880 23.723 1624.781 2.632
09484600 2011 8 4 12 43200 0.000 236.687 0 33.384 24.691 1528.688 2.448
09484600 2011 8 5 12 43200 0.995 283.199 0 33.664 24.167 1632.289 2.552
09484600 2011 8 6 12 43200 0.054 259.353 0 32.341 23.626 1674.656 2.393
09484600 2011 8 7 12 43200 0.363 206.875 0 32.901 23.353 1669.394 2.513
09484600 2011 8 8 12 43200 0.001 294.169 0 34.889 23.950 1662.712 2.769
09484600 2011 8 9 12 43200 -0.000 308.231 0 36.749 24.715 1317.658 2.989
09484600 2011 8 10 12 43200 0.000 327.333 0 37.272 24.907 903.514 3.054
09492400 2011 8 1 12 43200 37.848 236.818 0 23.431 14.559 1525.279 1.812
09492400 2011 8 2 12 43200 2.649 149.551 0 25.345 14.716 1418.000 2.041
09492400 2011 8 3 12 43200 0.252 233.779 0 26.349 15.365 1258.078 2.122
09492400 2011 8 4 12 43200 1.748 180.348 0 25.697 16.281 1167.795 1.971
09492400 2011 8 5 12 43200 18.797 166.610 0 26.796 14.651 1266.679 2.223
09492400 2011 8 6 12 43200 19.965 210.289 0 26.189 13.472 1222.998 2.220
09492400 2011 8 7 12 43200 0.460 204.770 0 26.035 15.302 1194.031 2.087
09492400 2011 8 8 12 43200 0.000 295.559 0 28.465 15.580 1198.880 2.370
09492400 2011 8 9 12 43200 0.000 325.207 0 29.864 16.377 929.312 2.494
09492400 2011 8 10 12 43200 0.000 324.167 0 30.943 16.557 670.281 2.617
09494000 2011 8 1 12 43200 31.136 232.083 0 24.870 15.183 1572.046 1.954
09494000 2011 8 2 12 43200 3.513 152.994 0 26.639 15.910 1490.570 2.127
09494000 2011 8 3 12 43200 0.359 255.585 0 27.655 16.030 1300.453 2.247
09494000 2011 8 4 12 43200 1.443 186.258 0 26.895 17.231 1190.459 2.061
09494000 2011 8 5 12 43200 15.144 180.994 0 27.741 15.686 1289.261 2.280
09494000 2011 8 6 12 43200 17.033 227.900 0 27.376 14.789 1253.254 2.292
09494000 2011 8 7 12 43200 0.444 225.297 0 27.251 16.197 1241.269 2.184
09494000 2011 8 8 12 43200 0.003 293.310 0 29.649 16.642 1227.504 2.458
09494000 2011 8 9 12 43200 0.000 323.204 0 31.153 17.265 938.363 2.609
09494000 2011 8 10 12 43200 0.000 326.199 0 32.165 17.333 670.236 2.732
09497800 2011 8 1 12 43200 5.610 255.980 0 30.773 16.658 1621.442 2.588
09497800 2011 8 2 12 43200 13.043 179.120 0 28.232 18.538 1668.837 2.127
09497800 2011 8 3 12 43200 1.019 294.947 0 31.561 17.692 1418.435 2.624
09497800 2011 8 4 12 43200 0.520 196.438 0 30.625 19.754 1246.218 2.355
09497800 2011 8 5 12 43200 1.854 225.219 0 30.399 17.970 1354.047 2.457
09497800 2011 8 6 12 43200 16.284 252.487 0 30.711 17.754 1407.522 2.512
09497800 2011 8 7 12 43200 0.319 259.002 0 30.578 18.585 1382.681 2.437
09497800 2011 8 8 12 43200 0.004 313.133 0 32.825 19.426 1305.145 2.674
09497800 2011 8 9 12 43200 0.000 327.735 0 34.597 19.900 945.425 2.875
09497800 2011 8 10 12 43200 0.000 330.259 0 35.538 19.764 692.527 3.007
09497980 2011 8 1 12 43200 3.149 263.088 0 30.896 18.244 1630.940 2.504
09497980 2011 8 2 12 43200 17.129 167.412 0 29.441 19.278 1726.583 2.233
09497980 2011 8 3 12 43200 1.136 267.335 0 31.754 19.171 1471.430 2.552
09497980 2011 8 4 12 43200 0.328 219.526 0 31.784 21.230 1265.636 2.396
09497980 2011 8 5 12 43200 1.208 258.051 0 31.879 20.157 1381.738 2.496
09497980 2011 8 6 12 43200 9.387 251.372 0 31.463 19.609 1471.778 2.481
09497980 2011 8 7 12 43200 0.075 280.271 0 32.270 20.356 1411.571 2.534
09497980 2011 8 8 12 43200 0.000 320.897 0 34.015 21.045 1340.827 2.720
09497980 2011 8 9 12 43200 0.000 330.456 0 35.492 21.723 938.964 2.873
09497980 2011 8 10 12 43200 0.000 327.072 0 36.188 21.586 700.022 2.977
09505200 2011 8 1 12 43200 0.844 309.445 0 28.561 17.762 1478.826 2.167
09505200 2011 8 2 12 43200 5.183 146.735 0 28.851 18.826 1523.388 2.124
09505200 2011 8 3 12 43200 4.418 281.562 0 30.407 17.214 1348.934 2.435
09505200 2011 8 4 12 43200 2.991 213.971 0 29.432 19.159 1222.244 2.175
09505200 2011 8 5 12 43200 0.014 221.218 0 29.556 18.797 1229.973 2.219
09505200 2011 8 6 12 43200 0.109 227.802 0 28.760 18.805 1308.660 2.114
09505200 2011 8 7 12 43200 0.780 304.879 0 30.656 18.167 1359.781 2.405
09505200 2011 8 8 12 43200 0.000 327.231 0 32.210 18.481 1137.828 2.580
09505200 2011 8 9 12 43200 0.000 336.928 0 33.062 19.364 681.801 2.631
09505200 2011 8 10 12 43200 0.000 327.831 0 33.739 20.021 671.417 2.674
09505350 2011 8 1 12 43200 0.500 304.610 0 28.674 18.373 1494.070 2.132
09505350 2011 8 2 12 43200 3.302 164.922 0 28.506 19.268 1512.377 2.038
09505350 2011 8 3 12 43200 4.130 273.509 0 30.802 17.916 1346.587 2.435
09505350 2011 8 4 12 43200 2.455 226.018 0 30.345 19.805 1224.029 2.241
09505350 2011 8 5 12 43200 0.000 238.851 0 30.237 19.253 1236.892 2.270
09505350 2011 8 6 12 43200 0.244 239.247 0 29.576 19.250 1300.385 2.183
09505350 2011 8 7 12 43200 0.544 307.418 0 31.547 18.778 1355.671 2.472
09505350 2011 8 8 12 43200 0.000 327.824 0 32.625 19.064 1097.288 2.590
09505350 2011 8 9 12 43200 0.000 336.016 0 33.505 19.931 655.083 2.645
09505350 2011 8 10 12 43200 0.000 325.923 0 33.984 20.520 676.144 2.667
09505800 2011 8 1 12 43200 1.166 304.111 0 28.821 17.811 1490.851 2.208
09505800 2011 8 2 12 43200 9.172 143.537 0 28.935 18.921 1587.877 2.138
09505800 2011 8 3 12 43200 3.787 281.586 0 30.545 17.385 1378.283 2.454
09505800 2011 8 4 12 43200 2.309 205.299 0 29.774 19.455 1240.726 2.208
09505800 2011 8 5 12 43200 0.210 229.282 0 29.891 18.964 1265.856 2.262
09505800 2011 8 6 12 43200 0.345 221.487 0 29.489 19.140 1329.753 2.195
09505800 2011 8 7 12 43200 0.940 291.111 0 30.105 18.418 1385.468 2.329
09505800 2011 8 8 12 43200 0.000 323.104 0 32.356 18.861 1230.010 2.586
09505800 2011 8 9 12 43200 0.000 335.678 0 33.460 19.745 749.164 2.670
09505800 2011 8 10 12 43200 0.000 328.617 0 33.965 20.316 680.083 2.697
09508300 2011 8 1 12 43200 0.334 295.538 0 31.388 21.003 1599.798 2.332
09508300 2011 8 2 12 43200 5.550 174.200 0 31.372 21.794 1761.624 2.260
09508300 2011 8 3 12 43200 0.983 285.345 0 34.264 20.404 1474.032 2.767
09508300 2011 8 4 12 43200 1.261 244.277 0 33.270 22.403 1326.803 2.479
09508300 2011 8 5 12 43200 0.653 295.010 0 34.188 21.829 1381.810 2.654
09508300 2011 8 6 12 43200 0.001 248.843 0 32.851 22.290 1419.741 2.428
09508300 2011 8 7 12 43200 0.331 291.380 0 33.769 21.913 1484.063 2.589
09508300 2011 8 8 12 43200 0.000 321.435 0 35.471 22.428 1382.072 2.785
09508300 2011 8 9 12 43200 0.000 330.449 0 36.728 23.069 857.602 2.910
09508300 2011 8 10 12 43200 0.000 323.298 0 37.126 23.556 723.252 2.929
09510200 2011 8 1 12 43200 0.100 281.832 0 34.771 25.898 1738.128 2.407
09510200 2011 8 2 12 43200 12.044 250.454 0 35.536 23.929 1853.844 2.717
09510200 2011 8 3 12 43200 0.955 277.874 0 37.300 25.564 1603.203 2.834
09510200 2011 8 4 12 43200 0.775 300.739 0 38.014 27.264 1390.231 2.782
09510200 2011 8 5 12 43200 1.200 299.830 0 37.333 27.366 1479.847 2.663
09510200 2011 8 6 12 43200 0.528 258.793 0 35.158 26.933 1567.335 2.353
09510200 2011 8 7 12 43200 0.000 302.536 0 37.768 26.789 1578.328 2.791
09510200 2011 8 8 12 43200 0.000 319.210 0 39.161 27.464 1506.306 2.943
09510200 2011 8 9 12 43200 0.000 326.207 0 40.561 27.670 946.820 3.140
09510200 2011 8 10 12 43200 0.000 321.884 0 41.488 27.906 726.160 3.262
09512280 2011 8 1 12 43200 0.000 287.824 0 34.854 26.579 1710.584 2.328
09512280 2011 8 2 12 43200 2.930 261.453 0 36.016 26.103 1802.905 2.567
09512280 2011 8 3 12 43200 0.827 290.393 0 37.538 25.902 1528.053 2.820
09512280 2011 8 4 12 43200 2.441 280.094 0 38.127 27.758 1393.287 2.731
09512280 2011 8 5 12 43200 0.486 305.528 0 37.403 27.056 1452.000 2.688
09512280 2011 8 6 12 43200 0.043 164.227 0 35.004 27.295 1549.297 2.268
09512280 2011 8 7 12 43200 0.000 312.613 0 37.774 26.256 1660.181 2.824
09512280 2011 8 8 12 43200 0.000 319.662 0 39.261 27.499 1498.646 2.935
09512280 2011 8 9 12 43200 0.000 328.673 0 40.604 27.920 846.919 3.104
09512280 2011 8 10 12 43200 0.000 321.875 0 41.394 28.194 753.515 3.200
09513780 2011 8 1 12 43200 0.000 287.500 0 35.113 27.184 1710.752 2.293
09513780 2011 8 2 12 43200 1.940 269.125 0 36.578 26.795 1776.787 2.576
09513780 2011 8 3 12 43200 1.000 292.500 0 38.100 26.550 1523.512 2.837
09513780 2011 8 4 12 43200 2.700 279.500 0 38.473 28.450 1396.712 2.706
09513780 2011 8 5 12 43200 0.400 306.500 0 37.965 27.575 1450.091 2.716
09513780 2011 8 6 12 43200 0.000 164.875 0 35.445 27.770 1556.721 2.278
09513780 2011 8 7 12 43200 0.000 316.125 0 38.033 26.775 1691.311 2.806
09513780 2011 8 8 12 43200 0.000 319.500 0 39.650 27.975 1504.917 2.942
09513780 2011 8 9 12 43200 0.000 329.375 0 40.950 28.481 811.137 3.096
09513780 2011 8 10 12 43200 0.000 321.875 0 41.826 28.669 758.379 3.214
10023000 2011 8 1 12 43200 16.202 287.887 0 19.220 12.937 1449.144 1.018
10023000 2011 8 2 12 43200 0.000 335.650 0 25.020 9.960 996.070 1.644
10023000 2011 8 3 12 43200 0.058 297.890 0 24.935 11.660 950.238 1.580
10023000 2011 8 4 12 43200 -0.000 273.279 0 24.255 10.694 1051.482 1.559
10023000 2011 8 5 12 43200 0.117 328.384 0 26.295 12.961 959.610 1.644
10023000 2011 8 6 12 43200 0.332 332.959 0 25.894 12.858 770.100 1.614
10023000 2011 8 7 12 43200 0.000 334.702 0 25.717 12.030 634.867 1.631
10023000 2011 8 8 12 43200 0.000 332.349 0 25.136 11.829 564.213 1.590
10023000 2011 8 9 12 43200 0.000 332.569 0 26.237 11.139 580.241 1.704
10023000 2011 8 10 12 43200 0.000 331.724 0 28.561 12.832 551.422 1.838
10166430 2011 8 1 12 43200 24.679 115.674 0 20.243 16.211 1585.201 0.919
10166430 2011 8 2 12 43200 0.000 326.807 0 28.438 14.445 1125.109 1.871
10166430 2011 8 3 12 43200 0.176 199.800 0 26.520 16.650 1113.592 1.578
10166430 2011 8 4 12 43200 0.779 258.133 0 29.337 16.293 1187.782 1.872
10166430 2011 8 5 12 43200 0.000 316.430 0 30.985 17.659 993.566 1.966
10166430 2011 8 6 12 43200 0.000 320.413 0 30.436 18.167 800.674 1.885
10166430 2011 8 7 12 43200 0.000 334.527 0 29.958 16.734 606.348 1.911
10166430 2011 8 8 12 43200 0.001 330.329 0 29.463 15.446 600.401 1.923
10166430 2011 8 9 12 43200 0.000 326.241 0 31.284 16.519 580.287 2.048
10166430 2011 8 10 12 43200 0.000 329.522 0 32.767 16.517 474.785 2.188
10172700 2011 8 1 12 43200 13.161 247.109 0 23.107 16.561 1485.535 1.249
10172700 2011 8 2 12 43200 0.000 327.673 0 28.843 16.087 1072.157 1.871
10172700 2011 8 3 12 43200 0.003 196.641 0 27.096 17.946 998.785 1.587
10172700 2011 8 4 12 43200 3.349 269.477 0 29.298 17.592 1132.963 1.837
10172700 2011 8 5 12 43200 0.000 312.609 0 31.067 19.137 950.469 1.933
10172700 2011 8 6 12 43200 0.000 324.587 0 30.451 19.641 798.216 1.837
10172700 2011 8 7 12 43200 0.000 335.213 0 30.533 17.639 588.127 1.960
10172700 2011 8 8 12 43200 0.089 325.569 0 29.433 16.461 523.611 1.910
10172700 2011 8 9 12 43200 0.000 330.621 0 31.273 18.358 485.487 1.997
10172700 2011 8 10 12 43200 0.000 333.623 0 32.627 18.125 406.433 2.145
10172800 2011 8 1 12 43200 24.270 82.834 0 21.071 17.369 1567.233 0.902
10172800 2011 8 2 12 43200 -0.000 328.067 0 28.979 16.197 1141.497 1.835
10172800 2011 8 3 12 43200 0.009 229.100 0 27.402 18.716 1145.538 1.531
10172800 2011 8 4 12 43200 0.311 263.172 0 30.070 17.961 1198.807 1.852
10172800 2011 8 5 12 43200 0.000 317.867 0 31.588 19.604 938.468 1.915
10172800 2011 8 6 12 43200 0.000 315.035 0 31.197 20.290 785.432 1.833
10172800 2011 8 7 12 43200 0.000 335.385 0 30.544 19.613 572.343 1.806
10172800 2011 8 8 12 43200 0.000 330.465 0 29.479 18.076 580.145 1.786
10172800 2011 8 9 12 43200 0.000 326.762 0 31.565 19.801 560.992 1.901
10172800 2011 8 10 12 43200 0.000 330.715 0 33.137 19.716 471.085 2.067
10173450 2011 8 1 12 43200 2.360 233.141 0 22.144 11.391 1311.007 1.621
10173450 2011 8 2 12 43200 -0.000 321.644 0 25.749 13.146 1061.570 1.896
10173450 2011 8 3 12 43200 0.000 229.376 0 25.121 14.770 894.107 1.742
10173450 2011 8 4 12 43200 3.512 198.158 0 24.130 14.182 1043.957 1.671
10173450 2011 8 5 12 43200 0.053 316.639 0 26.620 14.659 953.298 1.908
10173450 2011 8 6 12 43200 0.219 329.357 0 25.581 14.342 879.434 1.816
10173450 2011 8 7 12 43200 0.000 308.866 0 25.834 13.194 855.590 1.902
10173450 2011 8 8 12 43200 0.000 337.622 0 26.882 11.833 433.530 2.067
10173450 2011 8 9 12 43200 0.000 339.490 0 27.503 12.489 394.477 2.101
10173450 2011 8 10 12 43200 0.000 330.341 0 28.157 13.807 435.119 2.110
10205030 2011 8 1 12 43200 20.900 271.625 0 20.683 11.984 1340.184 1.364
10205030 2011 8 2 12 43200 0.000 335.250 0 24.650 11.050 1007.633 1.784
10205030 2011 8 3 12 43200 0.400 194.250 0 23.960 14.350 946.567 1.556
10205030 2011 8 4 12 43200 5.300 200.750 0 23.550 13.150 1080.455 1.583
10205030 2011 8 5 12 43200 0.600 277.625 0 25.265 14.875 997.815 1.660
10205030 2011 8 6 12 43200 0.700 321.250 0 25.550 13.770 874.562 1.748
10205030 2011 8 7 12 43200 0.000 318.750 0 25.333 12.475 785.982 1.788
10205030 2011 8 8 12 43200 0.000 330.750 0 25.350 12.975 566.797 1.767
10205030 2011 8 9 12 43200 0.000 336.000 0 26.872 13.082 529.273 1.908
10205030 2011 8 10 12 43200 0.000 335.250 0 27.921 13.169 438.306 2.004
10234500 2011 8 1 12 43200 6.329 257.341 0 21.178 11.405 1329.858 1.483
10234500 2011 8 2 12 43200 0.529 331.204 0 26.344 12.284 1043.625 1.942
10234500 2011 8 3 12 43200 0.001 213.200 0 25.311 14.869 931.742 1.710
10234500 2011 8 4 12 43200 0.896 163.204 0 24.801 14.230 1024.235 1.693
10234500 2011 8 5 12 43200 0.234 309.938 0 26.992 14.599 945.746 1.899
10234500 2011 8 6 12 43200 0.598 329.268 0 26.487 14.120 887.430 1.872
10234500 2011 8 7 12 43200 0.000 319.864 0 25.704 12.697 785.277 1.862
10234500 2011 8 8 12 43200 0.000 336.684 0 26.918 12.610 449.665 1.984
10234500 2011 8 9 12 43200 0.000 338.186 0 28.533 13.175 412.470 2.117
10234500 2011 8 10 12 43200 0.000 334.482 0 29.004 13.701 428.575 2.142
10242000 2011 8 1 12 43200 1.302 255.160 0 23.982 13.135 1373.871 1.712
10242000 2011 8 2 12 43200 -0.000 319.430 0 26.973 14.672 1121.793 1.941
10242000 2011 8 3 12 43200 0.166 227.253 0 26.135 16.195 922.293 1.761
10242000 2011 8 4 12 43200 4.152 224.756 0 26.409 15.559 1075.575 1.831
10242000 2011 8 5 12 43200 0.012 324.580 0 28.420 16.744 973.109 1.980
10242000 2011 8 6 12 43200 0.188 330.214 0 27.613 16.406 889.379 1.912
10242000 2011 8 7 12 43200 0.000 326.593 0 27.388 15.038 866.009 1.965
10242000 2011 8 8 12 43200 0.000 337.645 0 27.795 13.644 425.528 2.076
10242000 2011 8 9 12 43200 0.000 338.714 0 28.771 14.281 419.912 2.146
10242000 2011 8 10 12 43200 0.000 330.212 0 29.932 15.721 465.271 2.199
10244950 2011 8 1 12 43200 13.920 214.500 0 22.913 14.584 1247.809 1.415
10244950 2011 8 2 12 43200 0.200 169.000 0 24.250 15.795 963.427 1.477
10244950 2011 8 3 12 43200 0.000 159.875 0 24.400 13.850 1007.966 1.609
10244950 2011 8 4 12 43200 1.000 289.375 0 27.850 15.950 915.836 1.843
10244950 2011 8 5 12 43200 0.000 339.875 0 27.850 14.675 478.335 1.906
10244950 2011 8 6 12 43200 0.000 340.875 0 27.150 14.870 421.385 1.828
10244950 2011 8 7 12 43200 0.000 340.625 0 27.233 13.875 346.314 1.884
10244950 2011 8 8 12 43200 0.000 335.750 0 28.550 13.075 449.377 2.041
10244950 2011 8 9 12 43200 0.000 335.875 0 29.250 14.181 425.698 2.063
10244950 2011 8 10 12 43200 0.000 335.875 0 29.526 15.969 333.071 2.010
10249300 2011 8 1 12 43200 47.009 284.844 0 23.988 12.897 1152.229 1.640
10249300 2011 8 2 12 43200 0.288 232.879 0 23.304 17.382 1012.840 1.264
10249300 2011 8 3 12 43200 0.000 322.891 0 25.513 16.607 885.534 1.580
10249300 2011 8 4 12 43200 0.000 344.687 0 25.481 16.138 652.764 1.608
10249300 2011 8 5 12 43200 0.000 348.359 0 25.377 14.325 484.846 1.704
10249300 2011 8 6 12 43200 0.000 345.751 0 25.281 15.076 419.466 1.652
10249300 2011 8 7 12 43200 0.000 340.125 0 26.033 14.362 536.290 1.767
10249300 2011 8 8 12 43200 0.000 340.875 0 27.550 15.044 540.921 1.884
10249300 2011 8 9 12 43200 0.000 343.641 0 27.850 15.326 388.951 1.900
10249300 2011 8 10 12 43200 0.000 338.391 0 27.745 15.944 398.693 1.857
10258000 2011 8 1 12 43200 0.038 302.023 0 33.383 22.524 1764.884 2.515
10258000 2011 8 2 12 43200 0.962 289.687 0 34.342 24.302 1417.069 2.494
10258000 2011 8 3 12 43200 4.681 326.747 0 34.669 24.552 1061.782 2.520
10258000 2011 8 4 12 43200 0.000 331.359 0 34.424 23.690 873.523 2.564
10258000 2011 8 5 12 43200 0.000 337.687 0 33.927 21.615 602.199 2.667
10258000 2011 8 6 12 43200 0.000 344.890 0 33.478 20.048 578.559 2.721
10258000 2011 8 7 12 43200 0.000 345.906 0 33.110 19.190 687.665 2.731
10258000 2011 8 8 12 43200 0.000 344.594 0 35.365 19.977 679.157 2.975
10258000 2011 8 9 12 43200 0.000 334.218 0 37.549 21.635 652.662 3.159
10258000 2011 8 10 12 43200 0.000 320.718 0 37.472 24.709 741.178 2.923
10258500 2011 8 1 12 43200 0.220 283.654 0 33.962 23.605 1769.670 2.508
10258500 2011 8 2 12 43200 1.140 259.941 0 34.998 25.451 1458.977 2.486
10258500 2011 8 3 12 43200 8.320 324.825 0 35.673 25.192 1117.434 2.617
10258500 2011 8 4 12 43200 0.000 331.125 0 35.592 24.930 891.487 2.630
10258500 2011 8 5 12 43200 0.000 337.325 0 35.430 23.515 608.210 2.732
10258500 2011 8 6 12 43200 0.000 344.450 0 35.270 22.050 526.574 2.826
10258500 2011 8 7 12 43200 0.000 345.750 0 34.653 21.215 610.042 2.803
10258500 2011 8 8 12 43200 0.000 345.149 0 36.850 21.735 615.854 3.065
10258500 2011 8 9 12 43200 0.000 332.952 0 38.592 24.142 610.338 3.135
10258500 2011 8 10 12 43200 0.000 319.601 0 38.561 26.569 727.099 2.929
10259000 2011 8 1 12 43200 0.082 289.060 0 33.742 23.646 1767.162 2.470
10259000 2011 8 2 12 43200 0.918 272.740 0 35.015 25.559 1430.425 2.476
10259000 2011 8 3 12 43200 7.643 325.401 0 35.477 25.329 1096.393 2.572
10259000 2011 8 4 12 43200 0.000 331.191 0 35.322 24.812 881.176 2.598
10259000 2011 8 5 12 43200 0.000 337.463 0 35.094 23.096 598.632 2.717
10259000 2011 8 6 12 43200 0.000 344.610 0 34.824 21.574 544.375 2.798
10259000 2011 8 7 12 43200 0.000 345.794 0 34.277 20.761 641.428 2.783
10259000 2011 8 8 12 43200 0.000 344.706 0 36.577 21.414 647.429 3.048
10259000 2011 8 9 12 43200 0.000 333.881 0 38.357 23.610 632.736 3.140
10259000 2011 8 10 12 43200 0.000 320.381 0 38.370 26.191 733.019 2.933
10259200 2011 8 1 12 43200 0.405 284.229 0 34.324 23.374 1787.737 2.593
10259200 2011 8 2 12 43200 1.510 253.834 0 34.952 25.024 1502.385 2.532
10259200 2011 8 3 12 43200 7.404 323.625 0 35.870 25.136 1136.074 2.663
10259200 2011 8 4 12 43200 0.000 330.831 0 35.848 24.884 907.751 2.683
10259200 2011 8 5 12 43200 0.000 336.958 0 35.568 23.702 628.640 2.747
10259200 2011 8 6 12 43200 0.000 344.059 0 35.516 22.286 521.656 2.854
10259200 2011 8 7 12 43200 0.000 345.566 0 34.928 21.402 587.781 2.838
10259200 2011 8 8 12 43200 0.000 345.563 0 36.979 21.776 588.785 3.092
10259200 2011 8 9 12 43200 0.000 331.757 0 38.750 24.242 588.985 3.162
10259200 2011 8 10 12 43200 0.000 318.614 0 38.738 26.708 726.515 2.955
10263500 2011 8 1 12 43200 0.159 307.873 0 31.635 20.726 1699.858 2.367
10263500 2011 8 2 12 43200 0.235 320.578 0 33.360 22.550 823.663 2.456
10263500 2011 8 3 12 43200 0.000 330.361 0 33.710 23.185 814.743 2.451
10263500 2011 8 4 12 43200 0.000 339.809 0 33.655 22.509 647.703 2.501
10263500 2011 8 5 12 43200 0.000 346.567 0 32.409 20.116 454.851 2.518
10263500 2011 8 6 12 43200 0.000 347.744 0 31.774 18.364 573.404 2.556
10263500 2011 8 7 12 43200 0.000 344.184 0 32.075 19.004 731.667 2.552
10263500 2011 8 8 12 43200 0.000 341.060 0 34.551 19.910 849.461 2.811
10263500 2011 8 9 12 43200 0.000 338.311 0 35.867 21.387 775.455 2.886
10263500 2011 8 10 12 43200 0.000 327.640 0 36.227 23.604 716.929 2.773
10310500 2011 8 1 12 43200 0.000 318.790 0 27.815 11.359 758.662 2.044
10310500 2011 8 2 12 43200 0.000 337.767 0 27.051 12.597 697.819 1.928
10310500 2011 8 3 12 43200 0.000 343.030 0 27.039 12.438 570.367 1.933
10310500 2011 8 4 12 43200 0.000 347.064 0 26.743 10.439 516.801 1.978
10310500 2011 8 5 12 43200 0.000 343.846 0 26.921 9.914 543.983 2.010
10310500 2011 8 6 12 43200 0.000 340.667 0 26.805 10.383 570.078 1.985
10310500 2011 8 7 12 43200 0.000 337.753 0 27.352 10.068 642.500 2.044
10310500 2011 8 8 12 43200 0.000 342.039 0 28.822 9.889 551.722 2.178
10310500 2011 8 9 12 43200 0.000 342.635 0 29.979 10.238 421.186 2.271
10310500 2011 8 10 12 43200 0.000 337.774 0 28.443 12.141 424.917 2.074
10316500 2011 8 1 12 43200 9.731 252.404 0 26.481 15.240 1172.953 1.630
10316500 2011 8 2 12 43200 0.746 232.176 0 25.057 15.128 936.045 1.500
10316500 2011 8 3 12 43200 1.553 251.242 0 25.899 11.744 1002.942 1.729
10316500 2011 8 4 12 43200 0.000 320.431 0 28.791 17.229 890.421 1.749
10316500 2011 8 5 12 43200 0.000 338.316 0 28.434 12.711 416.117 1.913
10316500 2011 8 6 12 43200 0.000 338.193 0 28.104 13.509 423.991 1.855
10316500 2011 8 7 12 43200 0.000 332.131 0 27.843 13.673 443.045 1.825
10316500 2011 8 8 12 43200 0.000 329.729 0 29.398 12.635 471.381 1.999
10316500 2011 8 9 12 43200 0.000 333.507 0 28.499 14.609 382.473 1.846
10316500 2011 8 10 12 43200 0.000 331.046 0 29.066 14.947 314.099 1.883
10329500 2011 8 1 12 43200 4.910 312.478 0 29.479 17.183 940.047 1.747
10329500 2011 8 2 12 43200 0.000 301.259 0 27.347 17.606 571.600 1.522
10329500 2011 8 3 12 43200 0.000 322.970 0 28.649 14.914 865.847 1.774
10329500 2011 8 4 12 43200 0.050 321.968 0 28.058 17.233 581.364 1.611
10329500 2011 8 5 12 43200 0.000 335.253 0 26.951 14.574 438.662 1.639
10329500 2011 8 6 12 43200 0.000 331.344 0 28.022 14.454 432.114 1.738
10329500 2011 8 7 12 43200 0.000 328.044 0 27.477 14.404 513.477 1.693
10329500 2011 8 8 12 43200 0.000 326.298 0 28.860 14.594 529.168 1.806
10329500 2011 8 9 12 43200 0.000 327.029 0 28.684 14.601 486.397 1.790
10329500 2011 8 10 12 43200 0.000 320.196 0 28.996 14.437 393.737 1.824
10336645 2011 8 1 12 43200 0.000 345.383 0 24.622 10.296 718.038 1.799
10336645 2011 8 2 12 43200 0.000 344.894 0 24.302 12.047 708.290 1.699
10336645 2011 8 3 12 43200 0.000 345.856 0 24.047 11.365 580.634 1.705
10336645 2011 8 4 12 43200 0.000 347.663 0 22.721 8.971 548.390 1.680
10336645 2011 8 5 12 43200 0.000 344.515 0 23.586 9.007 587.711 1.753
10336645 2011 8 6 12 43200 0.000 341.057 0 22.895 8.309 618.304 1.717
10336645 2011 8 7 12 43200 0.000 339.250 0 22.709 8.713 688.709 1.687
10336645 2011 8 8 12 43200 0.000 342.553 0 24.510 8.008 570.930 1.863
10336645 2011 8 9 12 43200 0.000 342.189 0 26.806 8.915 423.894 2.035
10336645 2011 8 10 12 43200 0.000 337.538 0 25.351 10.771 444.462 1.847
10336660 2011 8 1 12 43200 0.000 345.626 0 24.583 10.283 718.965 1.792
10336660 2011 8 2 12 43200 0.000 344.876 0 24.279 12.001 708.988 1.695
10336660 2011 8 3 12 43200 0.000 345.875 0 23.994 11.349 581.395 1.697
10336660 2011 8 4 12 43200 0.000 347.623 0 22.674 8.950 549.570 1.672
10336660 2011 8 5 12 43200 0.000 344.500 0 23.549 8.950 589.315 1.748
10336660 2011 8 6 12 43200 0.000 341.000 0 22.850 8.270 619.882 1.710
10336660 2011 8 7 12 43200 0.000 339.250 0 22.634 8.650 690.468 1.679
10336660 2011 8 8 12 43200 0.000 342.500 0 24.450 7.974 571.952 1.855
10336660 2011 8 9 12 43200 0.000 342.122 0 26.772 8.881 424.248 2.028
10336660 2011 8 10 12 43200 0.000 337.500 0 25.321 10.725 445.044 1.842
10336740 2011 8 1 12 43200 0.000 337.625 0 25.883 10.684 685.679 1.897
10336740 2011 8 2 12 43200 0.000 345.500 0 25.078 11.950 683.794 1.775
10336740 2011 8 3 12 43200 0.000 345.250 0 25.793 11.850 554.260 1.845
10336740 2011 8 4 12 43200 0.000 348.875 0 24.273 9.650 509.221 1.790
10336740 2011 8 5 12 43200 0.000 345.000 0 24.750 9.675 535.727 1.831
10336740 2011 8 6 12 43200 0.000 342.875 0 24.350 9.570 566.765 1.800
10336740 2011 8 7 12 43200 0.000 339.250 0 25.133 9.575 631.739 1.868
10336740 2011 8 8 12 43200 0.000 344.250 0 26.450 9.075 537.212 1.998
10336740 2011 8 9 12 43200 0.000 344.250 0 27.872 9.982 411.404 2.096
10336740 2011 8 10 12 43200 0.000 338.750 0 26.321 11.869 425.083 1.893
10343500 2011 8 1 12 43200 0.000 344.625 0 26.583 9.584 665.082 1.963
10343500 2011 8 2 12 43200 0.000 346.625 0 26.078 11.095 641.684 1.870
10343500 2011 8 3 12 43200 0.000 343.875 0 25.793 10.850 522.099 1.853
10343500 2011 8 4 12 43200 0.000 346.000 0 24.973 9.050 511.461 1.842
10343500 2011 8 5 12 43200 0.000 344.125 0 24.550 8.275 567.651 1.829
10343500 2011 8 6 12 43200 0.000 340.750 0 24.450 8.270 575.835 1.821
10343500 2011 8 7 12 43200 0.000 339.250 0 25.333 8.275 654.107 1.894
10343500 2011 8 8 12 43200 0.000 342.250 0 26.750 7.675 547.234 2.028
10343500 2011 8 9 12 43200 0.000 338.500 0 28.272 8.781 407.396 2.129
10343500 2011 8 10 12 43200 0.000 337.125 0 26.721 10.069 417.015 1.961
10348850 2011 8 1 12 43200 0.000 333.015 0 27.477 10.651 684.939 2.015
10348850 2011 8 2 12 43200 0.000 342.279 0 26.450 12.064 674.267 1.874
10348850 2011 8 3 12 43200 0.000 343.905 0 27.206 12.471 539.543 1.927
10348850 2011 8 4 12 43200 0.000 346.665 0 25.809 9.816 505.680 1.896
10348850 2011 8 5 12 43200 0.000 343.963 0 26.418 9.302 544.041 1.964
10348850 2011 8 6 12 43200 0.000 340.447 0 26.122 9.336 564.694 1.938
10348850 2011 8 7 12 43200 0.000 338.035 0 27.211 9.328 641.179 2.031
10348850 2011 8 8 12 43200 0.000 342.023 0 28.157 8.967 538.700 2.122
10348850 2011 8 9 12 43200 0.000 342.169 0 29.367 9.596 390.870 2.210
10348850 2011 8 10 12 43200 0.000 338.653 0 27.580 11.345 409.355 2.002
10396000 2011 8 1 12 43200 0.014 298.317 0 30.416 17.787 779.994 1.697
10396000 2011 8 2 12 43200 0.000 334.656 0 29.715 14.827 448.034 1.758
10396000 2011 8 3 12 43200 0.000 331.889 0 29.682 12.639 599.873 1.827
10396000 2011 8 4 12 43200 0.000 320.768 0 28.027 14.215 462.516 1.643
10396000 2011 8 5 12 43200 0.000 326.048 0 25.786 13.288 703.872 1.497
10396000 2011 8 6 12 43200 0.000 322.848 0 28.069 13.781 639.150 1.663
10396000 2011 8 7 12 43200 0.000 305.145 0 27.003 12.816 752.266 1.612
10396000 2011 8 8 12 43200 0.000 318.186 0 28.712 13.031 516.267 1.739
10396000 2011 8 9 12 43200 0.000 323.870 0 29.623 12.737 598.917 1.820
10396000 2011 8 10 12 43200 0.000 320.230 0 27.335 12.026 577.578 1.664
11098000 2011 8 1 12 43200 0.000 321.572 0 33.441 21.495 1433.934 2.571
11098000 2011 8 2 12 43200 0.000 328.747 0 34.383 22.479 688.751 2.624
11098000 2011 8 3 12 43200 0.000 330.345 0 34.651 22.879 834.372 2.629
11098000 2011 8 4 12 43200 0.000 339.823 0 33.731 21.926 692.733 2.577
11098000 2011 8 5 12 43200 0.000 344.700 0 31.955 19.275 690.178 2.536
11098000 2011 8 6 12 43200 0.000 342.012 0 31.403 17.652 892.765 2.572
11098000 2011 8 7 12 43200 0.000 337.680 0 31.509 17.904 985.550 2.570
11098000 2011 8 8 12 43200 0.000 336.121 0 34.145 19.480 1043.212 2.806
11098000 2011 8 9 12 43200 0.000 335.102 0 35.772 21.587 923.979 2.880
11098000 2011 8 10 12 43200 0.000 324.539 0 36.073 22.898 827.680 2.826
11124500 2011 8 1 12 43200 0.000 341.445 0 33.443 17.812 647.805 2.779
11124500 2011 8 2 12 43200 0.000 339.654 0 34.177 19.038 636.047 2.799
11124500 2011 8 3 12 43200 0.000 343.796 0 33.719 19.965 647.023 2.683
11124500 2011 8 4 12 43200 0.000 353.825 0 33.616 17.529 473.582 2.816
11124500 2011 8 5 12 43200 0.000 342.575 0 30.811 17.682 839.229 2.463
11124500 2011 8 6 12 43200 0.000 338.548 0 31.065 15.831 866.189 2.600
11124500 2011 8 7 12 43200 0.000 337.094 0 31.331 16.363 921.119 2.604
11124500 2011 8 8 12 43200 0.000 339.310 0 33.903 17.440 812.414 2.855
11124500 2011 8 9 12 43200 0.000 337.983 0 35.360 18.378 741.537 2.983
11124500 2011 8 10 12 43200 0.000 329.073 0 35.276 20.813 782.619 2.829
11141280 2011 8 1 12 43200 0.000 337.375 0 27.983 11.669 1136.792 2.390
11141280 2011 8 2 12 43200 0.000 334.625 0 27.650 12.502 958.390 2.319
11141280 2011 8 3 12 43200 0.000 341.375 0 29.393 13.150 970.161 2.480
11141280 2011 8 4 12 43200 0.000 346.875 0 28.173 12.750 860.237 2.365
11141280 2011 8 5 12 43200 0.000 335.250 0 24.850 12.350 1264.714 2.022
11141280 2011 8 6 12 43200 0.000 331.625 0 25.650 10.170 1268.364 2.206
11141280 2011 8 7 12 43200 0.000 330.375 0 25.433 11.475 1301.479 2.127
11141280 2011 8 8 12 43200 0.000 334.000 0 32.150 12.250 1106.302 2.813
11141280 2011 8 9 12 43200 0.000 332.750 0 34.172 14.775 1076.450 2.941
11141280 2011 8 10 12 43200 0.000 327.000 0 31.321 14.665 1154.999 2.626
11143000 2011 8 1 12 43200 0.266 299.444 0 23.854 10.939 991.935 1.911
11143000 2011 8 2 12 43200 0.266 293.126 0 23.806 11.961 1097.584 1.856
11143000 2011 8 3 12 43200 -0.000 332.024 0 24.521 13.753 1045.301 1.834
11143000 2011 8 4 12 43200 0.000 284.094 0 21.186 12.839 1265.633 1.519
11143000 2011 8 5 12 43200 0.000 289.773 0 21.255 11.381 1283.670 1.618
11143000 2011 8 6 12 43200 0.089 276.772 0 20.107 11.608 1297.508 1.480
11143000 2011 8 7 12 43200 0.027 299.784 0 21.024 11.423 1249.125 1.591
11143000 2011 8 8 12 43200 0.000 307.845 0 22.032 12.013 1161.131 1.665
11143000 2011 8 9 12 43200 0.089 287.083 0 25.692 13.536 1242.000 1.975
11143000 2011 8 10 12 43200 -0.000 314.513 0 26.173 13.710 1056.285 2.018
11148900 2011 8 1 12 43200 0.000 335.987 0 26.659 10.857 998.657 2.237
11148900 2011 8 2 12 43200 0.000 334.475 0 27.062 12.118 989.957 2.226
11148900 2011 8 3 12 43200 0.000 344.502 0 28.969 13.845 986.308 2.353
11148900 2011 8 4 12 43200 0.000 339.127 0 29.742 13.451 1053.489 2.454
11148900 2011 8 5 12 43200 0.000 333.212 0 25.143 11.176 1168.558 2.067
11148900 2011 8 6 12 43200 0.000 329.906 0 26.186 11.782 1282.580 2.149
11148900 2011 8 7 12 43200 0.000 332.392 0 26.491 10.353 1199.056 2.239
11148900 2011 8 8 12 43200 0.000 336.370 0 31.807 12.479 965.440 2.712
11148900 2011 8 9 12 43200 0.000 331.634 0 33.014 14.472 1034.126 2.767
11148900 2011 8 10 12 43200 0.000 330.216 0 31.025 15.908 937.534 2.481
11151300 2011 8 1 12 43200 0.000 340.285 0 36.160 12.966 752.096 3.101
11151300 2011 8 2 12 43200 0.000 339.789 0 35.603 13.625 635.686 3.022
11151300 2011 8 3 12 43200 0.000 341.859 0 35.646 15.578 703.032 2.959
11151300 2011 8 4 12 43200 0.000 343.171 0 34.996 14.171 763.424 2.940
11151300 2011 8 5 12 43200 0.000 336.541 0 32.739 11.289 913.724 2.796
11151300 2011 8 6 12 43200 0.000 333.591 0 32.501 11.646 988.871 2.761
11151300 2011 8 7 12 43200 0.000 333.235 0 32.866 9.946 941.958 2.844
11151300 2011 8 8 12 43200 0.000 338.347 0 35.272 12.063 724.712 3.034
11151300 2011 8 9 12 43200 0.000 335.772 0 38.603 14.220 810.552 3.324
11151300 2011 8 10 12 43200 0.000 330.282 0 38.306 16.686 676.294 3.210
11162500 2011 8 1 12 43200 0.020 314.625 0 20.983 10.184 1250.184 1.590
11162500 2011 8 2 12 43200 0.000 304.000 0 20.578 10.750 1254.437 1.521
11162500 2011 8 3 12 43200 0.000 324.000 0 22.293 11.792 1248.585 1.639
11162500 2011 8 4 12 43200 0.000 281.375 0 19.373 13.252 1426.500 1.224
11162500 2011 8 5 12 43200 0.200 268.750 0 20.150 13.050 1367.905 1.330
11162500 2011 8 6 12 43200 0.200 255.125 0 18.850 13.050 1407.181 1.179
11162500 2011 8 7 12 43200 0.120 269.000 0 19.033 13.250 1362.743 1.184
11162500 2011 8 8 12 43200 0.000 310.625 0 20.350 11.575 1331.526 1.450
11162500 2011 8 9 12 43200 0.000 290.750 0 21.772 13.075 1434.227 1.508
11162500 2011 8 10 12 43200 0.000 309.000 0 22.121 12.026 1327.234 1.608
11176400 2011 8 1 12 43200 0.000 338.845 0 34.446 11.822 1082.731 2.809
11176400 2011 8 2 12 43200 0.000 340.993 0 33.920 11.897 900.627 2.755
11176400 2011 8 3 12 43200 0.000 340.131 0 34.879 15.535 868.615 2.734
11176400 2011 8 4 12 43200 0.000 334.252 0 31.848 13.683 1026.275 2.493
11176400 2011 8 5 12 43200 0.000 329.100 0 31.531 10.311 1082.848 2.568
11176400 2011 8 6 12 43200 0.000 324.553 0 30.868 11.337 1168.097 2.475
11176400 2011 8 7 12 43200 0.000 326.657 0 31.270 9.930 1130.955 2.553
11176400 2011 8 8 12 43200 0.000 333.421 0 33.067 11.288 923.597 2.689
11176400 2011 8 9 12 43200 0.000 330.948 0 36.239 12.481 999.093 2.968
11176400 2011 8 10 12 43200 0.000 329.798 0 37.254 14.261 837.316 3.021
11180500 2011 8 1 12 43200 0.000 337.452 0 30.483 10.998 1197.164 2.444
11180500 2011 8 2 12 43200 0.000 340.345 0 29.247 10.619 1084.518 2.338
11180500 2011 8 3 12 43200 0.000 340.457 0 31.331 12.750 1015.288 2.470
11180500 2011 8 4 12 43200 0.000 330.678 0 25.797 12.974 1286.001 1.910
11180500 2011 8 5 12 43200 0.000 322.104 0 27.819 12.199 1255.929 2.145
11180500 2011 8 6 12 43200 0.000 308.484 0 25.499 12.484 1302.046 1.904
11180500 2011 8 7 12 43200 0.000 319.212 0 27.251 12.009 1276.484 2.097
11180500 2011 8 8 12 43200 0.000 330.288 0 28.033 10.844 1180.835 2.215
11180500 2011 8 9 12 43200 0.000 324.306 0 30.901 12.026 1273.876 2.452
11180500 2011 8 10 12 43200 0.000 328.776 0 31.859 12.059 1143.939 2.545
11180960 2011 8 1 12 43200 0.000 336.625 0 30.483 11.384 1213.823 2.421
11180960 2011 8 2 12 43200 0.000 340.000 0 29.578 10.950 1082.658 2.348
11180960 2011 8 3 12 43200 0.000 340.250 0 31.993 12.750 1026.150 2.524
11180960 2011 8 4 12 43200 0.000 332.125 0 26.073 13.250 1287.895 1.916
11180960 2011 8 5 12 43200 0.000 323.000 0 28.150 12.475 1259.788 2.157
11180960 2011 8 6 12 43200 0.000 310.000 0 26.050 12.870 1303.630 1.932
11180960 2011 8 7 12 43200 0.000 319.625 0 28.133 12.175 1283.566 2.167
11180960 2011 8 8 12 43200 0.000 329.875 0 28.750 11.175 1186.118 2.262
11180960 2011 8 9 12 43200 0.000 324.375 0 31.672 12.082 1277.642 2.514
11180960 2011 8 10 12 43200 0.000 328.500 0 32.521 12.169 1150.191 2.594
11224500 2011 8 1 12 43200 0.000 331.389 0 36.537 14.022 799.459 3.115
11224500 2011 8 2 12 43200 0.000 338.360 0 36.768 15.156 586.033 3.103
11224500 2011 8 3 12 43200 0.000 340.259 0 35.793 16.512 694.976 2.944
11224500 2011 8 4 12 43200 0.000 343.563 0 36.374 16.793 609.228 2.997
11224500 2011 8 5 12 43200 0.000 336.297 0 33.688 13.774 809.773 2.820
11224500 2011 8 6 12 43200 0.000 334.469 0 35.336 14.600 921.041 2.967
11224500 2011 8 7 12 43200 0.000 333.429 0 35.188 12.723 901.927 3.012
11224500 2011 8 8 12 43200 0.000 337.587 0 37.093 14.555 610.539 3.158
11224500 2011 8 9 12 43200 0.000 336.390 0 38.663 17.205 700.104 3.237
11224500 2011 8 10 12 43200 0.000 329.821 0 39.163 18.213 608.575 3.254
11230500 2011 8 1 12 43200 3.096 292.440 0 19.892 8.112 820.246 1.575
11230500 2011 8 2 12 43200 0.000 338.455 0 20.340 9.478 675.070 1.557
11230500 2011 8 3 12 43200 0.000 353.158 0 21.110 9.264 560.479 1.640
11230500 2011 8 4 12 43200 0.000 357.963 0 21.015 8.231 423.828 1.674
11230500 2011 8 5 12 43200 0.000 356.100 0 21.224 8.301 376.856 1.690
11230500 2011 8 6 12 43200 0.000 352.819 0 20.369 8.020 435.409 1.622
11230500 2011 8 7 12 43200 0.000 349.584 0 20.721 8.225 493.441 1.647
11230500 2011 8 8 12 43200 0.000 352.485 0 23.463 8.275 418.805 1.896
11230500 2011 8 9 12 43200 0.000 351.786 0 24.575 9.443 352.706 1.959
11230500 2011 8 10 12 43200 0.000 343.829 0 23.150 10.441 348.984 1.784
11237500 2011 8 1 12 43200 1.377 323.081 0 25.840 13.471 928.325 1.922
11237500 2011 8 2 12 43200 0.000 341.702 0 26.121 14.751 765.253 1.882
11237500 2011 8 3 12 43200 0.000 348.173 0 26.394 14.408 631.210 1.931
11237500 2011 8 4 12 43200 0.000 351.780 0 25.661 13.408 500.247 1.906
11237500 2011 8 5 12 43200 0.000 349.891 0 25.382 13.191 472.598 1.888
11237500 2011 8 6 12 43200 0.000 344.930 0 24.582 12.430 539.767 1.844
11237500 2011 8 7 12 43200 0.000 342.623 0 24.609 12.549 598.967 1.841
11237500 2011 8 8 12 43200 0.000 345.589 0 27.170 12.891 537.890 2.086
11237500 2011 8 9 12 43200 0.000 345.764 0 28.648 14.497 415.435 2.165
11237500 2011 8 10 12 43200 0.000 340.366 0 28.451 15.356 403.193 2.100
11253310 2011 8 1 12 43200 0.000 322.996 0 38.485 14.515 939.587 3.286
11253310 2011 8 2 12 43200 0.000 336.813 0 37.369 15.576 620.570 3.131
11253310 2011 8 3 12 43200 0.000 339.267 0 36.190 17.144 747.427 2.940
11253310 2011 8 4 12 43200 0.000 341.313 0 37.128 17.597 636.874 3.026
11253310 2011 8 5 12 43200 0.000 335.591 0 34.248 14.458 827.449 2.835
11253310 2011 8 6 12 43200 0.000 332.806 0 35.995 15.712 906.660 2.976
11253310 2011 8 7 12 43200 0.000 332.011 0 36.015 13.618 913.962 3.050
11253310 2011 8 8 12 43200 0.000 337.139 0 37.829 15.323 619.844 3.189
11253310 2011 8 9 12 43200 0.000 335.380 0 39.081 18.093 712.581 3.226
11253310 2011 8 10 12 43200 0.000 329.588 0 39.680 18.925 625.010 3.260
11264500 2011 8 1 12 43200 1.228 326.054 0 21.412 8.380 779.103 1.678
11264500 2011 8 2 12 43200 0.000 344.158 0 21.101 9.373 707.702 1.609
11264500 2011 8 3 12 43200 0.000 351.281 0 21.973 9.403 600.272 1.689
11264500 2011 8 4 12 43200 0.000 354.385 0 21.333 7.978 489.464 1.685
11264500 2011 8 5 12 43200 0.000 352.925 0 21.563 7.993 462.305 1.706
11264500 2011 8 6 12 43200 0.000 349.051 0 20.742 7.405 494.452 1.653
11264500 2011 8 7 12 43200 0.000 346.608 0 21.021 7.704 560.026 1.667
11264500 2011 8 8 12 43200 0.000 349.515 0 23.508 7.689 503.198 1.889
11264500 2011 8 9 12 43200 0.000 348.333 0 25.299 9.565 401.863 1.991
11264500 2011 8 10 12 43200 0.000 343.322 0 23.955 9.537 425.342 1.868
11266500 2011 8 1 12 43200 1.034 327.782 0 22.009 8.976 789.966 1.710
11266500 2011 8 2 12 43200 0.000 344.177 0 21.766 10.021 717.083 1.644
11266500 2011 8 3 12 43200 0.000 350.551 0 22.555 10.048 606.940 1.717
11266500 2011 8 4 12 43200 0.000 353.489 0 21.817 8.621 497.595 1.706
11266500 2011 8 5 12 43200 0.000 352.187 0 21.996 8.640 472.715 1.722
11266500 2011 8 6 12 43200 0.000 348.121 0 21.188 7.977 506.728 1.673
11266500 2011 8 7 12 43200 0.000 345.839 0 21.418 8.328 573.301 1.681
11266500 2011 8 8 12 43200 0.000 348.838 0 23.863 8.281 515.168 1.904
11266500 2011 8 9 12 43200 0.000 347.703 0 25.726 10.145 406.651 2.012
11266500 2011 8 10 12 43200 0.000 342.752 0 24.486 10.181 431.340 1.894
11274500 2011 8 1 12 43200 0.000 337.940 0 34.741 12.110 1099.005 2.858
11274500 2011 8 2 12 43200 0.000 338.394 0 34.387 12.018 928.497 2.825
11274500 2011 8 3 12 43200 0.000 339.055 0 34.363 15.150 960.319 2.722
11274500 2011 8 4 12 43200 0.000 333.844 0 32.832 12.996 1069.999 2.641
11274500 2011 8 5 12 43200 0.000 326.734 0 30.914 10.165 1104.418 2.538
11274500 2011 8 6 12 43200 0.000 323.770 0 30.662 11.330 1191.773 2.480
11274500 2011 8 7 12 43200 0.000 324.578 0 30.860 10.347 1164.781 2.528
11274500 2011 8 8 12 43200 0.000 332.877 0 33.640 10.745 980.868 2.785
11274500 2011 8 9 12 43200 0.000 331.034 0 36.974 12.149 1015.190 3.079
11274500 2011 8 10 12 43200 0.000 329.728 0 37.272 14.038 886.411 3.059
11274630 2011 8 1 12 43200 0.000 336.103 0 36.593 13.046 1125.494 2.997
11274630 2011 8 2 12 43200 0.000 338.502 0 35.556 13.312 902.708 2.886
11274630 2011 8 3 12 43200 0.000 338.049 0 35.369 16.494 866.133 2.756
11274630 2011 8 4 12 43200 0.000 334.118 0 33.909 15.100 936.727 2.658
11274630 2011 8 5 12 43200 0.000 331.515 0 32.789 11.181 1038.315 2.673
11274630 2011 8 6 12 43200 0.000 327.555 0 32.949 12.444 1115.568 2.652
11274630 2011 8 7 12 43200 0.000 329.344 0 33.200 10.424 1092.245 2.732
11274630 2011 8 8 12 43200 0.000 333.063 0 34.693 12.356 846.709 2.827
11274630 2011 8 9 12 43200 0.000 330.649 0 37.761 13.619 919.967 3.099
11274630 2011 8 10 12 43200 0.000 328.626 0 38.121 15.506 766.870 3.081
11284400 2011 8 1 12 43200 0.000 315.849 0 34.606 18.709 1188.380 2.537
11284400 2011 8 2 12 43200 0.000 333.646 0 33.086 18.946 921.598 2.356
11284400 2011 8 3 12 43200 0.000 336.736 0 33.476 20.478 805.750 2.311
11284400 2011 8 4 12 43200 0.000 339.236 0 33.365 18.703 692.481 2.401
11284400 2011 8 5 12 43200 0.000 334.820 0 30.750 17.369 776.546 2.186
11284400 2011 8 6 12 43200 0.000 331.752 0 32.116 17.672 812.277 2.318
11284400 2011 8 7 12 43200 0.000 329.295 0 32.775 16.167 858.323 2.460
11284400 2011 8 8 12 43200 0.000 332.608 0 34.039 17.597 759.694 2.529
11284400 2011 8 9 12 43200 0.000 333.195 0 35.741 18.731 647.880 2.660
11284400 2011 8 10 12 43200 0.000 330.104 0 35.732 20.620 633.684 2.561
11299600 2011 8 1 12 43200 0.000 319.628 0 36.851 16.927 1248.541 2.841
11299600 2011 8 2 12 43200 0.000 332.414 0 34.600 17.849 932.933 2.565
11299600 2011 8 3 12 43200 0.000 334.453 0 34.519 19.474 824.477 2.475
11299600 2011 8 4 12 43200 0.000 335.218 0 34.757 18.031 780.981 2.573
11299600 2011 8 5 12 43200 0.000 330.968 0 31.984 15.643 935.081 2.389
11299600 2011 8 6 12 43200 0.000 329.132 0 33.957 16.588 925.497 2.553
11299600 2011 8 7 12 43200 0.000 326.883 0 34.833 14.136 967.694 2.734
11299600 2011 8 8 12 43200 0.000 330.460 0 35.788 16.036 886.243 2.765
11299600 2011 8 9 12 43200 0.000 329.484 0 37.813 17.318 800.672 2.927
11299600 2011 8 10 12 43200 0.000 327.570 0 36.121 19.181 737.858 2.667
11381500 2011 8 1 12 43200 0.000 344.433 0 28.723 13.606 749.432 1.962
11381500 2011 8 2 12 43200 0.000 348.109 0 28.496 15.067 538.468 1.879
11381500 2011 8 3 12 43200 0.000 343.123 0 29.116 15.323 493.150 1.926
11381500 2011 8 4 12 43200 0.000 338.885 0 26.967 13.648 620.522 1.799
11381500 2011 8 5 12 43200 0.000 334.896 0 26.989 13.596 731.667 1.804
11381500 2011 8 6 12 43200 0.000 333.599 0 26.395 13.036 708.998 1.773
11381500 2011 8 7 12 43200 0.000 332.186 0 26.613 12.990 792.990 1.795
11381500 2011 8 8 12 43200 0.000 333.766 0 28.070 13.567 672.733 1.904
11381500 2011 8 9 12 43200 0.000 331.491 0 29.358 14.746 722.770 1.974
11381500 2011 8 10 12 43200 0.000 326.853 0 29.267 14.935 620.143 1.958
11383500 2011 8 1 12 43200 0.000 344.300 0 28.497 13.099 770.831 1.964
11383500 2011 8 2 12 43200 0.000 348.402 0 28.193 14.618 541.540 1.874
11383500 2011 8 3 12 43200 0.000 343.454 0 28.725 14.845 499.748 1.914
11383500 2011 8 4 12 43200 0.000 338.847 0 26.688 13.070 630.532 1.801
11383500 2011 8 5 12 43200 0.000 335.431 0 26.647 13.128 725.499 1.795
11383500 2011 8 6 12 43200 0.000 333.878 0 26.109 12.529 704.271 1.771
11383500 2011 8 7 12 43200 0.000 333.257 0 26.342 12.534 781.117 1.792
11383500 2011 8 8 12 43200 0.000 334.908 0 27.661 13.007 663.310 1.892
11383500 2011 8 9 12 43200 0.000 332.020 0 29.162 14.267 700.853 1.979
11383500 2011 8 10 12 43200 0.000 326.334 0 28.940 14.580 610.997 1.946
11451100 2011 8 1 12 43200 0.000 344.232 0 31.990 14.089 1112.021 2.331
11451100 2011 8 2 12 43200 0.000 349.982 0 32.086 14.654 679.495 2.319
11451100 2011 8 3 12 43200 0.000 346.109 0 32.204 15.756 714.747 2.288
11451100 2011 8 4 12 43200 0.000 335.493 0 30.987 14.460 919.859 2.222
11451100 2011 8 5 12 43200 0.000 332.490 0 31.549 14.075 1095.948 2.290
11451100 2011 8 6 12 43200 0.000 328.368 0 30.653 14.475 1144.933 2.189
11451100 2011 8 7 12 43200 0.000 328.252 0 31.338 13.875 1181.408 2.277
11451100 2011 8 8 12 43200 0.000 327.245 0 32.462 14.979 1126.542 2.343
11451100 2011 8 9 12 43200 0.000 330.865 0 34.183 15.687 875.300 2.484
11451100 2011 8 10 12 43200 0.000 320.813 0 33.328 16.636 839.155 2.362
11468500 2011 8 1 12 43200 0.261 303.760 0 21.661 11.343 1382.743 1.460
11468500 2011 8 2 12 43200 0.007 319.201 0 22.475 10.211 1194.706 1.584
11468500 2011 8 3 12 43200 0.000 338.064 0 22.325 11.480 1108.688 1.515
11468500 2011 8 4 12 43200 0.000 329.800 0 19.660 10.341 1247.880 1.325
11468500 2011 8 5 12 43200 0.000 326.306 0 22.233 10.115 1287.337 1.567
11468500 2011 8 6 12 43200 0.000 323.865 0 21.077 9.992 1281.007 1.470
11468500 2011 8 7 12 43200 0.000 324.654 0 20.184 9.821 1256.054 1.397
11468500 2011 8 8 12 43200 0.000 319.498 0 21.112 10.138 1233.710 1.466
11468500 2011 8 9 12 43200 0.000 327.212 0 22.742 10.986 1173.008 1.576
11468500 2011 8 10 12 43200 0.000 318.585 0 22.985 11.200 1133.151 1.588
11473900 2011 8 1 12 43200 0.000 344.749 0 29.789 13.677 1083.762 2.088
11473900 2011 8 2 12 43200 0.000 348.536 0 30.030 13.242 745.205 2.126
11473900 2011 8 3 12 43200 0.000 345.459 0 30.015 14.141 718.702 2.091
11473900 2011 8 4 12 43200 0.000 337.161 0 27.701 12.148 889.742 1.954
11473900 2011 8 5 12 43200 0.000 333.233 0 29.511 13.102 1068.246 2.084
11473900 2011 8 6 12 43200 0.000 329.057 0 28.305 12.996 1109.426 1.977
11473900 2011 8 7 12 43200 0.000 327.801 0 28.229 12.520 1120.664 1.988
11473900 2011 8 8 12 43200 0.000 328.916 0 29.019 12.815 1075.829 2.049
11473900 2011 8 9 12 43200 0.000 332.294 0 31.166 13.506 788.095 2.221
11473900 2011 8 10 12 43200 0.000 327.806 0 31.334 13.847 754.546 2.224
11475560 2011 8 1 12 43200 0.101 328.511 0 24.074 11.772 1357.922 1.641
11475560 2011 8 2 12 43200 0.000 338.054 0 26.273 10.899 1063.023 1.870
11475560 2011 8 3 12 43200 0.000 340.026 0 25.670 12.299 985.263 1.763
11475560 2011 8 4 12 43200 0.000 332.908 0 22.444 10.044 1146.628 1.567
11475560 2011 8 5 12 43200 0.000 327.886 0 25.463 10.496 1234.200 1.813
11475560 2011 8 6 12 43200 0.000 326.439 0 24.185 10.028 1229.581 1.719
11475560 2011 8 7 12 43200 0.000 325.829 0 23.180 9.933 1218.327 1.636
11475560 2011 8 8 12 43200 0.000 327.536 0 24.100 10.233 1175.199 1.704
11475560 2011 8 9 12 43200 0.000 328.261 0 26.401 11.215 1017.180 1.870
11475560 2011 8 10 12 43200 0.000 322.825 0 27.100 11.966 994.843 1.905
11476600 2011 8 1 12 43200 0.000 335.764 0 25.167 10.989 1359.413 1.721
11476600 2011 8 2 12 43200 0.000 336.575 0 25.667 10.039 1225.471 1.795
11476600 2011 8 3 12 43200 0.000 335.939 0 24.802 9.608 960.033 1.737
11476600 2011 8 4 12 43200 0.004 269.444 0 18.897 11.550 1275.944 1.137
11476600 2011 8 5 12 43200 0.000 320.350 0 23.661 10.754 1270.109 1.601
11476600 2011 8 6 12 43200 0.000 318.453 0 21.775 10.663 1247.675 1.442
11476600 2011 8 7 12 43200 0.000 312.728 0 22.053 9.850 1173.473 1.499
11476600 2011 8 8 12 43200 0.000 321.928 0 23.466 8.958 1164.718 1.647
11476600 2011 8 9 12 43200 0.000 320.561 0 24.079 9.879 1229.801 1.668
11476600 2011 8 10 12 43200 0.000 322.411 0 25.219 8.511 1116.631 1.803
11478500 2011 8 1 12 43200 0.000 337.091 0 28.329 12.617 1250.600 1.926
11478500 2011 8 2 12 43200 0.000 339.922 0 26.311 10.213 1136.272 1.833
11478500 2011 8 3 12 43200 0.000 337.567 0 26.056 10.079 922.001 1.815
11478500 2011 8 4 12 43200 0.002 299.865 0 20.713 9.024 1155.930 1.410
11478500 2011 8 5 12 43200 0.000 328.377 0 24.968 9.643 1219.433 1.739
11478500 2011 8 6 12 43200 0.000 327.448 0 23.498 9.590 1172.267 1.620
11478500 2011 8 7 12 43200 0.000 322.296 0 23.530 8.408 1164.653 1.660
11478500 2011 8 8 12 43200 0.000 327.963 0 23.833 8.335 1099.872 1.686
11478500 2011 8 9 12 43200 0.000 326.550 0 25.462 8.411 1079.489 1.814
11478500 2011 8 10 12 43200 0.000 324.460 0 26.369 8.291 1060.787 1.890
11480390 2011 8 1 12 43200 0.000 340.226 0 29.999 13.614 1110.442 2.056
11480390 2011 8 2 12 43200 0.000 344.974 0 29.836 12.197 856.392 2.089
11480390 2011 8 3 12 43200 0.000 343.444 0 29.641 11.925 795.456 2.080
11480390 2011 8 4 12 43200 0.000 335.654 0 26.380 8.584 956.374 1.901
11480390 2011 8 5 12 43200 0.000 331.773 0 28.398 10.732 1106.896 2.009
11480390 2011 8 6 12 43200 0.000 327.789 0 28.694 11.562 1102.377 2.010
11480390 2011 8 7 12 43200 0.000 323.646 0 28.578 10.031 1125.761 2.044
11480390 2011 8 8 12 43200 0.000 328.413 0 27.349 11.195 1074.344 1.906
11480390 2011 8 9 12 43200 0.000 332.044 0 29.322 9.263 835.118 2.125
11480390 2011 8 10 12 43200 0.000 331.292 0 29.740 10.290 861.514 2.135
11481200 2011 8 1 12 43200 0.000 320.000 0 21.883 11.569 1368.165 1.368
11481200 2011 8 2 12 43200 0.000 326.000 0 19.878 9.550 1200.923 1.287
11481200 2011 8 3 12 43200 0.000 331.000 0 20.393 7.950 1051.787 1.388
11481200 2011 8 4 12 43200 0.100 180.375 0 15.873 10.952 1304.842 0.852
11481200 2011 8 5 12 43200 0.000 305.250 0 20.050 9.975 1295.114 1.283
11481200 2011 8 6 12 43200 0.000 314.250 0 19.350 10.170 1259.813 1.215
11481200 2011 8 7 12 43200 0.000 288.000 0 19.133 10.508 1223.188 1.180
11481200 2011 8 8 12 43200 0.000 319.125 0 19.350 8.150 1179.840 1.299
11481200 2011 8 9 12 43200 0.000 316.125 0 19.572 9.381 1231.505 1.269
11481200 2011 8 10 12 43200 0.000 320.250 0 19.782 8.369 1137.829 1.325
11482500 2011 8 1 12 43200 0.233 308.326 0 22.434 11.820 1333.310 1.386
11482500 2011 8 2 12 43200 0.276 306.548 0 20.200 9.102 1186.045 1.313
11482500 2011 8 3 12 43200 0.144 316.593 0 20.258 8.803 1050.496 1.329
11482500 2011 8 4 12 43200 0.313 208.178 0 15.738 9.941 1244.957 0.895
11482500 2011 8 5 12 43200 0.077 291.869 0 20.129 9.963 1267.267 1.273
11482500 2011 8 6 12 43200 0.185 296.766 0 19.173 9.592 1230.393 1.210
11482500 2011 8 7 12 43200 0.159 283.278 0 18.881 9.618 1204.488 1.185
11482500 2011 8 8 12 43200 0.115 300.696 0 19.163 8.428 1144.106 1.257
11482500 2011 8 9 12 43200 0.185 297.608 0 19.819 8.807 1203.190 1.294
11482500 2011 8 10 12 43200 0.004 311.001 0 20.524 8.983 1131.392 1.344
11522500 2011 8 1 12 43200 0.021 340.476 0 28.046 12.531 1007.061 1.826
11522500 2011 8 2 12 43200 0.000 339.774 0 27.490 11.036 941.876 1.828
11522500 2011 8 3 12 43200 0.000 340.620 0 27.920 10.532 858.218 1.877
11522500 2011 8 4 12 43200 0.000 331.325 0 24.399 8.640 1040.796 1.652
11522500 2011 8 5 12 43200 0.000 328.151 0 26.326 9.398 1111.814 1.781
11522500 2011 8 6 12 43200 0.000 323.270 0 25.325 9.438 1081.301 1.702
11522500 2011 8 7 12 43200 0.000 324.572 0 25.644 8.818 1110.798 1.744
11522500 2011 8 8 12 43200 0.000 327.519 0 25.120 9.832 986.401 1.674
11522500 2011 8 9 12 43200 0.000 329.909 0 26.727 8.495 947.676 1.835
11522500 2011 8 10 12 43200 0.000 327.775 0 26.795 7.752 936.524 1.857
11523200 2011 8 1 12 43200 0.334 328.900 0 26.834 11.248 832.679 1.790
11523200 2011 8 2 12 43200 0.000 347.462 0 27.762 11.345 679.057 1.864
11523200 2011 8 3 12 43200 0.000 347.464 0 27.614 10.254 685.621 1.884
11523200 2011 8 4 12 43200 0.000 338.143 0 26.136 9.678 847.056 1.781
11523200 2011 8 5 12 43200 0.000 326.269 0 26.893 9.137 983.347 1.856
11523200 2011 8 6 12 43200 0.000 320.362 0 26.012 9.366 942.296 1.780
11523200 2011 8 7 12 43200 0.000 310.655 0 26.537 8.787 1004.386 1.837
11523200 2011 8 8 12 43200 0.000 326.836 0 26.978 9.932 865.738 1.841
11523200 2011 8 9 12 43200 0.000 329.321 0 28.431 8.506 858.866 1.992
11523200 2011 8 10 12 43200 0.000 328.588 0 27.979 7.514 862.222 1.977
11528700 2011 8 1 12 43200 0.000 339.072 0 30.400 13.055 1097.008 2.076
11528700 2011 8 2 12 43200 0.000 342.905 0 30.157 11.526 952.882 2.101
11528700 2011 8 3 12 43200 0.000 341.925 0 30.131 11.078 824.348 2.112
11528700 2011 8 4 12 43200 0.000 331.766 0 26.100 8.154 992.973 1.857
11528700 2011 8 5 12 43200 0.000 331.111 0 28.486 10.140 1127.418 2.000
11528700 2011 8 6 12 43200 0.000 328.042 0 28.459 10.586 1106.630 1.985
11528700 2011 8 7 12 43200 0.000 324.765 0 28.222 9.395 1136.642 1.997
11528700 2011 8 8 12 43200 0.000 327.614 0 27.584 10.114 1083.750 1.926
11528700 2011 8 9 12 43200 0.000 330.061 0 29.208 8.671 894.470 2.094
11528700 2011 8 10 12 43200 0.000 328.322 0 29.872 9.641 934.526 2.126
11532500 2011 8 1 12 43200 0.046 323.456 0 23.741 12.109 1375.785 1.450
11532500 2011 8 2 12 43200 0.023 325.977 0 22.859 9.603 1156.259 1.472
11532500 2011 8 3 12 43200 0.003 328.272 0 22.936 10.491 1070.677 1.448
11532500 2011 8 4 12 43200 0.019 298.400 0 19.707 9.228 1233.543 1.239
11532500 2011 8 5 12 43200 0.006 315.978 0 23.723 9.861 1237.605 1.531
11532500 2011 8 6 12 43200 0.010 319.775 0 22.576 9.726 1188.796 1.446
11532500 2011 8 7 12 43200 0.018 319.402 0 22.049 9.043 1167.792 1.428
11532500 2011 8 8 12 43200 0.010 316.567 0 20.784 9.045 1082.330 1.330
11532500 2011 8 9 12 43200 0.010 317.229 0 23.449 9.531 1196.791 1.521
11532500 2011 8 10 12 43200 0.000 323.827 0 25.017 9.471 1011.450 1.644
12010000 2011 8 1 12 43200 0.000 324.330 0 22.977 6.810 1126.323 1.215
12010000 2011 8 2 12 43200 0.008 294.503 0 20.398 10.993 1270.415 0.951
12010000 2011 8 3 12 43200 0.000 315.402 0 21.902 8.238 1205.236 1.124
12010000 2011 8 4 12 43200 0.000 310.658 0 19.711 10.498 1333.609 0.924
12010000 2011 8 5 12 43200 0.899 85.700 0 15.659 12.800 1463.405 0.500
12010000 2011 8 6 12 43200 0.800 128.902 0 15.867 11.798 1329.575 0.589
12010000 2011 8 7 12 43200 0.082 130.176 0 18.008 9.292 1226.042 0.858
12010000 2011 8 8 12 43200 0.203 217.855 0 16.462 12.451 1348.322 0.597
12010000 2011 8 9 12 43200 0.339 244.694 0 16.369 8.701 1098.920 0.775
12010000 2011 8 10 12 43200 0.000 303.718 0 16.838 7.511 1057.287 0.844
12013500 2011 8 1 12 43200 0.003 324.954 0 24.793 6.619 1094.164 1.299
12013500 2011 8 2 12 43200 0.002 295.438 0 21.917 10.050 1229.812 1.059
12013500 2011 8 3 12 43200 0.000 316.321 0 23.137 7.911 1174.205 1.183
12013500 2011 8 4 12 43200 0.000 309.028 0 21.073 10.131 1316.694 1.005
12013500 2011 8 5 12 43200 0.892 96.294 0 16.102 12.715 1434.749 0.539
12013500 2011 8 6 12 43200 0.730 115.142 0 16.071 11.010 1299.756 0.640
12013500 2011 8 7 12 43200 0.037 120.541 0 18.146 8.500 1194.049 0.877
12013500 2011 8 8 12 43200 0.178 195.010 0 17.429 12.027 1330.317 0.687
12013500 2011 8 9 12 43200 0.144 230.916 0 16.811 7.675 1055.895 0.823
12013500 2011 8 10 12 43200 0.000 305.461 0 17.820 6.819 1015.409 0.906
12020000 2011 8 1 12 43200 0.000 326.189 0 25.486 6.397 1054.629 1.344
12020000 2011 8 2 12 43200 0.000 298.549 0 23.984 8.940 1193.697 1.212
12020000 2011 8 3 12 43200 0.000 316.686 0 24.334 7.223 1133.796 1.266
12020000 2011 8 4 12 43200 0.000 310.750 0 23.494 9.774 1303.217 1.164
12020000 2011 8 5 12 43200 0.548 98.326 0 16.404 12.814 1382.430 0.559
12020000 2011 8 6 12 43200 0.536 102.712 0 16.226 10.487 1272.331 0.679
12020000 2011 8 7 12 43200 0.010 95.052 0 17.982 7.530 1162.939 0.898
12020000 2011 8 8 12 43200 0.200 154.965 0 18.529 11.671 1322.566 0.785
12020000 2011 8 9 12 43200 0.012 185.461 0 17.765 6.439 1021.378 0.914
12020000 2011 8 10 12 43200 0.000 306.799 0 18.824 6.030 968.428 0.983
12025000 2011 8 1 12 43200 0.000 323.524 0 26.354 6.996 1069.460 1.384
12025000 2011 8 2 12 43200 0.000 304.545 0 25.339 9.076 1166.395 1.289
12025000 2011 8 3 12 43200 0.000 318.399 0 25.317 7.341 1087.946 1.320
12025000 2011 8 4 12 43200 0.000 311.307 0 25.243 9.941 1315.978 1.264
12025000 2011 8 5 12 43200 0.081 101.670 0 17.365 11.169 1318.630 0.727
12025000 2011 8 6 12 43200 0.222 100.572 0 16.874 9.980 1270.564 0.746
12025000 2011 8 7 12 43200 0.016 111.690 0 17.890 8.331 1155.926 0.869
12025000 2011 8 8 12 43200 0.386 123.470 0 18.594 10.542 1315.460 0.836
12025000 2011 8 9 12 43200 -0.000 187.937 0 18.210 6.036 1012.386 0.948
12025000 2011 8 10 12 43200 0.000 261.489 0 19.618 6.352 959.302 1.019
12025700 2011 8 1 12 43200 0.000 320.043 0 25.524 7.382 1075.575 1.318
12025700 2011 8 2 12 43200 0.000 302.882 0 24.756 9.348 1144.771 1.237
12025700 2011 8 3 12 43200 0.000 319.853 0 24.511 7.844 1081.990 1.253
12025700 2011 8 4 12 43200 0.000 312.101 0 24.483 10.050 1291.560 1.205
12025700 2011 8 5 12 43200 0.001 105.455 0 17.295 10.372 1286.491 0.750
12025700 2011 8 6 12 43200 0.299 110.388 0 16.560 10.676 1267.281 0.687
12025700 2011 8 7 12 43200 0.020 145.337 0 18.337 8.708 1142.084 0.876
12025700 2011 8 8 12 43200 0.400 129.778 0 17.759 9.476 1262.284 0.815
12025700 2011 8 9 12 43200 -0.000 213.654 0 17.957 5.788 997.835 0.931
12025700 2011 8 10 12 43200 0.000 227.641 0 19.234 6.133 954.493 0.993
12035000 2011 8 1 12 43200 0.000 324.443 0 26.190 8.485 1167.383 1.318
12035000 2011 8 2 12 43200 0.000 311.283 0 22.729 9.643 1194.024 1.095
12035000 2011 8 3 12 43200 0.000 314.097 0 24.538 8.346 1200.379 1.227
12035000 2011 8 4 12 43200 0.000 289.916 0 24.201 10.667 1323.330 1.155
12035000 2011 8 5 12 43200 0.106 221.787 0 19.969 10.939 1335.091 0.889
12035000 2011 8 6 12 43200 0.000 164.840 0 18.019 10.777 1276.013 0.770
12035000 2011 8 7 12 43200 0.022 222.369 0 19.747 8.070 1172.299 0.963
12035000 2011 8 8 12 43200 0.039 203.079 0 18.892 10.868 1292.561 0.823
12035000 2011 8 9 12 43200 0.000 278.564 0 18.382 6.210 1000.903 0.931
12035000 2011 8 10 12 43200 0.002 275.515 0 19.126 7.178 985.743 0.950
12040500 2011 8 1 12 43200 0.000 322.605 0 20.178 8.778 1095.376 0.936
12040500 2011 8 2 12 43200 0.002 313.072 0 18.551 9.488 1149.647 0.822
12040500 2011 8 3 12 43200 0.005 311.153 0 19.901 9.103 1129.505 0.911
12040500 2011 8 4 12 43200 0.031 299.112 0 19.633 10.742 1286.344 0.845
12040500 2011 8 5 12 43200 0.082 173.330 0 15.808 10.711 1311.757 0.601
12040500 2011 8 6 12 43200 0.128 166.105 0 15.531 10.032 1228.755 0.615
12040500 2011 8 7 12 43200 0.029 205.751 0 16.905 8.184 1170.948 0.768
12040500 2011 8 8 12 43200 0.048 232.669 0 15.841 8.904 1195.922 0.681
12040500 2011 8 9 12 43200 0.002 283.604 0 15.544 6.137 972.863 0.752
12040500 2011 8 10 12 43200 0.009 295.321 0 15.882 5.858 942.612 0.777
12041200 2011 8 1 12 43200 0.000 326.669 0 20.523 8.364 1040.793 0.948
12041200 2011 8 2 12 43200 0.004 315.427 0 18.891 9.547 1095.944 0.825
12041200 2011 8 3 12 43200 0.013 311.489 0 20.096 8.951 1084.776 0.910
12041200 2011 8 4 12 43200 0.000 304.406 0 19.979 10.420 1235.488 0.861
12041200 2011 8 5 12 43200 0.037 177.743 0 14.965 9.521 1245.832 0.590
12041200 2011 8 6 12 43200 0.111 160.773 0 14.915 9.574 1189.001 0.584
12041200 2011 8 7 12 43200 0.063 203.303 0 16.313 7.502 1124.457 0.742
12041200 2011 8 8 12 43200 0.117 202.782 0 15.293 8.141 1150.062 0.664
12041200 2011 8 9 12 43200 0.005 271.859 0 15.180 5.172 920.774 0.744
12041200 2011 8 10 12 43200 0.019 293.128 0 15.614 4.803 863.257 0.774
12043000 2011 8 1 12 43200 0.000 323.279 0 19.952 8.047 1039.368 0.916
12043000 2011 8 2 12 43200 0.000 312.623 0 19.446 9.455 1096.363 0.851
12043000 2011 8 3 12 43200 0.000 312.594 0 20.227 8.558 1096.116 0.918
12043000 2011 8 4 12 43200 0.000 308.547 0 20.313 10.138 1267.236 0.880
12043000 2011 8 5 12 43200 0.131 144.349 0 15.847 11.333 1356.758 0.556
12043000 2011 8 6 12 43200 0.543 179.133 0 15.363 11.124 1265.997 0.533
12043000 2011 8 7 12 43200 0.228 145.963 0 15.456 9.436 1238.059 0.618
12043000 2011 8 8 12 43200 0.137 196.140 0 15.126 8.682 1173.477 0.628
12043000 2011 8 9 12 43200 0.164 288.764 0 15.558 6.625 1005.230 0.719
12043000 2011 8 10 12 43200 0.010 286.329 0 15.939 7.342 984.747 0.719
12048000 2011 8 1 12 43200 0.084 305.148 0 18.710 8.398 1034.656 0.837
12048000 2011 8 2 12 43200 0.114 298.816 0 18.300 11.337 1113.552 0.716
12048000 2011 8 3 12 43200 0.263 292.964 0 18.880 9.772 1157.071 0.806
12048000 2011 8 4 12 43200 0.034 267.007 0 19.101 10.983 1225.927 0.779
12048000 2011 8 5 12 43200 0.119 190.702 0 16.145 10.754 1297.731 0.603
12048000 2011 8 6 12 43200 0.074 122.569 0 13.937 10.867 1290.515 0.439
12048000 2011 8 7 12 43200 0.110 171.188 0 15.165 9.787 1212.298 0.583
12048000 2011 8 8 12 43200 0.424 128.409 0 13.777 9.754 1217.075 0.492
12048000 2011 8 9 12 43200 0.581 151.428 0 12.576 7.803 1063.536 0.507
12048000 2011 8 10 12 43200 0.289 219.971 0 13.541 6.669 943.657 0.606
12054000 2011 8 1 12 43200 0.222 312.338 0 21.071 7.312 1026.450 1.009
12054000 2011 8 2 12 43200 0.163 297.449 0 20.153 10.142 1072.470 0.887
12054000 2011 8 3 12 43200 0.297 289.338 0 20.920 8.704 1128.426 0.970
12054000 2011 8 4 12 43200 0.067 259.899 0 21.263 10.078 1195.211 0.953
12054000 2011 8 5 12 43200 0.200 171.002 0 16.514 9.388 1259.458 0.697
12054000 2011 8 6 12 43200 0.167 73.832 0 14.094 10.434 1266.966 0.488
12054000 2011 8 7 12 43200 0.232 125.778 0 15.860 8.768 1175.429 0.681
12054000 2011 8 8 12 43200 0.726 99.465 0 13.810 8.587 1194.071 0.562
12054000 2011 8 9 12 43200 1.081 123.248 0 12.919 6.300 1039.790 0.597
12054000 2011 8 10 12 43200 0.408 206.893 0 14.734 4.632 889.694 0.740
12056500 2011 8 1 12 43200 0.006 323.666 0 22.928 8.046 1108.348 1.105
12056500 2011 8 2 12 43200 0.006 312.547 0 21.161 10.474 1127.216 0.946
12056500 2011 8 3 12 43200 0.013 303.837 0 22.364 9.075 1153.528 1.052
12056500 2011 8 4 12 43200 0.003 277.577 0 22.312 10.811 1255.463 1.004
12056500 2011 8 5 12 43200 0.101 223.604 0 17.598 8.777 1247.946 0.790
12056500 2011 8 6 12 43200 0.054 110.911 0 15.698 10.544 1261.655 0.603
12056500 2011 8 7 12 43200 0.018 182.169 0 17.743 7.391 1129.951 0.839
12056500 2011 8 8 12 43200 0.455 146.590 0 16.192 9.709 1233.887 0.672
12056500 2011 8 9 12 43200 0.229 203.788 0 15.476 6.582 975.643 0.737
12056500 2011 8 10 12 43200 0.114 235.079 0 17.037 6.418 900.994 0.825
12073500 2011 8 1 12 43200 0.000 320.125 0 26.113 9.684 1139.694 1.259
12073500 2011 8 2 12 43200 0.000 300.625 0 26.750 11.495 1127.705 1.256
12073500 2011 8 3 12 43200 0.000 313.500 0 27.700 10.150 1230.343 1.340
12073500 2011 8 4 12 43200 0.000 292.250 0 28.173 11.950 1282.770 1.329
12073500 2011 8 5 12 43200 0.000 162.500 0 21.265 12.250 1379.331 0.902
12073500 2011 8 6 12 43200 0.100 148.375 0 20.550 13.170 1378.992 0.818
12073500 2011 8 7 12 43200 0.200 219.625 0 22.233 10.675 1252.298 1.012
12073500 2011 8 8 12 43200 0.300 130.625 0 20.450 11.175 1373.976 0.889
12073500 2011 8 9 12 43200 -0.000 202.875 0 20.972 7.381 1112.761 1.022
12073500 2011 8 10 12 43200 0.010 216.875 0 19.826 7.969 1064.518 0.946
12082500 2011 8 1 12 43200 0.000 319.978 0 21.820 5.735 931.480 1.143
12082500 2011 8 2 12 43200 0.000 300.466 0 20.595 8.600 982.213 1.013
12082500 2011 8 3 12 43200 0.000 325.498 0 21.693 7.388 1005.160 1.104
12082500 2011 8 4 12 43200 0.000 317.445 0 21.185 8.763 1108.113 1.043
12082500 2011 8 5 12 43200 0.000 234.647 0 15.980 7.850 1106.764 0.763
12082500 2011 8 6 12 43200 0.313 146.462 0 13.850 9.389 1133.134 0.559
12082500 2011 8 7 12 43200 0.340 200.069 0 15.477 8.056 1042.583 0.725
12082500 2011 8 8 12 43200 0.113 217.346 0 14.937 6.225 1047.662 0.754
12082500 2011 8 9 12 43200 0.244 273.614 0 15.185 5.613 923.520 0.785
12082500 2011 8 10 12 43200 0.004 258.634 0 15.002 4.575 847.098 0.801
12092000 2011 8 1 12 43200 0.000 314.581 0 21.759 6.410 975.452 1.117
12092000 2011 8 2 12 43200 0.000 298.581 0 20.655 9.199 1004.127 0.991
12092000 2011 8 3 12 43200 0.000 323.969 0 21.403 7.647 1035.092 1.072
12092000 2011 8 4 12 43200 0.000 316.469 0 21.144 9.118 1125.185 1.022
12092000 2011 8 5 12 43200 0.000 237.944 0 16.364 8.062 1136.189 0.772
12092000 2011 8 6 12 43200 0.424 121.373 0 13.449 9.684 1168.118 0.508
12092000 2011 8 7 12 43200 0.339 192.517 0 15.832 8.411 1070.822 0.727
12092000 2011 8 8 12 43200 0.209 170.400 0 14.353 7.494 1098.980 0.671
12092000 2011 8 9 12 43200 0.203 269.105 0 15.099 5.734 948.878 0.769
12092000 2011 8 10 12 43200 0.019 255.209 0 15.200 4.823 871.137 0.798
12095000 2011 8 1 12 43200 0.000 312.001 0 22.190 7.572 1055.699 1.101
12095000 2011 8 2 12 43200 0.000 294.156 0 21.608 10.293 1055.751 1.002
12095000 2011 8 3 12 43200 0.000 320.987 0 22.109 8.396 1098.617 1.079
12095000 2011 8 4 12 43200 0.000 313.305 0 22.400 10.057 1172.577 1.055
12095000 2011 8 5 12 43200 0.000 229.581 0 17.619 8.719 1198.453 0.813
12095000 2011 8 6 12 43200 0.532 95.448 0 14.114 10.504 1241.456 0.503
12095000 2011 8 7 12 43200 0.255 179.052 0 17.246 9.377 1131.767 0.768
12095000 2011 8 8 12 43200 0.300 119.981 0 14.855 9.700 1199.649 0.600
12095000 2011 8 9 12 43200 0.227 260.899 0 15.771 6.169 1001.324 0.783
12095000 2011 8 10 12 43200 0.010 247.233 0 16.178 6.087 928.657 0.807
12114500 2011 8 1 12 43200 0.000 305.375 0 21.183 5.984 981.708 1.063
12114500 2011 8 2 12 43200 0.000 294.625 0 19.750 8.450 968.935 0.932
12114500 2011 8 3 12 43200 0.000 324.500 0 21.393 7.350 1015.354 1.048
12114500 2011 8 4 12 43200 0.200 309.875 0 21.273 8.950 1113.254 1.005
12114500 2011 8 5 12 43200 -0.000 199.875 0 16.602 8.850 1159.447 0.738
12114500 2011 8 6 12 43200 0.300 142.000 0 13.050 9.770 1156.136 0.459
12114500 2011 8 7 12 43200 0.620 198.500 0 15.433 8.433 1086.799 0.682
12114500 2011 8 8 12 43200 0.400 175.625 0 14.450 9.475 1129.368 0.576
12114500 2011 8 9 12 43200 0.500 222.250 0 14.272 6.911 997.040 0.667
12114500 2011 8 10 12 43200 0.030 248.625 0 14.326 6.369 891.607 0.688
12115000 2011 8 1 12 43200 0.000 305.471 0 21.186 5.990 982.281 1.061
12115000 2011 8 2 12 43200 0.000 294.518 0 19.764 8.455 969.778 0.931
12115000 2011 8 3 12 43200 0.000 324.483 0 21.395 7.353 1016.042 1.047
12115000 2011 8 4 12 43200 0.197 309.865 0 21.277 8.956 1113.956 1.004
12115000 2011 8 5 12 43200 -0.000 199.516 0 16.610 8.851 1159.945 0.737
12115000 2011 8 6 12 43200 0.302 141.315 0 13.057 9.778 1156.938 0.458
12115000 2011 8 7 12 43200 0.625 198.111 0 15.440 8.440 1087.538 0.681
12115000 2011 8 8 12 43200 0.402 175.186 0 14.454 9.480 1130.014 0.575
12115000 2011 8 9 12 43200 0.501 221.830 0 14.267 6.919 997.638 0.666
12115000 2011 8 10 12 43200 0.030 248.442 0 14.336 6.376 891.992 0.687
12115500 2011 8 1 12 43200 0.000 306.036 0 21.476 6.712 1037.140 1.065
12115500 2011 8 2 12 43200 0.000 291.979 0 20.874 9.310 1018.485 0.973
12115500 2011 8 3 12 43200 0.000 322.764 0 21.695 7.945 1070.183 1.052
12115500 2011 8 4 12 43200 0.068 309.710 0 21.874 9.744 1155.598 1.019
12115500 2011 8 5 12 43200 -0.000 196.899 0 17.740 9.181 1197.333 0.794
12115500 2011 8 6 12 43200 0.300 115.958 0 13.976 10.379 1209.921 0.493
12115500 2011 8 7 12 43200 0.587 172.623 0 16.425 9.038 1132.062 0.720
12115500 2011 8 8 12 43200 0.400 145.697 0 15.376 10.202 1192.370 0.604
12115500 2011 8 9 12 43200 0.566 224.069 0 15.242 7.180 1031.291 0.714
12115500 2011 8 10 12 43200 0.030 234.157 0 15.318 7.163 936.642 0.719
12117000 2011 8 1 12 43200 0.000 311.548 0 22.009 7.216 1080.140 1.081
12117000 2011 8 2 12 43200 0.000 286.683 0 21.877 9.816 1067.768 1.015
12117000 2011 8 3 12 43200 0.000 321.547 0 22.362 8.381 1115.561 1.076
12117000 2011 8 4 12 43200 0.000 309.297 0 22.647 10.183 1202.342 1.049
12117000 2011 8 5 12 43200 0.000 183.345 0 18.223 9.547 1233.998 0.809
12117000 2011 8 6 12 43200 0.234 90.595 0 14.713 10.880 1257.511 0.519
12117000 2011 8 7 12 43200 0.623 161.387 0 17.163 9.537 1174.653 0.745
12117000 2011 8 8 12 43200 0.499 134.850 0 15.981 10.431 1236.546 0.633
12117000 2011 8 9 12 43200 0.600 207.509 0 15.881 7.446 1065.242 0.740
12117000 2011 8 10 12 43200 0.027 220.263 0 16.122 7.865 965.835 0.741
12141300 2011 8 1 12 43200 0.000 318.768 0 21.837 5.857 990.264 1.089
12141300 2011 8 2 12 43200 0.000 282.462 0 20.373 8.119 1023.407 0.966
12141300 2011 8 3 12 43200 0.000 324.121 0 21.757 7.132 1042.402 1.062
12141300 2011 8 4 12 43200 0.000 309.144 0 21.635 8.842 1154.637 1.019
12141300 2011 8 5 12 43200 0.000 160.260 0 16.394 8.668 1180.194 0.725
12141300 2011 8 6 12 43200 0.504 92.905 0 13.128 9.998 1196.473 0.446
12141300 2011 8 7 12 43200 1.232 181.616 0 15.333 8.706 1129.172 0.660
12141300 2011 8 8 12 43200 0.603 159.095 0 14.199 8.100 1136.760 0.614
12141300 2011 8 9 12 43200 0.600 171.777 0 13.854 7.061 1035.012 0.632
12141300 2011 8 10 12 43200 0.018 243.847 0 14.553 6.370 887.340 0.694
12143600 2011 8 1 12 43200 0.000 317.354 0 21.820 6.225 1018.702 1.085
12143600 2011 8 2 12 43200 0.000 283.398 0 20.777 8.554 1040.122 0.980
12143600 2011 8 3 12 43200 0.000 323.498 0 21.921 7.481 1065.218 1.067
12143600 2011 8 4 12 43200 0.022 308.850 0 21.718 9.149 1175.203 1.018
12143600 2011 8 5 12 43200 -0.000 160.015 0 16.792 8.940 1199.305 0.741
12143600 2011 8 6 12 43200 0.464 82.421 0 13.434 10.325 1219.037 0.451
12143600 2011 8 7 12 43200 1.127 175.328 0 15.749 8.899 1147.403 0.679
12143600 2011 8 8 12 43200 0.666 151.200 0 14.479 8.740 1167.911 0.607
12143600 2011 8 9 12 43200 0.589 171.076 0 14.300 7.214 1047.639 0.654
12143600 2011 8 10 12 43200 0.021 234.172 0 14.957 6.869 910.378 0.703
12144000 2011 8 1 12 43200 0.000 318.378 0 21.990 6.495 1037.814 1.086
12144000 2011 8 2 12 43200 0.000 282.373 0 21.200 8.854 1056.252 0.994
12144000 2011 8 3 12 43200 0.000 322.935 0 22.174 7.732 1083.195 1.072
12144000 2011 8 4 12 43200 0.018 308.802 0 21.944 9.386 1191.819 1.022
12144000 2011 8 5 12 43200 -0.000 159.744 0 17.056 9.157 1214.154 0.747
12144000 2011 8 6 12 43200 0.386 78.897 0 13.824 10.571 1235.778 0.465
12144000 2011 8 7 12 43200 1.042 173.218 0 16.159 9.142 1161.560 0.693
12144000 2011 8 8 12 43200 0.674 149.655 0 14.859 9.043 1187.343 0.616
12144000 2011 8 9 12 43200 0.591 171.221 0 14.697 7.336 1058.526 0.671
12144000 2011 8 10 12 43200 0.021 228.339 0 15.337 7.213 924.591 0.711
12145500 2011 8 1 12 43200 0.000 321.839 0 23.184 8.170 1146.645 1.115
12145500 2011 8 2 12 43200 0.000 277.268 0 24.236 10.521 1151.765 1.122
12145500 2011 8 3 12 43200 0.000 318.589 0 24.072 9.336 1185.435 1.140
12145500 2011 8 4 12 43200 0.000 306.339 0 24.193 10.879 1282.440 1.110
12145500 2011 8 5 12 43200 0.000 162.679 0 18.845 10.922 1303.266 0.790
12145500 2011 8 6 12 43200 0.100 83.430 0 16.907 12.270 1332.181 0.599
12145500 2011 8 7 12 43200 0.507 176.072 0 19.548 11.103 1239.338 0.827
12145500 2011 8 8 12 43200 0.643 138.214 0 17.793 10.905 1306.614 0.724
12145500 2011 8 9 12 43200 0.429 187.894 0 17.750 8.239 1110.964 0.814
12145500 2011 8 10 12 43200 0.020 208.572 0 18.041 9.612 1013.890 0.788
12147500 2011 8 1 12 43200 0.058 315.357 0 22.053 7.179 1113.249 1.061
12147500 2011 8 2 12 43200 0.000 275.474 0 22.198 9.687 1175.556 1.015
12147500 2011 8 3 12 43200 0.000 320.704 0 22.508 8.545 1164.121 1.058
12147500 2011 8 4 12 43200 0.000 306.496 0 22.329 9.903 1259.568 1.016
12147500 2011 8 5 12 43200 0.029 155.360 0 17.192 9.428 1263.163 0.735
12147500 2011 8 6 12 43200 0.616 70.051 0 15.011 11.407 1300.272 0.499
12147500 2011 8 7 12 43200 1.610 144.383 0 16.865 9.957 1259.526 0.696
12147500 2011 8 8 12 43200 1.113 138.335 0 15.198 9.385 1247.275 0.615
12147500 2011 8 9 12 43200 1.258 133.843 0 15.456 8.477 1134.315 0.666
12147500 2011 8 10 12 43200 0.017 246.677 0 16.503 7.416 920.727 0.760
12147600 2011 8 1 12 43200 0.200 308.250 0 21.413 6.184 1022.423 1.046
12147600 2011 8 2 12 43200 0.000 273.875 0 20.350 8.550 1105.061 0.941
12147600 2011 8 3 12 43200 0.000 322.125 0 21.300 7.550 1090.507 1.015
12147600 2011 8 4 12 43200 0.000 309.250 0 21.373 9.050 1186.743 0.985
12147600 2011 8 5 12 43200 0.100 134.750 0 16.012 8.575 1191.662 0.695
12147600 2011 8 6 12 43200 0.900 76.625 0 12.950 10.270 1225.293 0.408
12147600 2011 8 7 12 43200 2.150 135.500 0 14.733 9.033 1189.908 0.600
12147600 2011 8 8 12 43200 0.900 123.500 0 13.350 8.450 1157.893 0.538
12147600 2011 8 9 12 43200 1.400 127.625 0 13.750 7.411 1088.194 0.605
12147600 2011 8 10 12 43200 0.010 264.000 0 14.726 5.269 856.605 0.723
12167000 2011 8 1 12 43200 0.000 324.716 0 22.168 7.187 1049.720 1.029
12167000 2011 8 2 12 43200 0.000 293.345 0 21.900 9.143 1143.562 0.975
12167000 2011 8 3 12 43200 0.000 318.153 0 22.409 8.513 1129.973 1.015
12167000 2011 8 4 12 43200 0.000 302.387 0 22.345 10.018 1234.033 0.978
12167000 2011 8 5 12 43200 0.000 169.124 0 17.705 8.323 1232.104 0.771
12167000 2011 8 6 12 43200 0.315 89.221 0 14.977 11.114 1276.731 0.495
12167000 2011 8 7 12 43200 1.139 120.698 0 17.445 9.871 1227.085 0.708
12167000 2011 8 8 12 43200 0.400 147.707 0 15.884 9.399 1222.812 0.633
12167000 2011 8 9 12 43200 0.804 134.219 0 15.702 8.287 1068.653 0.662
12167000 2011 8 10 12 43200 -0.000 300.752 0 16.232 4.924 845.870 0.778
12175500 2011 8 1 12 43200 0.000 332.060 0 21.422 3.319 763.198 1.019
12175500 2011 8 2 12 43200 0.000 287.431 0 18.796 5.749 815.462 0.862
12175500 2011 8 3 12 43200 0.000 326.606 0 21.628 5.477 904.354 1.001
12175500 2011 8 4 12 43200 0.000 315.711 0 22.682 7.208 977.341 1.025
12175500 2011 8 5 12 43200 0.000 309.826 0 18.822 5.990 1035.796 0.859
12175500 2011 8 6 12 43200 0.032 248.441 0 15.748 8.237 1051.246 0.648
12175500 2011 8 7 12 43200 0.458 228.963 0 14.811 7.712 961.586 0.614
12175500 2011 8 8 12 43200 0.000 292.490 0 16.998 5.634 930.751 0.778
12175500 2011 8 9 12 43200 0.396 191.937 0 11.608 6.422 923.815 0.483
12175500 2011 8 10 12 43200 -0.000 313.512 0 13.697 -0.124 659.393 0.722
12178100 2011 8 1 12 43200 0.000 329.005 0 21.748 4.385 813.820 1.023
12178100 2011 8 2 12 43200 0.000 297.815 0 19.711 6.518 883.354 0.893
12178100 2011 8 3 12 43200 0.000 324.709 0 21.925 6.384 953.440 1.003
12178100 2011 8 4 12 43200 0.000 311.731 0 22.771 8.017 1040.814 1.016
12178100 2011 8 5 12 43200 0.000 285.538 0 17.576 6.508 1075.730 0.789
12178100 2011 8 6 12 43200 0.234 180.022 0 13.843 8.571 1095.716 0.529
12178100 2011 8 7 12 43200 0.805 160.835 0 13.565 8.508 1036.775 0.515
12178100 2011 8 8 12 43200 0.000 240.024 0 15.615 6.514 990.724 0.691
12178100 2011 8 9 12 43200 0.766 142.741 0 11.853 6.877 969.393 0.480
12178100 2011 8 10 12 43200 -0.000 305.846 0 14.055 0.570 686.939 0.729
12186000 2011 8 1 12 43200 0.000 319.474 0 21.238 5.017 890.273 1.024
12186000 2011 8 2 12 43200 0.000 275.037 0 19.375 7.766 1014.511 0.879
12186000 2011 8 3 12 43200 0.000 323.990 0 21.197 7.007 1016.304 0.989
12186000 2011 8 4 12 43200 0.000 313.436 0 21.702 8.478 1110.647 0.985
12186000 2011 8 5 12 43200 0.029 193.280 0 15.203 6.845 1116.497 0.684
12186000 2011 8 6 12 43200 0.356 114.621 0 12.420 9.494 1153.605 0.404
12186000 2011 8 7 12 43200 1.858 126.821 0 13.560 8.584 1124.242 0.529
12186000 2011 8 8 12 43200 0.227 167.313 0 14.297 7.088 1060.220 0.628
12186000 2011 8 9 12 43200 1.087 141.029 0 12.650 7.136 1032.470 0.533
12186000 2011 8 10 12 43200 -0.000 295.153 0 14.128 2.314 765.533 0.732
12189500 2011 8 1 12 43200 0.000 322.349 0 21.233 4.707 861.900 1.011
12189500 2011 8 2 12 43200 0.000 280.300 0 19.341 7.448 971.979 0.869
12189500 2011 8 3 12 43200 0.000 324.736 0 21.271 6.771 993.852 0.980
12189500 2011 8 4 12 43200 0.000 312.873 0 21.972 8.346 1084.277 0.985
12189500 2011 8 5 12 43200 0.006 232.434 0 16.110 6.669 1103.256 0.723
12189500 2011 8 6 12 43200 0.363 129.428 0 12.547 9.311 1134.343 0.417
12189500 2011 8 7 12 43200 1.471 147.453 0 13.489 8.354 1090.360 0.525
12189500 2011 8 8 12 43200 0.115 189.742 0 14.715 6.978 1034.352 0.642
12189500 2011 8 9 12 43200 1.023 148.022 0 12.146 7.055 1007.229 0.498
12189500 2011 8 10 12 43200 -0.000 299.471 0 14.044 1.499 734.613 0.728
12358500 2011 8 1 12 43200 0.000 298.893 0 22.920 9.811 814.352 0.998
12358500 2011 8 2 12 43200 0.000 315.450 0 24.109 9.272 914.954 1.072
12358500 2011 8 3 12 43200 0.017 322.698 0 23.016 8.798 923.450 1.025
12358500 2011 8 4 12 43200 0.000 290.254 0 26.096 9.942 833.837 1.163
12358500 2011 8 5 12 43200 16.039 105.617 0 16.724 10.581 1236.471 0.627
12358500 2011 8 6 12 43200 0.111 312.407 0 22.195 8.238 1033.492 0.994
12358500 2011 8 7 12 43200 0.265 308.233 0 21.272 9.011 1029.127 0.929
12358500 2011 8 8 12 43200 0.000 321.284 0 21.761 6.773 787.905 0.999
12358500 2011 8 9 12 43200 0.000 318.796 0 20.730 7.568 773.665 0.933
12358500 2011 8 10 12 43200 0.000 314.314 0 19.637 6.622 759.262 0.897
12374250 2011 8 1 12 43200 0.000 302.500 0 27.313 11.584 894.964 1.250
12374250 2011 8 2 12 43200 0.000 260.875 0 26.778 11.550 1030.619 1.220
12374250 2011 8 3 12 43200 1.800 303.750 0 27.593 11.350 1088.756 1.271
12374250 2011 8 4 12 43200 0.000 283.000 0 29.050 11.550 992.538 1.350
12374250 2011 8 5 12 43200 32.100 232.625 0 21.665 12.050 1434.423 0.907
12374250 2011 8 6 12 43200 2.200 283.875 0 25.850 10.670 1236.005 1.188
12374250 2011 8 7 12 43200 2.750 307.750 0 25.233 11.175 1147.522 1.141
12374250 2011 8 8 12 43200 0.000 316.375 0 25.550 9.075 894.418 1.204
12374250 2011 8 9 12 43200 0.000 314.625 0 24.472 8.982 814.176 1.147
12374250 2011 8 10 12 43200 0.000 311.375 0 22.921 8.869 843.419 1.065
12375900 2011 8 1 12 43200 0.000 280.125 0 25.913 12.084 985.120 1.184
12375900 2011 8 2 12 43200 0.000 300.000 0 26.878 11.450 1170.363 1.256
12375900 2011 8 3 12 43200 2.500 310.375 0 26.393 11.350 1237.294 1.230
12375900 2011 8 4 12 43200 0.000 268.125 0 28.350 12.150 1026.031 1.326
12375900 2011 8 5 12 43200 20.700 252.750 0 21.250 11.775 1423.469 0.911
12375900 2011 8 6 12 43200 0.200 316.375 0 25.850 10.670 1190.999 1.214
12375900 2011 8 7 12 43200 9.920 314.250 0 23.933 10.475 1235.832 1.109
12375900 2011 8 8 12 43200 0.000 314.125 0 24.450 9.275 988.190 1.166
12375900 2011 8 9 12 43200 0.000 313.750 0 23.372 9.181 909.877 1.108
12375900 2011 8 10 12 43200 0.000 307.125 0 22.121 8.969 883.593 1.043
12377150 2011 8 1 12 43200 0.000 263.875 0 25.113 12.184 1036.207 1.146
12377150 2011 8 2 12 43200 0.000 273.750 0 26.850 11.250 1152.209 1.273
12377150 2011 8 3 12 43200 2.700 310.000 0 27.593 10.850 1205.773 1.325
12377150 2011 8 4 12 43200 0.000 259.625 0 28.050 11.750 997.615 1.332
12377150 2011 8 5 12 43200 15.800 249.000 0 21.175 11.275 1380.130 0.934
12377150 2011 8 6 12 43200 0.000 284.875 0 25.897 10.370 1201.384 1.237
12377150 2011 8 7 12 43200 14.350 310.500 0 24.533 10.275 1215.164 1.161
12377150 2011 8 8 12 43200 0.000 314.375 0 25.550 9.275 992.305 1.240
12377150 2011 8 9 12 43200 0.700 315.125 0 24.172 8.482 898.323 1.179
12377150 2011 8 10 12 43200 0.000 309.125 0 22.921 8.769 883.360 1.104
12381400 2011 8 1 12 43200 0.219 261.810 0 24.805 12.317 1042.959 1.132
12381400 2011 8 2 12 43200 0.000 265.226 0 26.118 10.631 1141.643 1.254
12381400 2011 8 3 12 43200 1.970 314.462 0 27.473 10.177 1134.016 1.343
12381400 2011 8 4 12 43200 0.000 241.987 0 27.026 11.238 946.998 1.294
12381400 2011 8 5 12 43200 11.312 271.517 0 21.556 9.971 1292.490 1.004
12381400 2011 8 6 12 43200 0.116 291.587 0 25.496 9.635 1133.736 1.240
12381400 2011 8 7 12 43200 7.805 314.080 0 24.190 9.725 1173.827 1.163
12381400 2011 8 8 12 43200 0.000 315.130 0 25.810 8.924 940.722 1.272
12381400 2011 8 9 12 43200 0.935 315.195 0 24.738 8.053 859.352 1.229
12381400 2011 8 10 12 43200 0.000 311.587 0 22.592 8.514 860.106 1.100
12383500 2011 8 1 12 43200 0.085 262.795 0 25.213 12.251 1050.557 1.163
12383500 2011 8 2 12 43200 0.000 270.470 0 26.933 11.233 1152.753 1.293
12383500 2011 8 3 12 43200 2.567 311.017 0 27.759 10.800 1193.439 1.351
12383500 2011 8 4 12 43200 0.000 258.628 0 28.072 11.650 989.284 1.351
12383500 2011 8 5 12 43200 14.089 249.706 0 21.598 11.075 1361.838 0.977
12383500 2011 8 6 12 43200 0.000 281.159 0 26.229 10.354 1195.497 1.271
12383500 2011 8 7 12 43200 13.405 310.562 0 24.732 10.258 1209.168 1.186
12383500 2011 8 8 12 43200 0.000 314.437 0 25.882 9.308 989.055 1.273
12383500 2011 8 9 12 43200 0.667 315.167 0 24.521 8.482 890.165 1.212
12383500 2011 8 10 12 43200 0.000 309.457 0 23.087 8.769 880.486 1.125
12388400 2011 8 1 12 43200 0.000 272.904 0 26.481 12.262 1002.560 1.231
12388400 2011 8 2 12 43200 0.000 288.766 0 28.644 12.005 1140.212 1.367
12388400 2011 8 3 12 43200 1.669 315.442 0 28.448 11.683 1208.584 1.362
12388400 2011 8 4 12 43200 0.000 275.179 0 29.250 11.950 1001.061 1.404
12388400 2011 8 5 12 43200 7.325 231.350 0 24.029 11.897 1361.408 1.092
12388400 2011 8 6 12 43200 0.000 256.342 0 26.642 11.070 1209.672 1.269
12388400 2011 8 7 12 43200 11.532 304.097 0 25.966 10.852 1216.650 1.235
12388400 2011 8 8 12 43200 0.000 312.791 0 26.538 9.597 999.155 1.295
12388400 2011 8 9 12 43200 0.000 313.905 0 25.393 9.392 820.666 1.234
12388400 2011 8 10 12 43200 0.000 308.664 0 23.921 9.147 859.033 1.156
12390700 2011 8 1 12 43200 0.000 320.722 0 26.156 11.412 908.369 1.207
12390700 2011 8 2 12 43200 0.212 296.416 0 26.977 12.299 995.581 1.234
12390700 2011 8 3 12 43200 0.966 317.635 0 25.985 11.060 1016.030 1.206
12390700 2011 8 4 12 43200 0.090 250.848 0 28.208 11.373 960.827 1.327
12390700 2011 8 5 12 43200 35.114 246.834 0 22.089 11.229 1427.217 0.974
12390700 2011 8 6 12 43200 1.570 266.550 0 25.540 9.761 1170.489 1.209
12390700 2011 8 7 12 43200 0.017 313.487 0 23.416 9.337 1003.443 1.100
12390700 2011 8 8 12 43200 0.000 317.487 0 23.845 7.702 845.358 1.156
12390700 2011 8 9 12 43200 0.000 314.782 0 21.918 8.167 787.355 1.043
12390700 2011 8 10 12 43200 0.000 311.026 0 20.459 7.557 786.148 0.978
12411000 2011 8 1 12 43200 0.000 321.347 0 26.219 12.040 993.786 1.186
12411000 2011 8 2 12 43200 0.000 315.547 0 26.980 11.781 918.473 1.237
12411000 2011 8 3 12 43200 0.000 317.797 0 26.094 11.285 961.387 1.197
12411000 2011 8 4 12 43200 0.030 280.117 0 31.257 11.468 941.534 1.489
12411000 2011 8 5 12 43200 2.817 267.559 0 24.060 12.158 1315.895 1.056
12411000 2011 8 6 12 43200 0.024 311.134 0 26.417 10.235 1080.976 1.239
12411000 2011 8 7 12 43200 0.000 312.586 0 23.426 10.328 1010.226 1.068
12411000 2011 8 8 12 43200 0.000 315.029 0 24.577 8.422 837.409 1.173
12411000 2011 8 9 12 43200 0.000 311.737 0 21.279 8.997 854.815 0.981
12411000 2011 8 10 12 43200 0.000 308.118 0 20.084 8.088 801.039 0.938
12414500 2011 8 1 12 43200 0.000 315.576 0 25.930 11.700 933.893 1.211
12414500 2011 8 2 12 43200 0.539 301.352 0 26.630 12.853 1051.101 1.223
12414500 2011 8 3 12 43200 1.029 318.777 0 25.843 11.014 1039.002 1.223
12414500 2011 8 4 12 43200 0.014 248.625 0 29.423 12.364 945.349 1.404
12414500 2011 8 5 12 43200 12.171 275.198 0 21.363 10.597 1371.129 0.970
12414500 2011 8 6 12 43200 0.594 304.692 0 25.896 10.420 1115.600 1.240
12414500 2011 8 7 12 43200 0.121 311.765 0 23.138 9.158 1035.184 1.110
12414500 2011 8 8 12 43200 0.000 317.406 0 23.727 8.124 847.231 1.165
12414500 2011 8 9 12 43200 0.000 314.597 0 21.681 8.229 784.409 1.050
12414500 2011 8 10 12 43200 0.000 312.542 0 19.772 7.553 776.159 0.960
12447390 2011 8 1 12 43200 0.000 338.781 0 21.539 2.972 661.717 1.017
12447390 2011 8 2 12 43200 0.000 229.399 0 19.490 7.487 682.068 0.852
12447390 2011 8 3 12 43200 0.000 322.498 0 22.148 5.596 795.667 1.013
12447390 2011 8 4 12 43200 0.000 306.773 0 24.146 8.686 875.831 1.061
12447390 2011 8 5 12 43200 2.711 272.082 0 21.062 7.371 994.771 0.932
12447390 2011 8 6 12 43200 0.305 245.068 0 20.164 7.507 1028.812 0.885
12447390 2011 8 7 12 43200 0.672 287.563 0 20.496 5.417 928.430 0.938
12447390 2011 8 8 12 43200 0.000 314.242 0 20.555 4.935 837.855 0.948
12447390 2011 8 9 12 43200 0.051 272.496 0 17.664 4.411 842.408 0.823
12447390 2011 8 10 12 43200 0.352 300.742 0 15.362 2.224 647.248 0.754
12451000 2011 8 1 12 43200 0.000 332.593 0 21.565 3.022 744.961 1.053
12451000 2011 8 2 12 43200 0.000 271.109 0 18.355 6.060 795.241 0.855
12451000 2011 8 3 12 43200 0.000 327.463 0 21.623 5.435 883.600 1.026
12451000 2011 8 4 12 43200 0.000 316.276 0 22.745 7.395 947.362 1.049
12451000 2011 8 5 12 43200 0.000 315.252 0 19.695 6.031 1017.196 0.922
12451000 2011 8 6 12 43200 0.000 260.673 0 16.444 7.923 1028.496 0.711
12451000 2011 8 7 12 43200 0.226 263.886 0 15.584 6.801 933.022 0.697
12451000 2011 8 8 12 43200 0.000 304.475 0 18.017 5.041 901.120 0.858
12451000 2011 8 9 12 43200 0.217 229.301 0 12.531 6.251 901.298 0.552
12451000 2011 8 10 12 43200 -0.000 313.495 0 13.624 0.131 656.768 0.733
12488500 2011 8 1 12 43200 0.000 317.074 0 23.724 5.794 843.387 1.228
12488500 2011 8 2 12 43200 0.000 302.926 0 20.751 8.227 890.106 1.017
12488500 2011 8 3 12 43200 0.000 327.373 0 23.481 7.159 922.563 1.192
12488500 2011 8 4 12 43200 0.284 307.731 0 22.384 9.192 1030.463 1.087
12488500 2011 8 5 12 43200 0.292 294.685 0 19.105 8.389 1077.694 0.919
12488500 2011 8 6 12 43200 0.038 252.920 0 16.243 7.695 1026.681 0.773
12488500 2011 8 7 12 43200 0.065 289.771 0 16.958 7.449 947.249 0.822
12488500 2011 8 8 12 43200 0.000 267.740 0 17.225 7.028 987.582 0.849
12488500 2011 8 9 12 43200 0.076 286.934 0 16.050 6.226 895.791 0.805
12488500 2011 8 10 12 43200 0.004 301.135 0 14.928 4.592 788.615 0.785
13011500 2011 8 1 12 43200 10.330 30.427 0 12.230 10.170 1193.976 0.443
13011500 2011 8 2 12 43200 0.110 333.497 0 21.147 5.219 891.488 1.319
13011500 2011 8 3 12 43200 0.135 310.274 0 20.744 8.108 825.821 1.223
13011500 2011 8 4 12 43200 0.000 285.370 0 21.574 7.324 771.928 1.300
13011500 2011 8 5 12 43200 12.155 317.429 0 21.245 7.815 885.711 1.265
13011500 2011 8 6 12 43200 0.000 326.736 0 22.533 7.454 650.213 1.361
13011500 2011 8 7 12 43200 0.000 325.856 0 22.178 7.746 596.495 1.330
13011500 2011 8 8 12 43200 0.659 331.115 0 20.551 6.621 737.995 1.250
13011500 2011 8 9 12 43200 0.000 332.242 0 21.317 7.377 525.501 1.282
13011500 2011 8 10 12 43200 0.000 331.087 0 22.895 6.907 522.119 1.397
13011900 2011 8 1 12 43200 10.722 61.472 0 12.875 10.335 1194.531 0.500
13011900 2011 8 2 12 43200 0.271 326.246 0 19.906 4.519 846.193 1.256
13011900 2011 8 3 12 43200 0.188 287.224 0 18.938 7.838 769.953 1.109
13011900 2011 8 4 12 43200 0.008 252.213 0 19.920 6.582 753.800 1.211
13011900 2011 8 5 12 43200 12.124 313.848 0 20.387 7.877 826.852 1.207
13011900 2011 8 6 12 43200 0.000 319.429 0 21.494 7.165 618.139 1.300
13011900 2011 8 7 12 43200 0.000 316.283 0 21.204 7.308 556.289 1.277
13011900 2011 8 8 12 43200 0.864 332.014 0 19.491 6.307 686.725 1.189
13011900 2011 8 9 12 43200 0.000 333.289 0 20.372 7.040 492.285 1.229
13011900 2011 8 10 12 43200 0.000 333.799 0 22.079 6.561 484.984 1.352
13018300 2011 8 1 12 43200 14.411 55.018 0 13.141 11.833 1283.629 0.377
13018300 2011 8 2 12 43200 0.029 323.732 0 22.148 6.521 971.570 1.386
13018300 2011 8 3 12 43200 0.771 264.743 0 20.706 9.178 927.784 1.213
13018300 2011 8 4 12 43200 0.086 276.189 0 21.929 7.578 889.875 1.346
13018300 2011 8 5 12 43200 6.428 311.355 0 22.978 9.532 927.567 1.365
13018300 2011 8 6 12 43200 0.000 316.004 0 23.806 8.241 709.156 1.458
13018300 2011 8 7 12 43200 0.000 304.273 0 23.175 8.146 632.082 1.417
13018300 2011 8 8 12 43200 0.186 329.876 0 21.335 7.132 741.830 1.317
13018300 2011 8 9 12 43200 0.000 333.606 0 22.614 7.781 543.339 1.387
13018300 2011 8 10 12 43200 0.000 331.590 0 24.548 8.040 571.029 1.514
13023000 2011 8 1 12 43200 18.409 165.961 0 17.739 12.053 1383.760 0.865
13023000 2011 8 2 12 43200 0.161 327.694 0 23.454 7.169 955.373 1.483
13023000 2011 8 3 12 43200 0.225 209.141 0 21.357 9.774 914.649 1.260
13023000 2011 8 4 12 43200 0.008 287.145 0 22.831 7.966 890.630 1.420
13023000 2011 8 5 12 43200 2.827 330.202 0 24.477 9.432 891.496 1.498
13023000 2011 8 6 12 43200 0.006 332.326 0 24.746 9.828 646.492 1.506
13023000 2011 8 7 12 43200 0.000 312.323 0 24.176 10.026 576.386 1.459
13023000 2011 8 8 12 43200 0.000 327.775 0 22.565 8.937 677.058 1.375
13023000 2011 8 9 12 43200 0.000 332.777 0 24.048 9.176 513.438 1.474
13023000 2011 8 10 12 43200 0.000 332.091 0 25.866 8.948 491.514 1.610
13083000 2011 8 1 12 43200 2.843 191.104 0 25.107 16.430 1263.625 1.331
13083000 2011 8 2 12 43200 0.144 221.846 0 25.946 15.026 1199.301 1.482
13083000 2011 8 3 12 43200 0.051 267.538 0 27.635 14.338 948.312 1.658
13083000 2011 8 4 12 43200 0.271 263.280 0 28.937 17.077 970.101 1.650
13083000 2011 8 5 12 43200 0.000 331.483 0 30.762 13.888 509.756 1.934
13083000 2011 8 6 12 43200 0.000 324.204 0 30.727 12.195 640.987 1.982
13083000 2011 8 7 12 43200 0.000 279.461 0 29.258 12.960 500.144 1.841
13083000 2011 8 8 12 43200 0.000 307.834 0 30.527 12.143 722.967 1.967
13083000 2011 8 9 12 43200 0.000 323.275 0 29.013 16.679 544.945 1.676
13083000 2011 8 10 12 43200 0.000 326.795 0 29.489 16.585 464.296 1.723
13161500 2011 8 1 12 43200 3.568 267.227 0 26.343 15.070 1071.156 1.532
13161500 2011 8 2 12 43200 0.224 249.577 0 23.965 13.464 758.831 1.400
13161500 2011 8 3 12 43200 0.071 286.628 0 26.010 12.452 829.137 1.614
13161500 2011 8 4 12 43200 0.017 314.793 0 27.808 15.372 781.805 1.648
13161500 2011 8 5 12 43200 0.000 336.230 0 27.204 13.034 386.480 1.691
13161500 2011 8 6 12 43200 0.000 335.217 0 27.814 11.830 454.271 1.781
13161500 2011 8 7 12 43200 0.000 323.093 0 27.406 11.835 428.713 1.748
13161500 2011 8 8 12 43200 0.000 329.383 0 27.899 12.012 630.899 1.782
13161500 2011 8 9 12 43200 0.000 332.002 0 26.443 12.561 414.950 1.645
13161500 2011 8 10 12 43200 0.000 328.080 0 27.883 12.965 347.431 1.749
13235000 2011 8 1 12 43200 8.677 221.010 0 22.075 12.888 1154.528 1.131
13235000 2011 8 2 12 43200 1.704 290.588 0 22.509 10.723 976.401 1.249
13235000 2011 8 3 12 43200 0.000 321.108 0 24.610 10.734 786.552 1.398
13235000 2011 8 4 12 43200 9.836 226.856 0 24.550 11.467 856.235 1.371
13235000 2011 8 5 12 43200 4.135 305.335 0 22.665 8.945 923.791 1.314
13235000 2011 8 6 12 43200 0.000 321.772 0 24.404 10.095 677.911 1.402
13235000 2011 8 7 12 43200 0.000 309.211 0 23.061 11.123 711.919 1.275
13235000 2011 8 8 12 43200 0.000 323.560 0 23.844 10.326 721.411 1.356
13235000 2011 8 9 12 43200 0.000 324.382 0 22.026 10.824 708.817 1.210
13235000 2011 8 10 12 43200 0.000 324.850 0 21.413 10.426 613.011 1.180
13240000 2011 8 1 12 43200 28.411 270.091 0 21.505 12.068 1421.007 1.073
13240000 2011 8 2 12 43200 6.151 312.169 0 23.876 10.833 1128.198 1.282
13240000 2011 8 3 12 43200 0.000 330.265 0 25.388 11.139 835.608 1.376
13240000 2011 8 4 12 43200 2.946 268.167 0 26.435 12.027 918.156 1.422
13240000 2011 8 5 12 43200 2.657 309.985 0 22.941 8.569 1008.126 1.283
13240000 2011 8 6 12 43200 0.000 289.130 0 24.936 9.959 791.707 1.378
13240000 2011 8 7 12 43200 0.198 296.833 0 23.111 9.365 973.180 1.273
13240000 2011 8 8 12 43200 0.000 321.021 0 24.441 9.069 827.497 1.368
13240000 2011 8 9 12 43200 0.000 321.518 0 22.563 9.777 734.822 1.226
13240000 2011 8 10 12 43200 0.000 319.294 0 21.314 8.870 672.509 1.169
13310700 2011 8 1 12 43200 12.699 233.307 0 24.160 11.496 1311.913 1.276
13310700 2011 8 2 12 43200 3.218 315.989 0 23.904 10.049 1030.762 1.302
13310700 2011 8 3 12 43200 0.000 331.891 0 25.381 10.542 772.517 1.386
13310700 2011 8 4 12 43200 6.921 250.182 0 24.514 10.763 905.057 1.322
13310700 2011 8 5 12 43200 3.525 294.786 0 22.924 8.133 934.144 1.287
13310700 2011 8 6 12 43200 0.000 289.669 0 24.428 9.649 712.237 1.347
13310700 2011 8 7 12 43200 0.218 281.461 0 22.516 9.467 860.532 1.226
13310700 2011 8 8 12 43200 0.000 322.107 0 24.306 9.247 715.261 1.349
13310700 2011 8 9 12 43200 0.000 323.211 0 22.174 10.033 667.078 1.187
13310700 2011 8 10 12 43200 0.000 322.472 0 21.015 9.344 637.773 1.131
13313000 2011 8 1 12 43200 12.691 222.782 0 24.217 10.476 1262.884 1.312
13313000 2011 8 2 12 43200 4.047 317.623 0 23.258 9.250 986.429 1.282
13313000 2011 8 3 12 43200 0.000 332.580 0 24.493 9.676 742.257 1.352
13313000 2011 8 4 12 43200 11.399 209.626 0 21.235 10.560 913.578 1.107
13313000 2011 8 5 12 43200 10.802 292.837 0 21.875 7.091 919.993 1.247
13313000 2011 8 6 12 43200 0.000 283.954 0 23.490 8.515 692.413 1.316
13313000 2011 8 7 12 43200 0.179 255.069 0 21.459 8.575 803.937 1.184
13313000 2011 8 8 12 43200 0.000 323.644 0 23.255 8.479 695.751 1.302
13313000 2011 8 9 12 43200 0.000 324.219 0 21.394 9.367 654.513 1.157
13313000 2011 8 10 12 43200 0.000 323.791 0 20.082 8.639 627.003 1.093
13331500 2011 8 1 12 43200 0.561 291.566 0 25.371 12.702 1070.847 1.273
13331500 2011 8 2 12 43200 1.207 313.784 0 26.901 12.414 1152.550 1.386
13331500 2011 8 3 12 43200 0.662 324.110 0 27.097 11.363 1047.501 1.427
13331500 2011 8 4 12 43200 1.919 269.527 0 26.035 14.017 1128.666 1.275
13331500 2011 8 5 12 43200 7.944 301.226 0 23.642 10.308 1140.563 1.231
13331500 2011 8 6 12 43200 1.423 262.327 0 24.080 11.494 1076.256 1.225
13331500 2011 8 7 12 43200 4.034 313.327 0 22.605 9.610 1085.648 1.184
13331500 2011 8 8 12 43200 0.000 319.856 0 24.457 8.864 837.061 1.319
13331500 2011 8 9 12 43200 0.000 313.432 0 22.675 8.269 864.419 1.222
13331500 2011 8 10 12 43200 0.000 317.664 0 20.579 7.442 787.752 1.114
13337000 2011 8 1 12 43200 2.571 247.732 0 24.781 11.836 1239.599 1.222
13337000 2011 8 2 12 43200 1.083 290.196 0 26.274 10.604 1202.130 1.349
13337000 2011 8 3 12 43200 0.151 322.090 0 26.382 10.472 1063.892 1.359
13337000 2011 8 4 12 43200 7.347 252.512 0 28.982 11.459 1029.072 1.499
13337000 2011 8 5 12 43200 22.199 287.083 0 23.729 8.606 1149.663 1.240
13337000 2011 8 6 12 43200 0.001 294.308 0 25.306 10.152 980.427 1.300
13337000 2011 8 7 12 43200 4.849 304.128 0 23.975 9.062 1132.668 1.244
13337000 2011 8 8 12 43200 0.036 316.374 0 24.127 8.802 967.987 1.259
13337000 2011 8 9 12 43200 1.424 315.447 0 23.423 7.923 920.161 1.236
13337000 2011 8 10 12 43200 0.000 313.598 0 21.156 7.784 903.788 1.106
13338500 2011 8 1 12 43200 6.019 262.347 0 26.801 13.273 1405.382 1.316
13338500 2011 8 2 12 43200 3.562 276.915 0 27.689 12.298 1288.943 1.402
13338500 2011 8 3 12 43200 0.213 316.687 0 26.775 12.381 1104.284 1.340
13338500 2011 8 4 12 43200 7.560 240.653 0 29.419 12.661 1132.297 1.505
13338500 2011 8 5 12 43200 5.382 296.790 0 24.582 10.100 1286.461 1.261
13338500 2011 8 6 12 43200 0.000 292.937 0 25.936 11.663 1137.962 1.306
13338500 2011 8 7 12 43200 6.731 290.053 0 23.844 10.305 1255.046 1.210
13338500 2011 8 8 12 43200 0.223 312.942 0 24.494 10.100 1058.664 1.256
13338500 2011 8 9 12 43200 0.485 313.613 0 22.537 9.610 971.814 1.147
13338500 2011 8 10 12 43200 0.000 311.445 0 21.420 9.013 950.757 1.095
13340000 2011 8 1 12 43200 5.476 251.634 0 25.176 12.623 1325.541 1.199
13340000 2011 8 2 12 43200 3.764 289.000 0 27.257 11.429 1257.436 1.363
13340000 2011 8 3 12 43200 0.311 320.181 0 26.898 11.256 1067.256 1.345
13340000 2011 8 4 12 43200 7.744 247.489 0 29.300 12.012 1085.689 1.477
13340000 2011 8 5 12 43200 11.095 288.360 0 24.284 9.449 1228.333 1.229
13340000 2011 8 6 12 43200 0.019 292.166 0 25.808 10.791 1061.130 1.289
13340000 2011 8 7 12 43200 6.155 294.350 0 24.186 9.684 1198.895 1.218
13340000 2011 8 8 12 43200 0.114 314.952 0 24.774 9.446 1015.849 1.258
13340000 2011 8 9 12 43200 1.051 314.401 0 23.445 8.812 959.754 1.194
13340000 2011 8 10 12 43200 0.000 312.737 0 21.849 8.451 922.385 1.108
13340600 2011 8 1 12 43200 0.367 279.603 0 25.816 11.676 1049.355 1.239
13340600 2011 8 2 12 43200 1.146 310.511 0 26.651 11.174 1211.264 1.302
13340600 2011 8 3 12 43200 0.735 321.073 0 26.255 10.670 1159.103 1.290
13340600 2011 8 4 12 43200 1.924 246.570 0 29.184 11.841 998.073 1.441
13340600 2011 8 5 12 43200 21.535 281.374 0 23.342 8.955 1213.931 1.158
13340600 2011 8 6 12 43200 0.031 312.707 0 26.023 10.485 1047.001 1.281
13340600 2011 8 7 12 43200 2.594 310.976 0 23.959 9.188 1141.215 1.189
13340600 2011 8 8 12 43200 0.000 315.822 0 24.045 8.565 933.904 1.207
13340600 2011 8 9 12 43200 0.210 315.366 0 22.881 7.880 812.453 1.155
13340600 2011 8 10 12 43200 0.000 311.903 0 20.457 7.527 857.376 1.026
14020000 2011 8 1 12 43200 0.093 319.882 0 27.694 13.656 1175.760 1.394
14020000 2011 8 2 12 43200 8.285 310.801 0 28.258 14.188 1338.888 1.416
14020000 2011 8 3 12 43200 0.749 318.950 0 26.056 13.029 977.871 1.302
14020000 2011 8 4 12 43200 7.899 277.366 0 24.850 15.428 1184.415 1.126
14020000 2011 8 5 12 43200 6.963 278.253 0 25.294 12.812 1330.997 1.257
14020000 2011 8 6 12 43200 4.224 306.977 0 22.667 12.062 1069.846 1.104
14020000 2011 8 7 12 43200 2.682 309.006 0 22.676 10.297 1123.055 1.162
14020000 2011 8 8 12 43200 0.000 315.322 0 24.794 10.534 869.154 1.291
14020000 2011 8 9 12 43200 0.000 310.750 0 22.113 10.112 990.574 1.131
14020000 2011 8 10 12 43200 0.000 316.240 0 20.998 9.079 723.551 1.091
14092750 2011 8 1 12 43200 0.000 331.625 0 28.083 9.784 1141.195 1.604
14092750 2011 8 2 12 43200 0.000 324.750 0 25.678 10.150 1061.596 1.435
14092750 2011 8 3 12 43200 0.000 328.125 0 28.893 8.650 887.101 1.680
14092750 2011 8 4 12 43200 0.000 310.250 0 23.673 9.250 1058.806 1.325
14092750 2011 8 5 12 43200 0.000 311.250 0 22.950 9.975 1102.781 1.257
14092750 2011 8 6 12 43200 0.000 310.125 0 21.150 6.870 1014.073 1.221
14092750 2011 8 7 12 43200 0.000 319.875 0 21.333 7.675 939.586 1.214
14092750 2011 8 8 12 43200 0.000 321.125 0 23.150 6.575 950.660 1.352
14092750 2011 8 9 12 43200 0.000 310.500 0 20.372 7.399 963.148 1.160
14092750 2011 8 10 12 43200 0.000 318.625 0 20.321 3.669 718.846 1.233
14096850 2011 8 1 12 43200 0.000 328.943 0 29.396 11.089 1176.743 1.644
14096850 2011 8 2 12 43200 0.000 320.547 0 27.357 11.865 1022.473 1.487
14096850 2011 8 3 12 43200 0.000 326.298 0 28.133 10.440 904.742 1.575
14096850 2011 8 4 12 43200 0.000 305.785 0 25.032 11.480 1063.503 1.338
14096850 2011 8 5 12 43200 0.000 317.030 0 22.735 9.917 1086.394 1.230
14096850 2011 8 6 12 43200 0.000 312.660 0 22.426 8.650 1038.205 1.244
14096850 2011 8 7 12 43200 0.000 318.767 0 22.293 8.016 958.852 1.252
14096850 2011 8 8 12 43200 0.000 319.267 0 24.238 7.654 964.378 1.383
14096850 2011 8 9 12 43200 0.000 314.374 0 21.211 8.453 972.278 1.171
14096850 2011 8 10 12 43200 0.000 311.873 0 20.461 5.101 730.998 1.202
14137000 2011 8 1 12 43200 0.000 326.432 0 24.566 8.465 1156.834 1.351
14137000 2011 8 2 12 43200 0.000 324.629 0 21.923 9.086 1057.311 1.170
14137000 2011 8 3 12 43200 0.000 324.446 0 24.798 8.366 996.641 1.368
14137000 2011 8 4 12 43200 0.000 284.815 0 20.789 9.289 1139.458 1.091
14137000 2011 8 5 12 43200 0.000 279.420 0 18.439 7.595 1120.306 0.993
14137000 2011 8 6 12 43200 0.018 255.492 0 16.763 9.516 1128.697 0.815
14137000 2011 8 7 12 43200 0.047 297.470 0 17.676 7.955 1023.732 0.934
14137000 2011 8 8 12 43200 0.000 296.517 0 18.612 6.706 1051.530 1.028
14137000 2011 8 9 12 43200 0.009 301.890 0 16.704 7.857 993.760 0.875
14137000 2011 8 10 12 43200 0.000 298.889 0 16.641 3.538 791.449 0.985
14138800 2011 8 1 12 43200 0.000 323.993 0 24.364 8.571 1163.459 1.332
14138800 2011 8 2 12 43200 0.000 323.358 0 22.029 9.567 1074.512 1.160
14138800 2011 8 3 12 43200 0.000 322.396 0 24.530 9.080 1045.719 1.331
14138800 2011 8 4 12 43200 0.000 293.123 0 22.133 10.137 1195.231 1.150
14138800 2011 8 5 12 43200 0.000 249.401 0 18.451 8.331 1165.481 0.968
14138800 2011 8 6 12 43200 0.113 225.838 0 16.671 10.633 1190.218 0.754
14138800 2011 8 7 12 43200 0.057 283.227 0 18.050 8.631 1068.409 0.932
14138800 2011 8 8 12 43200 0.000 259.542 0 18.197 7.445 1112.598 0.979
14138800 2011 8 9 12 43200 0.057 304.912 0 16.663 8.021 1022.533 0.864
14138800 2011 8 10 12 43200 0.000 302.205 0 17.583 4.312 855.143 1.019
14138870 2011 8 1 12 43200 0.000 323.125 0 24.013 8.484 1172.945 1.310
14138870 2011 8 2 12 43200 0.000 323.250 0 21.650 9.350 1099.067 1.140
14138870 2011 8 3 12 43200 0.000 322.125 0 23.800 8.950 1069.751 1.286
14138870 2011 8 4 12 43200 0.000 294.750 0 22.350 10.050 1217.510 1.165
14138870 2011 8 5 12 43200 0.000 232.750 0 18.642 8.375 1187.331 0.977
14138870 2011 8 6 12 43200 0.200 199.750 0 16.150 10.750 1216.123 0.707
14138870 2011 8 7 12 43200 0.100 272.000 0 17.833 8.675 1087.056 0.915
14138870 2011 8 8 12 43200 0.000 243.000 0 17.850 7.662 1141.451 0.949
14138870 2011 8 9 12 43200 0.100 301.875 0 16.350 8.281 1036.060 0.832
14138870 2011 8 10 12 43200 0.000 301.500 0 17.626 4.269 873.320 1.021
14138900 2011 8 1 12 43200 0.000 323.125 0 24.013 8.484 1172.945 1.309
14138900 2011 8 2 12 43200 0.000 323.250 0 21.650 9.350 1099.067 1.139
14138900 2011 8 3 12 43200 0.000 322.125 0 23.800 8.950 1069.751 1.285
14138900 2011 8 4 12 43200 0.000 294.750 0 22.350 10.050 1217.510 1.164
14138900 2011 8 5 12 43200 0.000 232.750 0 18.642 8.375 1187.331 0.976
14138900 2011 8 6 12 43200 0.200 199.750 0 16.150 10.750 1216.123 0.707
14138900 2011 8 7 12 43200 0.100 272.000 0 17.833 8.675 1087.056 0.914
14138900 2011 8 8 12 43200 0.000 243.000 0 17.850 7.662 1141.451 0.949
14138900 2011 8 9 12 43200 0.100 301.875 0 16.350 8.281 1036.060 0.832
14138900 2011 8 10 12 43200 0.000 301.500 0 17.626 4.269 873.320 1.020
14139800 2011 8 1 12 43200 0.000 323.125 0 24.013 8.484 1172.945 1.313
14139800 2011 8 2 12 43200 0.000 323.250 0 21.650 9.350 1099.067 1.142
14139800 2011 8 3 12 43200 0.000 322.125 0 23.800 8.950 1069.751 1.289
14139800 2011 8 4 12 43200 0.000 294.750 0 22.350 10.050 1217.510 1.167
14139800 2011 8 5 12 43200 0.000 232.750 0 18.642 8.375 1187.331 0.979
14139800 2011 8 6 12 43200 0.200 199.750 0 16.150 10.750 1216.123 0.709
14139800 2011 8 7 12 43200 0.100 272.000 0 17.833 8.675 1087.056 0.917
14139800 2011 8 8 12 43200 0.000 243.000 0 17.850 7.662 1141.451 0.951
14139800 2011 8 9 12 43200 0.100 301.875 0 16.350 8.281 1036.060 0.834
14139800 2011 8 10 12 43200 0.000 301.500 0 17.626 4.269 873.320 1.023
14141500 2011 8 1 12 43200 0.000 322.971 0 24.136 8.534 1177.536 1.322
14141500 2011 8 2 12 43200 0.000 322.650 0 21.872 9.436 1107.880 1.156
14141500 2011 8 3 12 43200 0.000 321.833 0 23.936 9.012 1078.044 1.298
14141500 2011 8 4 12 43200 0.000 295.888 0 22.608 10.161 1227.533 1.183
14141500 2011 8 5 12 43200 0.000 230.627 0 18.758 8.547 1195.606 0.983
14141500 2011 8 6 12 43200 0.175 194.212 0 16.224 10.807 1223.218 0.713
14141500 2011 8 7 12 43200 0.100 270.708 0 17.932 8.835 1094.191 0.920
14141500 2011 8 8 12 43200 0.000 238.139 0 17.985 7.847 1150.779 0.956
14141500 2011 8 9 12 43200 0.088 301.598 0 16.522 8.429 1040.481 0.841
14141500 2011 8 10 12 43200 0.000 301.762 0 17.860 4.392 879.883 1.036
14154500 2011 8 1 12 43200 0.000 311.961 0 25.574 11.884 1445.225 1.458
14154500 2011 8 2 12 43200 0.000 318.150 0 23.244 9.131 1223.656 1.374
14154500 2011 8 3 12 43200 0.000 326.983 0 24.255 8.960 1043.042 1.449
14154500 2011 8 4 12 43200 0.004 230.400 0 20.388 9.222 1208.150 1.171
14154500 2011 8 5 12 43200 0.000 283.239 0 20.996 9.894 1239.397 1.191
14154500 2011 8 6 12 43200 0.000 230.283 0 19.249 8.050 1164.216 1.130
14154500 2011 8 7 12 43200 0.000 310.674 0 21.415 8.581 1094.815 1.263
14154500 2011 8 8 12 43200 0.000 320.017 0 22.233 8.014 1122.508 1.335
14154500 2011 8 9 12 43200 0.011 281.859 0 19.823 10.573 1198.629 1.079
14154500 2011 8 10 12 43200 0.000 320.812 0 19.788 5.834 922.134 1.227
14158790 2011 8 1 12 43200 0.000 332.248 0 25.036 9.733 1220.908 1.436
14158790 2011 8 2 12 43200 0.198 328.415 0 22.548 9.773 1154.180 1.265
14158790 2011 8 3 12 43200 0.000 330.305 0 25.652 8.220 882.181 1.512
14158790 2011 8 4 12 43200 0.160 313.480 0 19.963 7.754 1103.179 1.150
14158790 2011 8 5 12 43200 -0.000 305.042 0 20.786 10.236 1143.118 1.127
14158790 2011 8 6 12 43200 0.000 273.762 0 17.621 6.143 1041.927 1.044
14158790 2011 8 7 12 43200 0.010 315.527 0 19.674 7.920 956.560 1.126
14158790 2011 8 8 12 43200 0.000 324.149 0 20.809 6.044 979.870 1.247
14158790 2011 8 9 12 43200 0.001 307.128 0 18.833 8.260 1020.813 1.059
14158790 2011 8 10 12 43200 0.000 324.966 0 18.920 3.379 761.758 1.184
14166500 2011 8 1 12 43200 0.000 321.894 0 27.334 9.824 1286.172 1.615
14166500 2011 8 2 12 43200 0.000 297.423 0 25.677 10.209 1187.393 1.490
14166500 2011 8 3 12 43200 0.000 320.367 0 25.398 8.049 1049.176 1.523
14166500 2011 8 4 12 43200 0.061 249.884 0 22.852 11.174 1357.218 1.260
14166500 2011 8 5 12 43200 0.000 286.299 0 23.138 10.598 1285.688 1.300
14166500 2011 8 6 12 43200 0.000 158.976 0 19.834 10.411 1327.227 1.068
14166500 2011 8 7 12 43200 0.000 303.590 0 23.807 7.691 1156.677 1.425
14166500 2011 8 8 12 43200 0.000 270.521 0 23.284 10.002 1303.557 1.329
14166500 2011 8 9 12 43200 0.000 285.650 0 21.930 9.500 1122.141 1.250
14166500 2011 8 10 12 43200 0.000 311.426 0 22.396 7.044 977.119 1.347
14182500 2011 8 1 12 43200 0.000 326.577 0 23.659 9.654 1292.134 1.311
14182500 2011 8 2 12 43200 0.000 312.451 0 21.261 9.330 1238.926 1.160
14182500 2011 8 3 12 43200 0.000 323.027 0 23.427 8.923 1079.794 1.314
14182500 2011 8 4 12 43200 0.000 274.911 0 21.117 8.371 1196.992 1.179
14182500 2011 8 5 12 43200 0.000 298.019 0 19.860 10.236 1252.366 1.034
14182500 2011 8 6 12 43200 0.000 218.239 0 18.162 7.835 1152.914 1.002
14182500 2011 8 7 12 43200 0.264 301.472 0 19.430 9.366 1115.938 1.036
14182500 2011 8 8 12 43200 0.000 314.801 0 20.035 7.748 1128.092 1.126
14182500 2011 8 9 12 43200 0.000 291.343 0 18.033 9.403 1086.280 0.938
14182500 2011 8 10 12 43200 0.000 307.793 0 18.386 4.430 834.864 1.103
14185000 2011 8 1 12 43200 0.000 327.415 0 24.266 10.352 1354.272 1.362
14185000 2011 8 2 12 43200 0.000 315.747 0 21.488 9.647 1243.845 1.192
14185000 2011 8 3 12 43200 0.000 325.507 0 23.918 9.203 1032.457 1.370
14185000 2011 8 4 12 43200 0.000 274.909 0 20.467 8.371 1180.329 1.162
14185000 2011 8 5 12 43200 -0.000 296.873 0 20.474 10.588 1246.821 1.088
14185000 2011 8 6 12 43200 0.000 198.823 0 17.495 7.883 1152.433 0.979
14185000 2011 8 7 12 43200 0.017 301.773 0 20.125 8.698 1081.323 1.129
14185000 2011 8 8 12 43200 0.000 318.663 0 20.887 7.722 1126.402 1.208
14185000 2011 8 9 12 43200 0.032 294.537 0 18.782 9.215 1124.560 1.020
14185000 2011 8 10 12 43200 0.000 319.502 0 18.928 4.747 850.049 1.155
14185900 2011 8 1 12 43200 0.000 327.515 0 24.046 10.054 1327.314 1.344
14185900 2011 8 2 12 43200 0.001 313.082 0 21.403 9.511 1238.489 1.181
14185900 2011 8 3 12 43200 0.000 324.888 0 23.859 9.109 1052.116 1.357
14185900 2011 8 4 12 43200 0.000 275.326 0 20.702 8.308 1186.815 1.170
14185900 2011 8 5 12 43200 0.000 296.881 0 20.344 10.610 1247.095 1.069
14185900 2011 8 6 12 43200 0.000 206.349 0 17.802 7.631 1147.708 0.999
14185900 2011 8 7 12 43200 0.068 302.631 0 19.893 8.606 1086.956 1.107
14185900 2011 8 8 12 43200 0.000 317.963 0 20.639 7.713 1124.737 1.182
14185900 2011 8 9 12 43200 0.000 294.327 0 18.564 9.176 1110.318 0.998
14185900 2011 8 10 12 43200 0.000 316.574 0 18.772 4.613 840.256 1.138
14187000 2011 8 1 12 43200 0.000 323.387 0 24.422 10.867 1423.197 1.359
14187000 2011 8 2 12 43200 0.000 308.014 0 22.265 9.541 1264.567 1.250
14187000 2011 8 3 12 43200 0.000 323.949 0 23.869 9.445 1080.035 1.361
14187000 2011 8 4 12 43200 0.000 239.108 0 21.104 8.978 1207.495 1.188
14187000 2011 8 5 12 43200 0.000 295.836 0 20.737 10.272 1279.695 1.120
14187000 2011 8 6 12 43200 0.000 165.754 0 17.994 8.970 1207.763 0.975
14187000 2011 8 7 12 43200 0.003 295.579 0 21.038 9.828 1146.337 1.156
14187000 2011 8 8 12 43200 0.000 316.382 0 21.543 8.592 1191.469 1.229
14187000 2011 8 9 12 43200 0.000 290.304 0 19.266 10.223 1183.963 1.016
14187000 2011 8 10 12 43200 0.000 319.589 0 19.635 5.584 905.348 1.181
14216500 2011 8 1 12 43200 0.000 327.777 0 24.382 6.317 949.281 1.327
14216500 2011 8 2 12 43200 0.000 320.345 0 21.754 9.145 1025.390 1.112
14216500 2011 8 3 12 43200 0.000 325.149 0 23.829 8.015 977.249 1.264
14216500 2011 8 4 12 43200 0.000 318.452 0 22.209 8.745 1130.409 1.150
14216500 2011 8 5 12 43200 0.013 188.553 0 17.047 7.920 1116.515 0.859
14216500 2011 8 6 12 43200 0.382 150.803 0 14.426 9.544 1144.197 0.618
14216500 2011 8 7 12 43200 0.236 182.515 0 16.386 8.218 1039.339 0.808
14216500 2011 8 8 12 43200 0.006 202.044 0 16.116 7.491 1081.760 0.816
14216500 2011 8 9 12 43200 0.093 277.734 0 15.502 6.005 923.655 0.825
14216500 2011 8 10 12 43200 0.000 292.127 0 16.175 4.219 822.818 0.907
14222500 2011 8 1 12 43200 0.000 322.134 0 25.401 8.271 1202.134 1.372
14222500 2011 8 2 12 43200 0.000 318.071 0 23.547 9.538 1214.586 1.230
14222500 2011 8 3 12 43200 0.000 319.746 0 25.732 8.895 1145.598 1.379
14222500 2011 8 4 12 43200 0.000 310.130 0 24.900 10.149 1334.554 1.299
14222500 2011 8 5 12 43200 0.006 141.948 0 19.226 9.574 1261.570 0.955
14222500 2011 8 6 12 43200 0.026 121.954 0 16.627 10.748 1289.198 0.728
14222500 2011 8 7 12 43200 0.014 201.319 0 18.644 8.645 1142.813 0.949
14222500 2011 8 8 12 43200 0.016 158.750 0 19.041 8.492 1209.979 0.978
14222500 2011 8 9 12 43200 0.006 297.172 0 18.103 8.575 1065.069 0.917
14222500 2011 8 10 12 43200 0.000 301.372 0 19.822 4.677 939.758 1.114
14236200 2011 8 1 12 43200 0.000 313.748 0 24.416 6.977 1047.375 1.277
14236200 2011 8 2 12 43200 0.000 307.138 0 23.195 9.468 1102.561 1.155
14236200 2011 8 3 12 43200 0.000 321.935 0 23.492 7.978 1046.036 1.206
14236200 2011 8 4 12 43200 0.000 315.586 0 23.478 9.668 1226.365 1.167
14236200 2011 8 5 12 43200 0.005 124.285 0 16.946 8.544 1209.855 0.806
14236200 2011 8 6 12 43200 0.306 98.617 0 15.205 10.022 1231.083 0.630
14236200 2011 8 7 12 43200 0.129 139.731 0 16.751 8.516 1110.624 0.795
14236200 2011 8 8 12 43200 0.243 141.776 0 16.715 8.133 1176.381 0.806
14236200 2011 8 9 12 43200 0.152 232.036 0 16.278 4.670 962.427 0.875
14236200 2011 8 10 12 43200 0.000 239.416 0 17.672 4.762 900.932 0.948
14301000 2011 8 1 12 43200 0.000 327.044 0 25.708 6.146 1050.667 1.437
14301000 2011 8 2 12 43200 0.000 299.509 0 23.617 9.057 1207.773 1.256
14301000 2011 8 3 12 43200 0.000 318.235 0 24.228 7.639 1100.072 1.324
14301000 2011 8 4 12 43200 0.000 307.775 0 23.381 9.751 1313.339 1.223
14301000 2011 8 5 12 43200 0.168 129.078 0 17.862 11.698 1328.003 0.779
14301000 2011 8 6 12 43200 0.297 113.205 0 16.410 9.951 1268.728 0.757
14301000 2011 8 7 12 43200 -0.000 180.887 0 18.221 6.692 1126.306 0.987
14301000 2011 8 8 12 43200 0.556 144.472 0 17.992 10.930 1332.870 0.825
14301000 2011 8 9 12 43200 0.002 204.619 0 17.461 6.490 1017.411 0.947
14301000 2011 8 10 12 43200 0.000 306.693 0 18.717 5.878 947.337 1.036
14303200 2011 8 1 12 43200 0.000 325.375 0 26.083 7.384 1082.392 1.472
14303200 2011 8 2 12 43200 0.000 290.375 0 23.078 10.295 1214.622 1.216
14303200 2011 8 3 12 43200 0.000 320.625 0 25.393 8.092 1037.663 1.417
14303200 2011 8 4 12 43200 0.000 307.250 0 23.273 9.650 1330.600 1.247
14303200 2011 8 5 12 43200 0.000 230.875 0 20.375 10.075 1292.817 1.044
14303200 2011 8 6 12 43200 0.100 128.000 0 17.950 10.677 1290.850 0.852
14303200 2011 8 7 12 43200 -0.000 284.750 0 22.833 6.875 1134.750 1.284
14303200 2011 8 8 12 43200 0.300 170.625 0 18.950 9.675 1318.237 0.962
14303200 2011 8 9 12 43200 0.200 288.375 0 20.272 6.082 1037.154 1.147
14303200 2011 8 10 12 43200 0.000 305.625 0 20.921 5.569 943.371 1.195
14305500 2011 8 1 12 43200 0.000 322.445 0 23.405 7.522 1147.767 1.352
14305500 2011 8 2 12 43200 0.009 293.500 0 21.119 11.118 1222.797 1.094
14305500 2011 8 3 12 43200 0.000 319.911 0 23.140 7.735 1094.420 1.330
14305500 2011 8 4 12 43200 0.000 299.243 0 20.519 10.186 1344.604 1.086
14305500 2011 8 5 12 43200 0.000 292.402 0 21.224 11.296 1335.744 1.095
14305500 2011 8 6 12 43200 0.029 177.131 0 17.422 10.606 1297.807 0.846
14305500 2011 8 7 12 43200 -0.000 299.079 0 21.679 7.011 1139.159 1.254
14305500 2011 8 8 12 43200 0.136 234.568 0 19.448 9.788 1302.236 1.026
14305500 2011 8 9 12 43200 -0.000 302.469 0 19.310 6.863 1067.986 1.108
14305500 2011 8 10 12 43200 0.000 304.059 0 19.736 6.311 993.744 1.149
14306340 2011 8 1 12 43200 0.000 321.828 0 26.832 9.609 1253.874 1.568
14306340 2011 8 2 12 43200 0.001 298.215 0 25.705 9.963 1195.685 1.483
14306340 2011 8 3 12 43200 0.000 320.106 0 25.487 8.105 1045.960 1.511
14306340 2011 8 4 12 43200 0.000 284.932 0 24.169 10.888 1356.493 1.350
14306340 2011 8 5 12 43200 0.000 287.347 0 23.084 10.741 1299.853 1.278
14306340 2011 8 6 12 43200 0.000 157.572 0 19.590 10.569 1333.113 1.033
14306340 2011 8 7 12 43200 0.000 306.332 0 23.722 7.892 1155.827 1.399
14306340 2011 8 8 12 43200 0.000 255.698 0 22.467 10.144 1313.985 1.254
14306340 2011 8 9 12 43200 0.000 292.228 0 21.486 9.009 1107.641 1.221
14306340 2011 8 10 12 43200 0.000 306.073 0 22.315 6.916 977.391 1.330
14306500 2011 8 1 12 43200 0.000 321.099 0 25.135 8.898 1217.567 1.459
14306500 2011 8 2 12 43200 0.005 300.100 0 23.798 10.627 1206.765 1.322
14306500 2011 8 3 12 43200 0.000 319.900 0 24.205 7.767 1065.870 1.423
14306500 2011 8 4 12 43200 0.006 276.397 0 22.259 11.098 1365.297 1.197
14306500 2011 8 5 12 43200 0.000 291.366 0 22.460 11.092 1321.782 1.212
14306500 2011 8 6 12 43200 0.000 174.249 0 18.852 10.539 1316.028 0.972
14306500 2011 8 7 12 43200 0.000 308.103 0 22.816 7.308 1143.164 1.343
14306500 2011 8 8 12 43200 0.017 256.605 0 21.304 9.987 1305.378 1.168
14306500 2011 8 9 12 43200 -0.000 299.392 0 20.274 8.341 1093.562 1.150
14306500 2011 8 10 12 43200 0.000 302.031 0 20.767 6.596 985.808 1.228
14308990 2011 8 1 12 43200 0.000 321.814 0 28.269 11.583 1476.538 1.746
14308990 2011 8 2 12 43200 0.000 326.528 0 25.579 9.634 1266.074 1.598
14308990 2011 8 3 12 43200 0.000 329.482 0 26.486 8.642 1041.820 1.689
14308990 2011 8 4 12 43200 0.000 271.375 0 20.071 9.253 1193.131 1.204
14308990 2011 8 5 12 43200 0.000 306.317 0 22.647 9.168 1233.681 1.397
14308990 2011 8 6 12 43200 0.000 293.486 0 20.551 8.372 1182.081 1.269
14308990 2011 8 7 12 43200 0.000 302.733 0 22.332 7.568 1106.227 1.419
14308990 2011 8 8 12 43200 0.000 322.233 0 23.752 7.776 1077.827 1.514
14308990 2011 8 9 12 43200 0.000 280.775 0 21.274 8.075 1158.143 1.330
14308990 2011 8 10 12 43200 0.000 320.729 0 20.925 6.066 973.358 1.358
14309500 2011 8 1 12 43200 0.000 296.163 0 26.192 10.546 1431.230 1.620
14309500 2011 8 2 12 43200 0.000 329.627 0 24.536 6.689 1041.661 1.594
14309500 2011 8 3 12 43200 0.000 326.951 0 24.925 7.453 963.262 1.605
14309500 2011 8 4 12 43200 0.011 234.999 0 19.141 9.926 1235.187 1.107
14309500 2011 8 5 12 43200 0.000 312.922 0 22.256 7.232 1135.954 1.423
14309500 2011 8 6 12 43200 0.000 258.898 0 20.140 8.771 1217.810 1.227
14309500 2011 8 7 12 43200 0.000 313.428 0 22.303 6.874 1046.022 1.435
14309500 2011 8 8 12 43200 0.000 320.692 0 23.308 8.031 1160.038 1.477
14309500 2011 8 9 12 43200 0.000 309.728 0 21.718 6.546 1088.146 1.403
14309500 2011 8 10 12 43200 0.000 322.431 0 21.514 5.707 934.326 1.408
14316700 2011 8 1 12 43200 0.000 325.817 0 25.719 11.296 1385.822 1.518
14316700 2011 8 2 12 43200 0.009 327.475 0 23.090 9.772 1223.850 1.373
14316700 2011 8 3 12 43200 0.000 328.955 0 24.652 9.185 987.230 1.501
14316700 2011 8 4 12 43200 0.000 265.379 0 19.423 8.553 1157.848 1.149
14316700 2011 8 5 12 43200 0.000 302.647 0 21.286 9.408 1197.577 1.254
14316700 2011 8 6 12 43200 0.000 277.529 0 18.957 7.396 1115.173 1.154
14316700 2011 8 7 12 43200 0.000 319.350 0 21.265 7.945 1028.781 1.297
14316700 2011 8 8 12 43200 0.000 322.538 0 22.210 7.401 1037.243 1.377
14316700 2011 8 9 12 43200 0.000 294.872 0 20.334 10.088 1139.591 1.160
14316700 2011 8 10 12 43200 0.000 322.440 0 20.045 5.507 889.298 1.277
14325000 2011 8 1 12 43200 0.000 305.706 0 25.261 10.241 1395.006 1.552
14325000 2011 8 2 12 43200 0.000 329.104 0 23.762 7.017 1035.258 1.527
14325000 2011 8 3 12 43200 0.000 327.438 0 23.932 8.315 934.940 1.508
14325000 2011 8 4 12 43200 0.098 217.820 0 18.994 10.504 1267.798 1.065
14325000 2011 8 5 12 43200 0.000 310.245 0 21.831 8.133 1164.062 1.363
14325000 2011 8 6 12 43200 0.000 261.877 0 20.010 9.402 1240.271 1.189
14325000 2011 8 7 12 43200 0.000 312.293 0 21.986 6.976 1066.550 1.405
14325000 2011 8 8 12 43200 0.000 320.366 0 22.427 8.546 1187.909 1.394
14325000 2011 8 9 12 43200 0.000 318.542 0 21.053 7.003 1103.075 1.339
14325000 2011 8 10 12 43200 0.000 322.005 0 21.128 6.435 959.514 1.359
14362250 2011 8 1 12 43200 0.000 325.442 0 29.867 12.829 1399.805 1.896
14362250 2011 8 2 12 43200 0.000 325.416 0 28.358 10.971 1205.928 1.830
14362250 2011 8 3 12 43200 0.000 329.526 0 27.677 9.933 1012.539 1.805
14362250 2011 8 4 12 43200 0.000 296.783 0 24.612 9.641 1176.338 1.579
14362250 2011 8 5 12 43200 0.000 296.336 0 25.180 10.087 1193.243 1.609
14362250 2011 8 6 12 43200 0.000 316.961 0 24.258 9.069 1117.837 1.569
14362250 2011 8 7 12 43200 0.000 302.674 0 24.841 8.565 1081.472 1.626
14362250 2011 8 8 12 43200 0.000 322.145 0 26.558 8.719 987.344 1.750
14362250 2011 8 9 12 43200 0.000 271.811 0 24.996 8.872 1150.253 1.629
14362250 2011 8 10 12 43200 0.000 322.268 0 24.057 7.106 939.331 1.603
14400000 2011 8 1 12 43200 0.000 329.549 0 25.870 11.737 1419.779 1.613
14400000 2011 8 2 12 43200 0.000 331.824 0 26.018 9.331 1145.175 1.697
14400000 2011 8 3 12 43200 0.000 330.120 0 26.576 9.706 986.283 1.729
14400000 2011 8 4 12 43200 0.000 292.675 0 23.272 9.381 1253.413 1.487
14400000 2011 8 5 12 43200 0.000 323.122 0 26.731 9.339 1188.047 1.750
14400000 2011 8 6 12 43200 0.000 322.395 0 25.156 9.793 1212.904 1.618
14400000 2011 8 7 12 43200 0.000 323.033 0 26.229 8.219 1109.792 1.739
14400000 2011 8 8 12 43200 0.000 321.810 0 23.819 8.981 1141.846 1.541
14400000 2011 8 9 12 43200 0.000 318.742 0 26.455 8.695 1153.970 1.745
14400000 2011 8 10 12 43200 0.000 324.530 0 25.554 8.740 960.779 1.677
01031500 2011 8 1 12 43200 41.481 239.595 0 28.923 13.277 1578.388 1.537
01031500 2011 8 2 12 43200 15.956 316.781 0 22.698 14.331 1762.808 1.046
01031500 2011 8 3 12 43200 0.000 248.850 0 23.528 11.138 1486.905 1.231
01031500 2011 8 4 12 43200 5.184 266.022 0 26.880 14.472 1761.399 1.353
01031500 2011 8 5 12 43200 13.309 246.605 0 27.729 14.805 1977.147 1.403
01031500 2011 8 6 12 43200 2.643 286.069 0 27.124 17.194 1977.845 1.259
01031500 2011 8 7 12 43200 5.329 282.070 0 26.929 13.055 1666.492 1.404
01031500 2011 8 8 12 43200 13.022 233.672 0 25.798 17.449 2035.734 1.138
01031500 2011 8 9 12 43200 -0.000 325.218 0 24.997 10.006 1204.726 1.360
01031500 2011 8 10 12 43200 0.000 272.937 0 24.135 12.563 1230.346 1.225
01047000 2011 8 1 12 43200 38.431 223.146 0 27.528 13.708 1617.124 1.451
01047000 2011 8 2 12 43200 16.122 321.392 0 22.481 14.012 1746.140 1.063
01047000 2011 8 3 12 43200 0.005 253.817 0 22.059 10.943 1459.987 1.157
01047000 2011 8 4 12 43200 0.297 244.285 0 27.320 13.528 1653.103 1.442
01047000 2011 8 5 12 43200 6.670 260.088 0 28.427 14.719 1867.563 1.482
01047000 2011 8 6 12 43200 4.049 270.047 0 26.797 16.289 1937.015 1.297
01047000 2011 8 7 12 43200 0.845 276.789 0 25.856 13.175 1707.023 1.348
01047000 2011 8 8 12 43200 7.043 269.571 0 25.626 17.361 1982.268 1.148
01047000 2011 8 9 12 43200 0.000 324.854 0 24.646 9.950 1208.729 1.362
01047000 2011 8 10 12 43200 0.000 271.497 0 23.307 12.968 1269.063 1.171
01195100 2011 8 1 12 43200 1.220 310.625 0 29.450 22.502 2256.908 1.417
01195100 2011 8 2 12 43200 0.800 272.375 0 27.654 20.695 2038.340 1.357
01195100 2011 8 3 12 43200 0.000 327.500 0 28.160 20.192 1916.347 1.452
01195100 2011 8 4 12 43200 1.800 308.125 0 26.659 21.858 2304.886 1.130
01195100 2011 8 5 12 43200 -0.000 312.750 0 25.368 20.650 2348.869 1.085
01195100 2011 8 6 12 43200 1.200 308.500 0 27.397 22.277 2631.971 1.183
01195100 2011 8 7 12 43200 0.020 313.500 0 26.833 22.608 2583.645 1.072
01195100 2011 8 8 12 43200 0.000 276.250 0 30.050 23.362 2489.621 1.414
01195100 2011 8 9 12 43200 0.000 324.375 0 27.050 17.999 1659.116 1.485
01195100 2011 8 10 12 43200 0.000 214.750 0 23.682 18.926 1746.918 1.042
01350000 2011 8 1 12 43200 6.384 320.676 0 27.981 15.920 1931.620 1.607
01350000 2011 8 2 12 43200 0.019 270.946 0 27.701 15.337 1709.724 1.609
01350000 2011 8 3 12 43200 0.019 329.192 0 27.356 14.261 1568.075 1.625
01350000 2011 8 4 12 43200 0.605 265.299 0 27.750 16.538 1868.927 1.557
01350000 2011 8 5 12 43200 14.891 295.919 0 26.607 18.576 2292.753 1.334
01350000 2011 8 6 12 43200 0.099 300.622 0 32.167 18.021 2098.073 1.884
01350000 2011 8 7 12 43200 5.655 307.551 0 28.104 17.698 2228.381 1.530
01350000 2011 8 8 12 43200 0.147 244.027 0 22.660 17.138 1900.542 1.029
01350000 2011 8 9 12 43200 0.000 321.614 0 24.115 10.931 1259.086 1.487
01350000 2011 8 10 12 43200 0.020 214.766 0 22.849 12.109 1354.018 1.340
01423000 2011 8 1 12 43200 4.259 325.378 0 25.486 15.432 2030.784 1.421
01423000 2011 8 2 12 43200 1.117 325.822 0 26.263 14.330 1799.224 1.541
01423000 2011 8 3 12 43200 0.290 311.032 0 24.938 13.253 1666.915 1.476
01423000 2011 8 4 12 43200 4.912 285.600 0 26.289 15.600 1983.280 1.485
01423000 2011 8 5 12 43200 10.973 304.713 0 26.183 17.816 2260.743 1.351
01423000 2011 8 6 12 43200 1.176 297.889 0 28.177 17.472 2158.511 1.561
01423000 2011 8 7 12 43200 1.795 301.555 0 28.672 17.320 2173.582 1.614
01423000 2011 8 8 12 43200 0.965 178.556 0 19.951 15.775 1879.018 0.852
01423000 2011 8 9 12 43200 -0.000 316.090 0 23.106 9.557 1406.805 1.466
01423000 2011 8 10 12 43200 0.449 217.036 0 23.106 11.914 1398.352 1.380
06280300 2011 8 1 12 43200 13.325 89.414 0 14.361 10.800 1141.396 0.599
06280300 2011 8 2 12 43200 1.092 319.721 0 18.159 4.997 800.138 1.113
06280300 2011 8 3 12 43200 0.558 275.119 0 17.449 8.155 711.518 0.976
06280300 2011 8 4 12 43200 0.115 233.580 0 18.247 7.280 715.265 1.059
06280300 2011 8 5 12 43200 7.325 313.709 0 19.197 8.002 760.669 1.100
06280300 2011 8 6 12 43200 0.000 314.199 0 20.276 7.667 571.079 1.181
06280300 2011 8 7 12 43200 0.000 294.633 0 20.012 7.935 521.099 1.156
06280300 2011 8 8 12 43200 1.701 331.105 0 18.280 6.677 632.359 1.078
06280300 2011 8 9 12 43200 0.000 333.527 0 19.161 7.429 484.850 1.114
06280300 2011 8 10 12 43200 0.000 334.533 0 20.820 6.904 443.345 1.237
06632400 2011 8 1 12 43200 2.030 308.500 0 24.983 12.984 1160.374 1.533
06632400 2011 8 2 12 43200 0.000 325.125 0 23.478 10.050 1016.930 1.521
06632400 2011 8 3 12 43200 0.000 330.250 0 26.193 11.350 636.286 1.695
06632400 2011 8 4 12 43200 1.500 177.750 0 23.150 11.658 901.903 1.434
06632400 2011 8 5 12 43200 0.800 251.375 0 25.150 11.275 974.115 1.613
06632400 2011 8 6 12 43200 1.300 225.000 0 25.197 12.170 922.329 1.584
06632400 2011 8 7 12 43200 0.200 269.875 0 25.033 12.275 756.295 1.566
06632400 2011 8 8 12 43200 0.000 311.000 0 24.550 11.475 601.572 1.557
06632400 2011 8 9 12 43200 0.000 332.875 0 26.372 11.582 549.973 1.702
06632400 2011 8 10 12 43200 0.000 333.750 0 27.321 12.169 432.542 1.760
09210500 2011 8 1 12 43200 10.611 289.062 0 20.124 13.294 1376.868 1.056
09210500 2011 8 2 12 43200 0.000 338.251 0 23.692 9.266 913.413 1.525
09210500 2011 8 3 12 43200 0.000 229.465 0 22.829 12.214 799.442 1.349
09210500 2011 8 4 12 43200 0.002 305.093 0 24.189 9.416 934.522 1.558
09210500 2011 8 5 12 43200 0.025 332.960 0 25.683 12.483 844.993 1.573
09210500 2011 8 6 12 43200 0.063 335.576 0 25.405 12.339 670.048 1.556
09210500 2011 8 7 12 43200 0.000 323.214 0 24.896 11.871 551.006 1.532
09210500 2011 8 8 12 43200 0.000 331.427 0 23.890 10.851 595.810 1.489
09210500 2011 8 9 12 43200 0.000 333.589 0 25.008 10.627 519.115 1.584
09210500 2011 8 10 12 43200 0.000 333.886 0 27.028 9.992 451.591 1.758
14158500 2011 8 1 12 43200 0.000 331.852 0 25.430 9.541 1210.500 1.465
14158500 2011 8 2 12 43200 0.225 327.963 0 23.044 9.537 1141.711 1.304
14158500 2011 8 3 12 43200 0.000 328.856 0 26.458 8.099 912.727 1.566
14158500 2011 8 4 12 43200 0.015 303.970 0 20.214 7.853 1112.942 1.162
14158500 2011 8 5 12 43200 -0.000 304.030 0 21.098 10.456 1151.784 1.139
14158500 2011 8 6 12 43200 0.000 283.116 0 18.071 6.369 1051.562 1.064
14158500 2011 8 7 12 43200 0.009 313.897 0 19.923 8.059 969.459 1.137
14158500 2011 8 8 12 43200 0.000 322.989 0 21.178 6.275 998.053 1.263
14158500 2011 8 9 12 43200 0.000 307.115 0 18.834 8.233 1013.935 1.059
14158500 2011 8 10 12 43200 0.000 323.081 0 19.070 3.411 757.562 1.190
